kind,label_a,label_b,file_a,file_b
train_val_overlap,Wheat___septoria,Wheat___septoria,C:\ROHIT RAJESH\AgriVeyra\ml\data\merged\val\Wheat___septoria\septoria_18.png,C:\ROHIT RAJESH\AgriVeyra\ml\data\merged\train\Wheat___septoria\septoria_18.png
train_val_overlap,Wheat___leaf_blight,Wheat___leaf_blight,C:\ROHIT RAJESH\AgriVeyra\ml\data\merged\val\Wheat___leaf_blight\leaf_blight_84.png,C:\ROHIT RAJESH\AgriVeyra\ml\data\merged\train\Wheat___leaf_blight\leaf_blight_526.png
train_val_overlap,Wheat___septoria,Wheat___leaf_blight,C:\ROHIT RAJESH\AgriVeyra\ml\data\merged\val\Wheat___septoria\septoria_19.png,C:\ROHIT RAJESH\AgriVeyra\ml\data\merged\train\Wheat___leaf_blight\leaf_blight_640.png
train_val_overlap,Wheat___black_rust,Wheat___black_rust,C:\ROHIT RAJESH\AgriVeyra\ml\data\merged\val\Wheat___black_rust\black_rust_9.png,C:\ROHIT RAJESH\AgriVeyra\ml\data\merged\train\Wheat___black_rust\black_rust_153.png
train_val_overlap,Wheat___aphid,Wheat___aphid,C:\ROHIT RAJESH\AgriVeyra\ml\data\merged\val\Wheat___aphid\aphid_34.png,C:\ROHIT RAJESH\AgriVeyra\ml\data\merged\train\Wheat___aphid\aphid_34.png
train_val_overlap,Wheat___blast,Wheat___blast,C:\ROHIT RAJESH\AgriVeyra\ml\data\merged\val\Wheat___blast\blast_43.png,C:\ROHIT RAJESH\AgriVeyra\ml\data\merged\train\Wheat___blast\blast_43.png
train_val_overlap,Wheat___common_root_rot,Wheat___common_root_rot,C:\ROHIT RAJESH\AgriVeyra\ml\data\merged\val\Wheat___common_root_rot\common_root_rot_153.png,C:\ROHIT RAJESH\AgriVeyra\ml\data\merged\train\Wheat___common_root_rot\common_root_rot_153.png
train_val_overlap,Wheat___common_root_rot,Wheat___common_root_rot,C:\ROHIT RAJESH\AgriVeyra\ml\data\merged\val\Wheat___common_root_rot\common_root_rot_145.png,C:\ROHIT RAJESH\AgriVeyra\ml\data\merged\train\Wheat___common_root_rot\common_root_rot_145.png
train_val_overlap,Wheat___leaf_blight,Wheat___leaf_blight,C:\ROHIT RAJESH\AgriVeyra\ml\data\merged\val\Wheat___leaf_blight\leaf_blight_101.png,C:\ROHIT RAJESH\AgriVeyra\ml\data\merged\train\Wheat___leaf_blight\leaf_blight_101.png
train_val_overlap,Wheat___tan_spot,Wheat___tan_spot,C:\ROHIT RAJESH\AgriVeyra\ml\data\merged\val\Wheat___tan_spot\tan_spot_37.png,C:\ROHIT RAJESH\AgriVeyra\ml\data\merged\train\Wheat___tan_spot\tan_spot_37.png
train_val_overlap,Wheat___common_root_rot,Wheat___common_root_rot,C:\ROHIT RAJESH\AgriVeyra\ml\data\merged\val\Wheat___common_root_rot\common_root_rot_157.png,C:\ROHIT RAJESH\AgriVeyra\ml\data\merged\train\Wheat___common_root_rot\common_root_rot_157.png
train_val_overlap,Wheat___leaf_blight,Wheat___leaf_blight,C:\ROHIT RAJESH\AgriVeyra\ml\data\merged\val\Wheat___leaf_blight\leaf_blight_77.png,C:\ROHIT RAJESH\AgriVeyra\ml\data\merged\train\Wheat___leaf_blight\leaf_blight_77.png
train_val_overlap,Wheat___black_rust,Wheat___black_rust,C:\ROHIT RAJESH\AgriVeyra\ml\data\merged\val\Wheat___black_rust\black_rust_39.png,C:\ROHIT RAJESH\AgriVeyra\ml\data\merged\train\Wheat___black_rust\black_rust_183.png
train_val_overlap,Wheat___blast,Wheat___blast,C:\ROHIT RAJESH\AgriVeyra\ml\data\merged\val\Wheat___blast\blast_26.png,C:\ROHIT RAJESH\AgriVeyra\ml\data\merged\train\Wheat___blast\blast_26.png
train_val_overlap,Wheat___tan_spot,Wheat___tan_spot,C:\ROHIT RAJESH\AgriVeyra\ml\data\merged\val\Wheat___tan_spot\tan_spot_41.png,C:\ROHIT RAJESH\AgriVeyra\ml\data\merged\train\Wheat___tan_spot\tan_spot_41.png
train_val_overlap,Wheat___blast,Wheat___blast,C:\ROHIT RAJESH\AgriVeyra\ml\data\merged\val\Wheat___blast\blast_25.png,C:\ROHIT RAJESH\AgriVeyra\ml\data\merged\train\Wheat___blast\blast_25.png
train_val_overlap,Wheat___smut,Wheat___smut,C:\ROHIT RAJESH\AgriVeyra\ml\data\merged\val\Wheat___smut\smut_test_43.png,C:\ROHIT RAJESH\AgriVeyra\ml\data\merged\train\Wheat___smut\smut_507.png
train_val_overlap,Wheat___tan_spot,Wheat___tan_spot,C:\ROHIT RAJESH\AgriVeyra\ml\data\merged\val\Wheat___tan_spot\tan_spot_12.png,C:\ROHIT RAJESH\AgriVeyra\ml\data\merged\train\Wheat___tan_spot\tan_spot_12.png
train_val_overlap,Wheat___smut,Wheat___smut,C:\ROHIT RAJESH\AgriVeyra\ml\data\merged\val\Wheat___smut\smut_test_37.png,C:\ROHIT RAJESH\AgriVeyra\ml\data\merged\train\Wheat___smut\smut_502.png
train_val_overlap,Wheat___blast,Wheat___blast,C:\ROHIT RAJESH\AgriVeyra\ml\data\merged\val\Wheat___blast\blast_47.png,C:\ROHIT RAJESH\AgriVeyra\ml\data\merged\train\Wheat___blast\blast_47.png
train_val_overlap,Wheat___mite,Wheat___mite,C:\ROHIT RAJESH\AgriVeyra\ml\data\merged\val\Wheat___mite\mite_42.png,C:\ROHIT RAJESH\AgriVeyra\ml\data\merged\train\Wheat___mite\mite_42.png
train_val_overlap,Wheat___aphid,Wheat___aphid,C:\ROHIT RAJESH\AgriVeyra\ml\data\merged\val\Wheat___aphid\aphid_60.png,C:\ROHIT RAJESH\AgriVeyra\ml\data\merged\train\Wheat___aphid\aphid_60.png
train_val_overlap,Wheat___common_root_rot,Wheat___common_root_rot,C:\ROHIT RAJESH\AgriVeyra\ml\data\merged\val\Wheat___common_root_rot\common_root_rot_158.png,C:\ROHIT RAJESH\AgriVeyra\ml\data\merged\train\Wheat___common_root_rot\common_root_rot_158.png
train_val_overlap,Wheat___leaf_blight,Wheat___leaf_blight,C:\ROHIT RAJESH\AgriVeyra\ml\data\merged\val\Wheat___leaf_blight\leaf_blight_80.png,C:\ROHIT RAJESH\AgriVeyra\ml\data\merged\train\Wheat___leaf_blight\leaf_blight_492.png
train_val_overlap,Wheat___septoria,Wheat___septoria,C:\ROHIT RAJESH\AgriVeyra\ml\data\merged\val\Wheat___septoria\septoria_16.png,C:\ROHIT RAJESH\AgriVeyra\ml\data\merged\train\Wheat___septoria\septoria_1061.png
train_val_overlap,Wheat___mite,Wheat___mite,C:\ROHIT RAJESH\AgriVeyra\ml\data\merged\val\Wheat___mite\mite_20.png,C:\ROHIT RAJESH\AgriVeyra\ml\data\merged\train\Wheat___mite\mite_20.png
train_val_overlap,Wheat___black_rust,Wheat___black_rust,C:\ROHIT RAJESH\AgriVeyra\ml\data\merged\val\Wheat___black_rust\black_rust_18.png,C:\ROHIT RAJESH\AgriVeyra\ml\data\merged\train\Wheat___black_rust\black_rust_148.png
train_val_overlap,Wheat___aphid,Wheat___aphid,C:\ROHIT RAJESH\AgriVeyra\ml\data\merged\val\Wheat___aphid\aphid_28.png,C:\ROHIT RAJESH\AgriVeyra\ml\data\merged\train\Wheat___aphid\aphid_106.png
train_val_overlap,Wheat___tan_spot,Wheat___tan_spot,C:\ROHIT RAJESH\AgriVeyra\ml\data\merged\val\Wheat___tan_spot\tan_spot_11.png,C:\ROHIT RAJESH\AgriVeyra\ml\data\merged\train\Wheat___tan_spot\tan_spot_11.png
train_val_overlap,Wheat___septoria,Wheat___septoria,C:\ROHIT RAJESH\AgriVeyra\ml\data\merged\val\Wheat___septoria\septoria_22.png,C:\ROHIT RAJESH\AgriVeyra\ml\data\merged\train\Wheat___septoria\septoria_22.png
train_val_overlap,Wheat___leaf_blight,Wheat___leaf_blight,C:\ROHIT RAJESH\AgriVeyra\ml\data\merged\val\Wheat___leaf_blight\leaf_blight_91.png,C:\ROHIT RAJESH\AgriVeyra\ml\data\merged\train\Wheat___leaf_blight\leaf_blight_91.png
train_val_overlap,Wheat___septoria,Wheat___septoria,C:\ROHIT RAJESH\AgriVeyra\ml\data\merged\val\Wheat___septoria\septoria_17.png,C:\ROHIT RAJESH\AgriVeyra\ml\data\merged\train\Wheat___septoria\septoria_17.png
train_val_overlap,Wheat___blast,Wheat___blast,C:\ROHIT RAJESH\AgriVeyra\ml\data\merged\val\Wheat___blast\blast_3.png,C:\ROHIT RAJESH\AgriVeyra\ml\data\merged\train\Wheat___blast\blast_3.png
train_val_overlap,Wheat___black_rust,Wheat___black_rust,C:\ROHIT RAJESH\AgriVeyra\ml\data\merged\val\Wheat___black_rust\black_rust_46.png,C:\ROHIT RAJESH\AgriVeyra\ml\data\merged\train\Wheat___black_rust\black_rust_46.png
train_val_overlap,Wheat___aphid,Wheat___aphid,C:\ROHIT RAJESH\AgriVeyra\ml\data\merged\val\Wheat___aphid\aphid_30.png,C:\ROHIT RAJESH\AgriVeyra\ml\data\merged\train\Wheat___aphid\aphid_30.png
train_val_overlap,Wheat___smut,Wheat___smut,C:\ROHIT RAJESH\AgriVeyra\ml\data\merged\val\Wheat___smut\smut_test_6.png,C:\ROHIT RAJESH\AgriVeyra\ml\data\merged\train\Wheat___smut\smut_314.png
train_val_overlap,Wheat___aphid,Wheat___aphid,C:\ROHIT RAJESH\AgriVeyra\ml\data\merged\val\Wheat___aphid\aphid_35.png,C:\ROHIT RAJESH\AgriVeyra\ml\data\merged\train\Wheat___aphid\aphid_35.png
train_val_overlap,Wheat___stem_fly,Wheat___stem_fly,C:\ROHIT RAJESH\AgriVeyra\ml\data\merged\val\Wheat___stem_fly\stem_fly_16.png,C:\ROHIT RAJESH\AgriVeyra\ml\data\merged\train\Wheat___stem_fly\stem_fly_16.png
train_val_overlap,Wheat___mite,Wheat___mite,C:\ROHIT RAJESH\AgriVeyra\ml\data\merged\val\Wheat___mite\mite_33.png,C:\ROHIT RAJESH\AgriVeyra\ml\data\merged\train\Wheat___mite\mite_33.png
train_val_overlap,Wheat___leaf_blight,Wheat___leaf_blight,C:\ROHIT RAJESH\AgriVeyra\ml\data\merged\val\Wheat___leaf_blight\leaf_blight_94.png,C:\ROHIT RAJESH\AgriVeyra\ml\data\merged\train\Wheat___leaf_blight\leaf_blight_94.png
train_val_overlap,Wheat___tan_spot,Wheat___tan_spot,C:\ROHIT RAJESH\AgriVeyra\ml\data\merged\val\Wheat___tan_spot\tan_spot_47.png,C:\ROHIT RAJESH\AgriVeyra\ml\data\merged\train\Wheat___tan_spot\tan_spot_47.png
train_val_overlap,Wheat___stem_fly,Wheat___stem_fly,C:\ROHIT RAJESH\AgriVeyra\ml\data\merged\val\Wheat___stem_fly\stem_fly_24.png,C:\ROHIT RAJESH\AgriVeyra\ml\data\merged\train\Wheat___stem_fly\stem_fly_24.png
train_val_overlap,Wheat___septoria,Wheat___septoria,C:\ROHIT RAJESH\AgriVeyra\ml\data\merged\val\Wheat___septoria\septoria_8.png,C:\ROHIT RAJESH\AgriVeyra\ml\data\merged\train\Wheat___septoria\septoria_262.png
train_val_overlap,Wheat___tan_spot,Wheat___tan_spot,C:\ROHIT RAJESH\AgriVeyra\ml\data\merged\val\Wheat___tan_spot\tan_spot_55.png,C:\ROHIT RAJESH\AgriVeyra\ml\data\merged\train\Wheat___tan_spot\tan_spot_55.png
train_val_overlap,Wheat___mite,Wheat___mite,C:\ROHIT RAJESH\AgriVeyra\ml\data\merged\val\Wheat___mite\mite_67.png,C:\ROHIT RAJESH\AgriVeyra\ml\data\merged\train\Wheat___mite\mite_67.png
train_val_overlap,Wheat___common_root_rot,Wheat___common_root_rot,C:\ROHIT RAJESH\AgriVeyra\ml\data\merged\val\Wheat___common_root_rot\common_root_rot_167.png,C:\ROHIT RAJESH\AgriVeyra\ml\data\merged\train\Wheat___common_root_rot\common_root_rot_167.png
train_val_overlap,Wheat___leaf_blight,Wheat___leaf_blight,C:\ROHIT RAJESH\AgriVeyra\ml\data\merged\val\Wheat___leaf_blight\leaf_blight_115.png,C:\ROHIT RAJESH\AgriVeyra\ml\data\merged\train\Wheat___leaf_blight\leaf_blight_115.png
train_val_overlap,Wheat___aphid,Wheat___aphid,C:\ROHIT RAJESH\AgriVeyra\ml\data\merged\val\Wheat___aphid\aphid_31.png,C:\ROHIT RAJESH\AgriVeyra\ml\data\merged\train\Wheat___aphid\aphid_31.png
train_val_overlap,Wheat___septoria,Wheat___septoria,C:\ROHIT RAJESH\AgriVeyra\ml\data\merged\val\Wheat___septoria\septoria_27.png,C:\ROHIT RAJESH\AgriVeyra\ml\data\merged\train\Wheat___septoria\septoria_27.png
train_val_overlap,Wheat___smut,Wheat___smut,C:\ROHIT RAJESH\AgriVeyra\ml\data\merged\val\Wheat___smut\smut_test_5.png,C:\ROHIT RAJESH\AgriVeyra\ml\data\merged\train\Wheat___smut\smut_287.png
train_val_overlap,Wheat___mite,Wheat___mite,C:\ROHIT RAJESH\AgriVeyra\ml\data\merged\val\Wheat___mite\mite_62.png,C:\ROHIT RAJESH\AgriVeyra\ml\data\merged\train\Wheat___mite\mite_62.png
train_val_overlap,Wheat___common_root_rot,Wheat___common_root_rot,C:\ROHIT RAJESH\AgriVeyra\ml\data\merged\val\Wheat___common_root_rot\common_root_rot_123.png,C:\ROHIT RAJESH\AgriVeyra\ml\data\merged\train\Wheat___common_root_rot\common_root_rot_123.png
train_val_overlap,Wheat___tan_spot,Wheat___tan_spot,C:\ROHIT RAJESH\AgriVeyra\ml\data\merged\val\Wheat___tan_spot\tan_spot_36.png,C:\ROHIT RAJESH\AgriVeyra\ml\data\merged\train\Wheat___tan_spot\tan_spot_36.png
train_val_overlap,Wheat___black_rust,Wheat___black_rust,C:\ROHIT RAJESH\AgriVeyra\ml\data\merged\val\Wheat___black_rust\black_rust_40.png,C:\ROHIT RAJESH\AgriVeyra\ml\data\merged\train\Wheat___black_rust\black_rust_40.png
train_val_overlap,Wheat___leaf_blight,Wheat___leaf_blight,C:\ROHIT RAJESH\AgriVeyra\ml\data\merged\val\Wheat___leaf_blight\leaf_blight_76.png,C:\ROHIT RAJESH\AgriVeyra\ml\data\merged\train\Wheat___leaf_blight\leaf_blight_76.png
train_val_overlap,Wheat___tan_spot,Wheat___tan_spot,C:\ROHIT RAJESH\AgriVeyra\ml\data\merged\val\Wheat___tan_spot\tan_spot_21.png,C:\ROHIT RAJESH\AgriVeyra\ml\data\merged\train\Wheat___tan_spot\tan_spot_21.png
train_val_overlap,Wheat___smut,Wheat___smut,C:\ROHIT RAJESH\AgriVeyra\ml\data\merged\val\Wheat___smut\smut_test_12.png,C:\ROHIT RAJESH\AgriVeyra\ml\data\merged\train\Wheat___smut\smut_434.png
train_val_overlap,Wheat___tan_spot,Wheat___leaf_blight,C:\ROHIT RAJESH\AgriVeyra\ml\data\merged\val\Wheat___tan_spot\tan_spot_51.png,C:\ROHIT RAJESH\AgriVeyra\ml\data\merged\train\Wheat___leaf_blight\leaf_blight_294.png
train_val_overlap,Wheat___common_root_rot,Wheat___common_root_rot,C:\ROHIT RAJESH\AgriVeyra\ml\data\merged\val\Wheat___common_root_rot\common_root_rot_124.png,C:\ROHIT RAJESH\AgriVeyra\ml\data\merged\train\Wheat___common_root_rot\common_root_rot_124.png
train_val_overlap,Wheat___tan_spot,Wheat___tan_spot,C:\ROHIT RAJESH\AgriVeyra\ml\data\merged\val\Wheat___tan_spot\tan_spot_20.png,C:\ROHIT RAJESH\AgriVeyra\ml\data\merged\train\Wheat___tan_spot\tan_spot_20.png
train_val_overlap,Wheat___tan_spot,Wheat___tan_spot,C:\ROHIT RAJESH\AgriVeyra\ml\data\merged\val\Wheat___tan_spot\tan_spot_17.png,C:\ROHIT RAJESH\AgriVeyra\ml\data\merged\train\Wheat___tan_spot\tan_spot_17.png
train_val_overlap,Wheat___common_root_rot,Wheat___common_root_rot,C:\ROHIT RAJESH\AgriVeyra\ml\data\merged\val\Wheat___common_root_rot\common_root_rot_159.png,C:\ROHIT RAJESH\AgriVeyra\ml\data\merged\train\Wheat___common_root_rot\common_root_rot_159.png
train_val_overlap,Wheat___leaf_blight,Wheat___leaf_blight,C:\ROHIT RAJESH\AgriVeyra\ml\data\merged\val\Wheat___leaf_blight\leaf_blight_93.png,C:\ROHIT RAJESH\AgriVeyra\ml\data\merged\train\Wheat___leaf_blight\leaf_blight_424.png
train_val_overlap,Wheat___smut,Wheat___smut,C:\ROHIT RAJESH\AgriVeyra\ml\data\merged\val\Wheat___smut\smut_test_15.png,C:\ROHIT RAJESH\AgriVeyra\ml\data\merged\train\Wheat___smut\smut_578.png
train_val_overlap,Wheat___aphid,Wheat___aphid,C:\ROHIT RAJESH\AgriVeyra\ml\data\merged\val\Wheat___aphid\aphid_49.png,C:\ROHIT RAJESH\AgriVeyra\ml\data\merged\train\Wheat___aphid\aphid_49.png
train_val_overlap,Wheat___stem_fly,Wheat___stem_fly,C:\ROHIT RAJESH\AgriVeyra\ml\data\merged\val\Wheat___stem_fly\stem_fly_20.png,C:\ROHIT RAJESH\AgriVeyra\ml\data\merged\train\Wheat___stem_fly\stem_fly_20.png
train_val_overlap,Wheat___septoria,Wheat___leaf_blight,C:\ROHIT RAJESH\AgriVeyra\ml\data\merged\val\Wheat___septoria\septoria_40.png,C:\ROHIT RAJESH\AgriVeyra\ml\data\merged\train\Wheat___leaf_blight\leaf_blight_658.png
train_val_overlap,Wheat___aphid,Wheat___aphid,C:\ROHIT RAJESH\AgriVeyra\ml\data\merged\val\Wheat___aphid\aphid_56.png,C:\ROHIT RAJESH\AgriVeyra\ml\data\merged\train\Wheat___aphid\aphid_56.png
train_val_overlap,Wheat___mite,Wheat___mite,C:\ROHIT RAJESH\AgriVeyra\ml\data\merged\val\Wheat___mite\mite_55.png,C:\ROHIT RAJESH\AgriVeyra\ml\data\merged\train\Wheat___mite\mite_55.png
train_val_overlap,Wheat___smut,Wheat___smut,C:\ROHIT RAJESH\AgriVeyra\ml\data\merged\val\Wheat___smut\smut_test_33.png,C:\ROHIT RAJESH\AgriVeyra\ml\data\merged\train\Wheat___smut\smut_224.png
train_val_overlap,Wheat___mite,Wheat___mite,C:\ROHIT RAJESH\AgriVeyra\ml\data\merged\val\Wheat___mite\mite_40.png,C:\ROHIT RAJESH\AgriVeyra\ml\data\merged\train\Wheat___mite\mite_40.png
train_val_overlap,Wheat___tan_spot,Wheat___tan_spot,C:\ROHIT RAJESH\AgriVeyra\ml\data\merged\val\Wheat___tan_spot\tan_spot_13.png,C:\ROHIT RAJESH\AgriVeyra\ml\data\merged\train\Wheat___tan_spot\tan_spot_13.png
train_val_overlap,Wheat___tan_spot,Wheat___tan_spot,C:\ROHIT RAJESH\AgriVeyra\ml\data\merged\val\Wheat___tan_spot\tan_spot_56.png,C:\ROHIT RAJESH\AgriVeyra\ml\data\merged\train\Wheat___tan_spot\tan_spot_56.png
train_val_overlap,Wheat___stem_fly,Wheat___stem_fly,C:\ROHIT RAJESH\AgriVeyra\ml\data\merged\val\Wheat___stem_fly\stem_fly_41.png,C:\ROHIT RAJESH\AgriVeyra\ml\data\merged\train\Wheat___stem_fly\stem_fly_41.png
train_val_overlap,Wheat___aphid,Wheat___aphid,C:\ROHIT RAJESH\AgriVeyra\ml\data\merged\val\Wheat___aphid\aphid_45.png,C:\ROHIT RAJESH\AgriVeyra\ml\data\merged\train\Wheat___aphid\aphid_45.png
train_val_overlap,Wheat___septoria,Wheat___septoria,C:\ROHIT RAJESH\AgriVeyra\ml\data\merged\val\Wheat___septoria\septoria_1.png,C:\ROHIT RAJESH\AgriVeyra\ml\data\merged\train\Wheat___septoria\septoria_1.png
train_val_overlap,Wheat___common_root_rot,Wheat___common_root_rot,C:\ROHIT RAJESH\AgriVeyra\ml\data\merged\val\Wheat___common_root_rot\common_root_rot_165.png,C:\ROHIT RAJESH\AgriVeyra\ml\data\merged\train\Wheat___common_root_rot\common_root_rot_165.png
train_val_overlap,Wheat___common_root_rot,Wheat___common_root_rot,C:\ROHIT RAJESH\AgriVeyra\ml\data\merged\val\Wheat___common_root_rot\common_root_rot_144.png,C:\ROHIT RAJESH\AgriVeyra\ml\data\merged\train\Wheat___common_root_rot\common_root_rot_144.png
train_val_overlap,Wheat___blast,Wheat___blast,C:\ROHIT RAJESH\AgriVeyra\ml\data\merged\val\Wheat___blast\blast_23.png,C:\ROHIT RAJESH\AgriVeyra\ml\data\merged\train\Wheat___blast\blast_23.png
train_val_overlap,Wheat___mite,Wheat___mite,C:\ROHIT RAJESH\AgriVeyra\ml\data\merged\val\Wheat___mite\mite_48.png,C:\ROHIT RAJESH\AgriVeyra\ml\data\merged\train\Wheat___mite\mite_48.png
train_val_overlap,Wheat___leaf_blight,Wheat___leaf_blight,C:\ROHIT RAJESH\AgriVeyra\ml\data\merged\val\Wheat___leaf_blight\leaf_blight_78.png,C:\ROHIT RAJESH\AgriVeyra\ml\data\merged\train\Wheat___leaf_blight\leaf_blight_78.png
train_val_overlap,Wheat___stem_fly,Wheat___stem_fly,C:\ROHIT RAJESH\AgriVeyra\ml\data\merged\val\Wheat___stem_fly\stem_fly_29.png,C:\ROHIT RAJESH\AgriVeyra\ml\data\merged\train\Wheat___stem_fly\stem_fly_29.png
train_val_overlap,Wheat___mite,Wheat___mite,C:\ROHIT RAJESH\AgriVeyra\ml\data\merged\val\Wheat___mite\mite_53.png,C:\ROHIT RAJESH\AgriVeyra\ml\data\merged\train\Wheat___mite\mite_53.png
train_val_overlap,Wheat___blast,Wheat___blast,C:\ROHIT RAJESH\AgriVeyra\ml\data\merged\val\Wheat___blast\blast_22.png,C:\ROHIT RAJESH\AgriVeyra\ml\data\merged\train\Wheat___blast\blast_22.png
train_val_overlap,Wheat___smut,Wheat___smut,C:\ROHIT RAJESH\AgriVeyra\ml\data\merged\val\Wheat___smut\smut_test_11.png,C:\ROHIT RAJESH\AgriVeyra\ml\data\merged\train\Wheat___smut\smut_1088.png
train_val_overlap,Wheat___tan_spot,Wheat___tan_spot,C:\ROHIT RAJESH\AgriVeyra\ml\data\merged\val\Wheat___tan_spot\tan_spot_35.png,C:\ROHIT RAJESH\AgriVeyra\ml\data\merged\train\Wheat___tan_spot\tan_spot_35.png
train_val_overlap,Wheat___black_rust,Wheat___black_rust,C:\ROHIT RAJESH\AgriVeyra\ml\data\merged\val\Wheat___black_rust\black_rust_31.png,C:\ROHIT RAJESH\AgriVeyra\ml\data\merged\train\Wheat___black_rust\black_rust_175.png
train_val_overlap,Wheat___septoria,Wheat___septoria,C:\ROHIT RAJESH\AgriVeyra\ml\data\merged\val\Wheat___septoria\septoria_6.png,C:\ROHIT RAJESH\AgriVeyra\ml\data\merged\train\Wheat___septoria\septoria_260.png
train_val_overlap,Wheat___common_root_rot,Wheat___common_root_rot,C:\ROHIT RAJESH\AgriVeyra\ml\data\merged\val\Wheat___common_root_rot\common_root_rot_141.png,C:\ROHIT RAJESH\AgriVeyra\ml\data\merged\train\Wheat___common_root_rot\common_root_rot_141.png
train_val_overlap,Wheat___common_root_rot,Wheat___common_root_rot,C:\ROHIT RAJESH\AgriVeyra\ml\data\merged\val\Wheat___common_root_rot\common_root_rot_148.png,C:\ROHIT RAJESH\AgriVeyra\ml\data\merged\train\Wheat___common_root_rot\common_root_rot_148.png
train_val_overlap,Wheat___aphid,Wheat___aphid,C:\ROHIT RAJESH\AgriVeyra\ml\data\merged\val\Wheat___aphid\aphid_46.png,C:\ROHIT RAJESH\AgriVeyra\ml\data\merged\train\Wheat___aphid\aphid_46.png
train_val_overlap,Wheat___smut,Wheat___smut,C:\ROHIT RAJESH\AgriVeyra\ml\data\merged\val\Wheat___smut\smut_test_0.png,C:\ROHIT RAJESH\AgriVeyra\ml\data\merged\train\Wheat___smut\smut_509.png
train_val_overlap,Wheat___smut,Wheat___smut,C:\ROHIT RAJESH\AgriVeyra\ml\data\merged\val\Wheat___smut\smut_test_30.png,C:\ROHIT RAJESH\AgriVeyra\ml\data\merged\train\Wheat___smut\smut_402.png
train_val_overlap,Wheat___smut,Wheat___smut,C:\ROHIT RAJESH\AgriVeyra\ml\data\merged\val\Wheat___smut\smut_test_2.png,C:\ROHIT RAJESH\AgriVeyra\ml\data\merged\train\Wheat___smut\smut_525.png
train_val_overlap,Wheat___leaf_blight,Wheat___leaf_blight,C:\ROHIT RAJESH\AgriVeyra\ml\data\merged\val\Wheat___leaf_blight\leaf_blight_109.png,C:\ROHIT RAJESH\AgriVeyra\ml\data\merged\train\Wheat___leaf_blight\leaf_blight_109.png
train_val_overlap,Wheat___mite,Wheat___mite,C:\ROHIT RAJESH\AgriVeyra\ml\data\merged\val\Wheat___mite\mite_38.png,C:\ROHIT RAJESH\AgriVeyra\ml\data\merged\train\Wheat___mite\mite_38.png
train_val_overlap,Wheat___leaf_blight,Wheat___leaf_blight,C:\ROHIT RAJESH\AgriVeyra\ml\data\merged\val\Wheat___leaf_blight\leaf_blight_99.png,C:\ROHIT RAJESH\AgriVeyra\ml\data\merged\train\Wheat___leaf_blight\leaf_blight_99.png
train_val_overlap,Wheat___common_root_rot,Wheat___common_root_rot,C:\ROHIT RAJESH\AgriVeyra\ml\data\merged\val\Wheat___common_root_rot\common_root_rot_134.png,C:\ROHIT RAJESH\AgriVeyra\ml\data\merged\train\Wheat___common_root_rot\common_root_rot_134.png
train_val_overlap,Wheat___black_rust,Wheat___black_rust,C:\ROHIT RAJESH\AgriVeyra\ml\data\merged\val\Wheat___black_rust\black_rust_32.png,C:\ROHIT RAJESH\AgriVeyra\ml\data\merged\train\Wheat___black_rust\black_rust_176.png
train_val_overlap,Wheat___septoria,Wheat___septoria,C:\ROHIT RAJESH\AgriVeyra\ml\data\merged\val\Wheat___septoria\septoria_47.png,C:\ROHIT RAJESH\AgriVeyra\ml\data\merged\train\Wheat___septoria\septoria_162.png
train_val_overlap,Wheat___black_rust,Wheat___black_rust,C:\ROHIT RAJESH\AgriVeyra\ml\data\merged\val\Wheat___black_rust\black_rust_8.png,C:\ROHIT RAJESH\AgriVeyra\ml\data\merged\train\Wheat___black_rust\black_rust_152.png
train_val_overlap,Wheat___septoria,Wheat___septoria,C:\ROHIT RAJESH\AgriVeyra\ml\data\merged\val\Wheat___septoria\septoria_15.png,C:\ROHIT RAJESH\AgriVeyra\ml\data\merged\train\Wheat___septoria\septoria_15.png
train_val_overlap,Wheat___black_rust,Wheat___black_rust,C:\ROHIT RAJESH\AgriVeyra\ml\data\merged\val\Wheat___black_rust\black_rust_7.png,C:\ROHIT RAJESH\AgriVeyra\ml\data\merged\train\Wheat___black_rust\black_rust_151.png
train_val_overlap,Wheat___leaf_blight,Wheat___leaf_blight,C:\ROHIT RAJESH\AgriVeyra\ml\data\merged\val\Wheat___leaf_blight\leaf_blight_75.png,C:\ROHIT RAJESH\AgriVeyra\ml\data\merged\train\Wheat___leaf_blight\leaf_blight_601.png
train_val_overlap,Wheat___aphid,Wheat___aphid,C:\ROHIT RAJESH\AgriVeyra\ml\data\merged\val\Wheat___aphid\aphid_37.png,C:\ROHIT RAJESH\AgriVeyra\ml\data\merged\train\Wheat___aphid\aphid_37.png
train_val_overlap,Wheat___blast,Wheat___blast,C:\ROHIT RAJESH\AgriVeyra\ml\data\merged\val\Wheat___blast\blast_13.png,C:\ROHIT RAJESH\AgriVeyra\ml\data\merged\train\Wheat___blast\blast_13.png
train_val_overlap,Wheat___common_root_rot,Wheat___common_root_rot,C:\ROHIT RAJESH\AgriVeyra\ml\data\merged\val\Wheat___common_root_rot\common_root_rot_119.png,C:\ROHIT RAJESH\AgriVeyra\ml\data\merged\train\Wheat___common_root_rot\common_root_rot_119.png
train_val_overlap,Wheat___blast,Wheat___blast,C:\ROHIT RAJESH\AgriVeyra\ml\data\merged\val\Wheat___blast\blast_12.png,C:\ROHIT RAJESH\AgriVeyra\ml\data\merged\train\Wheat___blast\blast_12.png
train_val_overlap,Wheat___blast,Wheat___blast,C:\ROHIT RAJESH\AgriVeyra\ml\data\merged\val\Wheat___blast\blast_8.png,C:\ROHIT RAJESH\AgriVeyra\ml\data\merged\train\Wheat___blast\blast_8.png
train_val_overlap,Wheat___black_rust,Wheat___black_rust,C:\ROHIT RAJESH\AgriVeyra\ml\data\merged\val\Wheat___black_rust\black_rust_21.png,C:\ROHIT RAJESH\AgriVeyra\ml\data\merged\train\Wheat___black_rust\black_rust_165.png
train_val_overlap,Wheat___stem_fly,Wheat___stem_fly,C:\ROHIT RAJESH\AgriVeyra\ml\data\merged\val\Wheat___stem_fly\stem_fly_48.png,C:\ROHIT RAJESH\AgriVeyra\ml\data\merged\train\Wheat___stem_fly\stem_fly_173.png
train_val_overlap,Wheat___black_rust,Wheat___black_rust,C:\ROHIT RAJESH\AgriVeyra\ml\data\merged\val\Wheat___black_rust\black_rust_38.png,C:\ROHIT RAJESH\AgriVeyra\ml\data\merged\train\Wheat___black_rust\black_rust_182.png
train_val_overlap,Wheat___tan_spot,Wheat___tan_spot,C:\ROHIT RAJESH\AgriVeyra\ml\data\merged\val\Wheat___tan_spot\tan_spot_46.png,C:\ROHIT RAJESH\AgriVeyra\ml\data\merged\train\Wheat___tan_spot\tan_spot_46.png
train_val_overlap,Wheat___blast,Wheat___blast,C:\ROHIT RAJESH\AgriVeyra\ml\data\merged\val\Wheat___blast\blast_28.png,C:\ROHIT RAJESH\AgriVeyra\ml\data\merged\train\Wheat___blast\blast_28.png
train_val_overlap,Wheat___black_rust,Wheat___black_rust,C:\ROHIT RAJESH\AgriVeyra\ml\data\merged\val\Wheat___black_rust\black_rust_1.png,C:\ROHIT RAJESH\AgriVeyra\ml\data\merged\train\Wheat___black_rust\black_rust_1.png
train_val_overlap,Wheat___blast,Wheat___blast,C:\ROHIT RAJESH\AgriVeyra\ml\data\merged\val\Wheat___blast\blast_46.png,C:\ROHIT RAJESH\AgriVeyra\ml\data\merged\train\Wheat___blast\blast_46.png
train_val_overlap,Wheat___common_root_rot,Wheat___common_root_rot,C:\ROHIT RAJESH\AgriVeyra\ml\data\merged\val\Wheat___common_root_rot\common_root_rot_126.png,C:\ROHIT RAJESH\AgriVeyra\ml\data\merged\train\Wheat___common_root_rot\common_root_rot_126.png
train_val_overlap,Wheat___stem_fly,Wheat___stem_fly,C:\ROHIT RAJESH\AgriVeyra\ml\data\merged\val\Wheat___stem_fly\stem_fly_38.png,C:\ROHIT RAJESH\AgriVeyra\ml\data\merged\train\Wheat___stem_fly\stem_fly_38.png
train_val_overlap,Wheat___blast,Wheat___blast,C:\ROHIT RAJESH\AgriVeyra\ml\data\merged\val\Wheat___blast\blast_4.png,C:\ROHIT RAJESH\AgriVeyra\ml\data\merged\train\Wheat___blast\blast_4.png
train_val_overlap,Wheat___blast,Wheat___blast,C:\ROHIT RAJESH\AgriVeyra\ml\data\merged\val\Wheat___blast\blast_44.png,C:\ROHIT RAJESH\AgriVeyra\ml\data\merged\train\Wheat___blast\blast_44.png
train_val_overlap,Wheat___septoria,Wheat___leaf_blight,C:\ROHIT RAJESH\AgriVeyra\ml\data\merged\val\Wheat___septoria\septoria_49.png,C:\ROHIT RAJESH\AgriVeyra\ml\data\merged\train\Wheat___leaf_blight\leaf_blight_642.png
train_val_overlap,Wheat___blast,Wheat___blast,C:\ROHIT RAJESH\AgriVeyra\ml\data\merged\val\Wheat___blast\blast_24.png,C:\ROHIT RAJESH\AgriVeyra\ml\data\merged\train\Wheat___blast\blast_24.png
train_val_overlap,Wheat___stem_fly,Wheat___stem_fly,C:\ROHIT RAJESH\AgriVeyra\ml\data\merged\val\Wheat___stem_fly\stem_fly_36.png,C:\ROHIT RAJESH\AgriVeyra\ml\data\merged\train\Wheat___stem_fly\stem_fly_36.png
train_val_overlap,Wheat___common_root_rot,Wheat___common_root_rot,C:\ROHIT RAJESH\AgriVeyra\ml\data\merged\val\Wheat___common_root_rot\common_root_rot_137.png,C:\ROHIT RAJESH\AgriVeyra\ml\data\merged\train\Wheat___common_root_rot\common_root_rot_137.png
train_val_overlap,Wheat___black_rust,Wheat___black_rust,C:\ROHIT RAJESH\AgriVeyra\ml\data\merged\val\Wheat___black_rust\black_rust_11.png,C:\ROHIT RAJESH\AgriVeyra\ml\data\merged\train\Wheat___black_rust\black_rust_11.png
train_val_overlap,Wheat___stem_fly,Wheat___stem_fly,C:\ROHIT RAJESH\AgriVeyra\ml\data\merged\val\Wheat___stem_fly\stem_fly_31.png,C:\ROHIT RAJESH\AgriVeyra\ml\data\merged\train\Wheat___stem_fly\stem_fly_31.png
train_val_overlap,Wheat___aphid,Wheat___aphid,C:\ROHIT RAJESH\AgriVeyra\ml\data\merged\val\Wheat___aphid\aphid_32.png,C:\ROHIT RAJESH\AgriVeyra\ml\data\merged\train\Wheat___aphid\aphid_32.png
train_val_overlap,Wheat___black_rust,Wheat___black_rust,C:\ROHIT RAJESH\AgriVeyra\ml\data\merged\val\Wheat___black_rust\black_rust_25.png,C:\ROHIT RAJESH\AgriVeyra\ml\data\merged\train\Wheat___black_rust\black_rust_169.png
train_val_overlap,Wheat___leaf_blight,Wheat___leaf_blight,C:\ROHIT RAJESH\AgriVeyra\ml\data\merged\val\Wheat___leaf_blight\leaf_blight_98.png,C:\ROHIT RAJESH\AgriVeyra\ml\data\merged\train\Wheat___leaf_blight\leaf_blight_98.png
train_val_overlap,Wheat___common_root_rot,Wheat___common_root_rot,C:\ROHIT RAJESH\AgriVeyra\ml\data\merged\val\Wheat___common_root_rot\common_root_rot_163.png,C:\ROHIT RAJESH\AgriVeyra\ml\data\merged\train\Wheat___common_root_rot\common_root_rot_163.png
train_val_overlap,Wheat___black_rust,Wheat___black_rust,C:\ROHIT RAJESH\AgriVeyra\ml\data\merged\val\Wheat___black_rust\black_rust_49.png,C:\ROHIT RAJESH\AgriVeyra\ml\data\merged\train\Wheat___black_rust\black_rust_49.png
train_val_overlap,Wheat___smut,Wheat___smut,C:\ROHIT RAJESH\AgriVeyra\ml\data\merged\val\Wheat___smut\smut_test_13.png,C:\ROHIT RAJESH\AgriVeyra\ml\data\merged\train\Wheat___smut\smut_567.png
train_val_overlap,Wheat___leaf_blight,Wheat___leaf_blight,C:\ROHIT RAJESH\AgriVeyra\ml\data\merged\val\Wheat___leaf_blight\leaf_blight_106.png,C:\ROHIT RAJESH\AgriVeyra\ml\data\merged\train\Wheat___leaf_blight\leaf_blight_106.png
train_val_overlap,Wheat___stem_fly,Wheat___stem_fly,C:\ROHIT RAJESH\AgriVeyra\ml\data\merged\val\Wheat___stem_fly\stem_fly_11.png,C:\ROHIT RAJESH\AgriVeyra\ml\data\merged\train\Wheat___stem_fly\stem_fly_11.png
train_val_overlap,Wheat___septoria,Wheat___septoria,C:\ROHIT RAJESH\AgriVeyra\ml\data\merged\val\Wheat___septoria\septoria_42.png,C:\ROHIT RAJESH\AgriVeyra\ml\data\merged\train\Wheat___septoria\septoria_293.png
train_val_overlap,Wheat___mite,Wheat___mite,C:\ROHIT RAJESH\AgriVeyra\ml\data\merged\val\Wheat___mite\mite_32.png,C:\ROHIT RAJESH\AgriVeyra\ml\data\merged\train\Wheat___mite\mite_32.png
train_val_overlap,Wheat___aphid,Wheat___aphid,C:\ROHIT RAJESH\AgriVeyra\ml\data\merged\val\Wheat___aphid\aphid_44.png,C:\ROHIT RAJESH\AgriVeyra\ml\data\merged\train\Wheat___aphid\aphid_44.png
train_val_overlap,Wheat___fusarium_head_blight,Wheat___fusarium_head_blight,C:\ROHIT RAJESH\AgriVeyra\ml\data\merged\val\Wheat___fusarium_head_blight\fusarium_head_blight_test_29.png,C:\ROHIT RAJESH\AgriVeyra\ml\data\merged\train\Wheat___fusarium_head_blight\fusarium_head_blight_554.png
train_val_overlap,Wheat___aphid,Wheat___aphid,C:\ROHIT RAJESH\AgriVeyra\ml\data\merged\val\Wheat___aphid\aphid_33.png,C:\ROHIT RAJESH\AgriVeyra\ml\data\merged\train\Wheat___aphid\aphid_33.png
train_val_overlap,Wheat___common_root_rot,Wheat___common_root_rot,C:\ROHIT RAJESH\AgriVeyra\ml\data\merged\val\Wheat___common_root_rot\common_root_rot_151.png,C:\ROHIT RAJESH\AgriVeyra\ml\data\merged\train\Wheat___common_root_rot\common_root_rot_151.png
train_val_overlap,Wheat___leaf_blight,Wheat___leaf_blight,C:\ROHIT RAJESH\AgriVeyra\ml\data\merged\val\Wheat___leaf_blight\leaf_blight_82.png,C:\ROHIT RAJESH\AgriVeyra\ml\data\merged\train\Wheat___leaf_blight\leaf_blight_553.png
train_val_overlap,Wheat___blast,Wheat___blast,C:\ROHIT RAJESH\AgriVeyra\ml\data\merged\val\Wheat___blast\blast_15.png,C:\ROHIT RAJESH\AgriVeyra\ml\data\merged\train\Wheat___blast\blast_15.png
train_val_overlap,Wheat___blast,Wheat___blast,C:\ROHIT RAJESH\AgriVeyra\ml\data\merged\val\Wheat___blast\blast_41.png,C:\ROHIT RAJESH\AgriVeyra\ml\data\merged\train\Wheat___blast\blast_41.png
train_val_overlap,Wheat___septoria,Wheat___septoria,C:\ROHIT RAJESH\AgriVeyra\ml\data\merged\val\Wheat___septoria\septoria_5.png,C:\ROHIT RAJESH\AgriVeyra\ml\data\merged\train\Wheat___septoria\septoria_5.png
train_val_overlap,Wheat___septoria,Wheat___septoria,C:\ROHIT RAJESH\AgriVeyra\ml\data\merged\val\Wheat___septoria\septoria_39.png,C:\ROHIT RAJESH\AgriVeyra\ml\data\merged\train\Wheat___septoria\septoria_292.png
train_val_overlap,Wheat___stem_fly,Wheat___stem_fly,C:\ROHIT RAJESH\AgriVeyra\ml\data\merged\val\Wheat___stem_fly\stem_fly_42.png,C:\ROHIT RAJESH\AgriVeyra\ml\data\merged\train\Wheat___stem_fly\stem_fly_167.png
train_val_overlap,Wheat___blast,Wheat___blast,C:\ROHIT RAJESH\AgriVeyra\ml\data\merged\val\Wheat___blast\blast_11.png,C:\ROHIT RAJESH\AgriVeyra\ml\data\merged\train\Wheat___blast\blast_11.png
train_val_overlap,Wheat___tan_spot,Wheat___tan_spot,C:\ROHIT RAJESH\AgriVeyra\ml\data\merged\val\Wheat___tan_spot\tan_spot_43.png,C:\ROHIT RAJESH\AgriVeyra\ml\data\merged\train\Wheat___tan_spot\tan_spot_43.png
train_val_overlap,Wheat___black_rust,Wheat___black_rust,C:\ROHIT RAJESH\AgriVeyra\ml\data\merged\val\Wheat___black_rust\black_rust_3.png,C:\ROHIT RAJESH\AgriVeyra\ml\data\merged\train\Wheat___black_rust\black_rust_147.png
train_val_overlap,Wheat___smut,Wheat___smut,C:\ROHIT RAJESH\AgriVeyra\ml\data\merged\val\Wheat___smut\smut_test_47.png,C:\ROHIT RAJESH\AgriVeyra\ml\data\merged\train\Wheat___smut\smut_513.png
train_val_overlap,Wheat___blast,Wheat___blast,C:\ROHIT RAJESH\AgriVeyra\ml\data\merged\val\Wheat___blast\blast_37.png,C:\ROHIT RAJESH\AgriVeyra\ml\data\merged\train\Wheat___blast\blast_37.png
train_val_overlap,Wheat___smut,Wheat___smut,C:\ROHIT RAJESH\AgriVeyra\ml\data\merged\val\Wheat___smut\smut_test_49.png,C:\ROHIT RAJESH\AgriVeyra\ml\data\merged\train\Wheat___smut\smut_515.png
train_val_overlap,Wheat___stem_fly,Wheat___stem_fly,C:\ROHIT RAJESH\AgriVeyra\ml\data\merged\val\Wheat___stem_fly\stem_fly_12.png,C:\ROHIT RAJESH\AgriVeyra\ml\data\merged\train\Wheat___stem_fly\stem_fly_12.png
train_val_overlap,Wheat___black_rust,Wheat___black_rust,C:\ROHIT RAJESH\AgriVeyra\ml\data\merged\val\Wheat___black_rust\black_rust_26.png,C:\ROHIT RAJESH\AgriVeyra\ml\data\merged\train\Wheat___black_rust\black_rust_170.png
train_val_overlap,Wheat___fusarium_head_blight,Wheat___fusarium_head_blight,C:\ROHIT RAJESH\AgriVeyra\ml\data\merged\val\Wheat___fusarium_head_blight\fusarium_head_blight_test_2.png,C:\ROHIT RAJESH\AgriVeyra\ml\data\merged\train\Wheat___fusarium_head_blight\fusarium_head_blight_72.png
train_val_overlap,Wheat___leaf_blight,Wheat___leaf_blight,C:\ROHIT RAJESH\AgriVeyra\ml\data\merged\val\Wheat___leaf_blight\leaf_blight_66.png,C:\ROHIT RAJESH\AgriVeyra\ml\data\merged\train\Wheat___leaf_blight\leaf_blight_238.png
train_val_overlap,Wheat___smut,Wheat___smut,C:\ROHIT RAJESH\AgriVeyra\ml\data\merged\val\Wheat___smut\smut_test_23.png,C:\ROHIT RAJESH\AgriVeyra\ml\data\merged\train\Wheat___smut\smut_656.png
train_val_overlap,Wheat___stem_fly,Wheat___stem_fly,C:\ROHIT RAJESH\AgriVeyra\ml\data\merged\val\Wheat___stem_fly\stem_fly_33.png,C:\ROHIT RAJESH\AgriVeyra\ml\data\merged\train\Wheat___stem_fly\stem_fly_33.png
train_val_overlap,Wheat___aphid,Wheat___aphid,C:\ROHIT RAJESH\AgriVeyra\ml\data\merged\val\Wheat___aphid\aphid_47.png,C:\ROHIT RAJESH\AgriVeyra\ml\data\merged\train\Wheat___aphid\aphid_47.png
train_val_overlap,Wheat___septoria,Wheat___septoria,C:\ROHIT RAJESH\AgriVeyra\ml\data\merged\val\Wheat___septoria\septoria_0.png,C:\ROHIT RAJESH\AgriVeyra\ml\data\merged\train\Wheat___septoria\septoria_0.png
train_val_overlap,Wheat___leaf_blight,Wheat___aphid,C:\ROHIT RAJESH\AgriVeyra\ml\data\merged\val\Wheat___leaf_blight\leaf_blight_102.png,C:\ROHIT RAJESH\AgriVeyra\ml\data\merged\train\Wheat___aphid\aphid_686.png
train_val_overlap,Wheat___smut,Wheat___smut,C:\ROHIT RAJESH\AgriVeyra\ml\data\merged\val\Wheat___smut\smut_test_31.png,C:\ROHIT RAJESH\AgriVeyra\ml\data\merged\train\Wheat___smut\smut_416.png
train_val_overlap,Wheat___mite,Wheat___mite,C:\ROHIT RAJESH\AgriVeyra\ml\data\merged\val\Wheat___mite\mite_18.png,C:\ROHIT RAJESH\AgriVeyra\ml\data\merged\train\Wheat___mite\mite_18.png
train_val_overlap,Wheat___smut,Wheat___smut,C:\ROHIT RAJESH\AgriVeyra\ml\data\merged\val\Wheat___smut\smut_test_17.png,C:\ROHIT RAJESH\AgriVeyra\ml\data\merged\train\Wheat___smut\smut_589.png
train_val_overlap,Wheat___leaf_blight,Wheat___leaf_blight,C:\ROHIT RAJESH\AgriVeyra\ml\data\merged\val\Wheat___leaf_blight\leaf_blight_70.png,C:\ROHIT RAJESH\AgriVeyra\ml\data\merged\train\Wheat___leaf_blight\leaf_blight_70.png
train_val_overlap,Wheat___stem_fly,Wheat___stem_fly,C:\ROHIT RAJESH\AgriVeyra\ml\data\merged\val\Wheat___stem_fly\stem_fly_18.png,C:\ROHIT RAJESH\AgriVeyra\ml\data\merged\train\Wheat___stem_fly\stem_fly_18.png
train_val_overlap,Wheat___blast,Wheat___blast,C:\ROHIT RAJESH\AgriVeyra\ml\data\merged\val\Wheat___blast\blast_38.png,C:\ROHIT RAJESH\AgriVeyra\ml\data\merged\train\Wheat___blast\blast_38.png
train_val_overlap,Wheat___stem_fly,Wheat___stem_fly,C:\ROHIT RAJESH\AgriVeyra\ml\data\merged\val\Wheat___stem_fly\stem_fly_30.png,C:\ROHIT RAJESH\AgriVeyra\ml\data\merged\train\Wheat___stem_fly\stem_fly_30.png
train_val_overlap,Wheat___common_root_rot,Wheat___common_root_rot,C:\ROHIT RAJESH\AgriVeyra\ml\data\merged\val\Wheat___common_root_rot\common_root_rot_152.png,C:\ROHIT RAJESH\AgriVeyra\ml\data\merged\train\Wheat___common_root_rot\common_root_rot_152.png
train_val_overlap,Wheat___mite,Wheat___mite,C:\ROHIT RAJESH\AgriVeyra\ml\data\merged\val\Wheat___mite\mite_25.png,C:\ROHIT RAJESH\AgriVeyra\ml\data\merged\train\Wheat___mite\mite_25.png
train_val_overlap,Wheat___mite,Wheat___mite,C:\ROHIT RAJESH\AgriVeyra\ml\data\merged\val\Wheat___mite\mite_66.png,C:\ROHIT RAJESH\AgriVeyra\ml\data\merged\train\Wheat___mite\mite_66.png
train_val_overlap,Wheat___common_root_rot,Wheat___common_root_rot,C:\ROHIT RAJESH\AgriVeyra\ml\data\merged\val\Wheat___common_root_rot\common_root_rot_132.png,C:\ROHIT RAJESH\AgriVeyra\ml\data\merged\train\Wheat___common_root_rot\common_root_rot_132.png
train_val_overlap,Wheat___stem_fly,Wheat___stem_fly,C:\ROHIT RAJESH\AgriVeyra\ml\data\merged\val\Wheat___stem_fly\stem_fly_46.png,C:\ROHIT RAJESH\AgriVeyra\ml\data\merged\train\Wheat___stem_fly\stem_fly_46.png
train_val_overlap,Wheat___septoria,Wheat___septoria,C:\ROHIT RAJESH\AgriVeyra\ml\data\merged\val\Wheat___septoria\septoria_24.png,C:\ROHIT RAJESH\AgriVeyra\ml\data\merged\train\Wheat___septoria\septoria_24.png
train_val_overlap,Wheat___stem_fly,Wheat___stem_fly,C:\ROHIT RAJESH\AgriVeyra\ml\data\merged\val\Wheat___stem_fly\stem_fly_3.png,C:\ROHIT RAJESH\AgriVeyra\ml\data\merged\train\Wheat___stem_fly\stem_fly_211.png
train_val_overlap,Wheat___stem_fly,Wheat___stem_fly,C:\ROHIT RAJESH\AgriVeyra\ml\data\merged\val\Wheat___stem_fly\stem_fly_34.png,C:\ROHIT RAJESH\AgriVeyra\ml\data\merged\train\Wheat___stem_fly\stem_fly_34.png
train_val_overlap,Wheat___blast,Wheat___blast,C:\ROHIT RAJESH\AgriVeyra\ml\data\merged\val\Wheat___blast\blast_17.png,C:\ROHIT RAJESH\AgriVeyra\ml\data\merged\train\Wheat___blast\blast_17.png
train_val_overlap,Wheat___smut,Wheat___smut,C:\ROHIT RAJESH\AgriVeyra\ml\data\merged\val\Wheat___smut\smut_test_1.png,C:\ROHIT RAJESH\AgriVeyra\ml\data\merged\train\Wheat___smut\smut_558.png
train_val_overlap,Wheat___common_root_rot,Wheat___common_root_rot,C:\ROHIT RAJESH\AgriVeyra\ml\data\merged\val\Wheat___common_root_rot\common_root_rot_120.png,C:\ROHIT RAJESH\AgriVeyra\ml\data\merged\train\Wheat___common_root_rot\common_root_rot_120.png
train_val_overlap,Wheat___smut,Wheat___smut,C:\ROHIT RAJESH\AgriVeyra\ml\data\merged\val\Wheat___smut\smut_test_41.png,C:\ROHIT RAJESH\AgriVeyra\ml\data\merged\train\Wheat___smut\smut_506.png
train_val_overlap,Wheat___stem_fly,Wheat___stem_fly,C:\ROHIT RAJESH\AgriVeyra\ml\data\merged\val\Wheat___stem_fly\stem_fly_1.png,C:\ROHIT RAJESH\AgriVeyra\ml\data\merged\train\Wheat___stem_fly\stem_fly_1.png
train_val_overlap,Wheat___blast,Wheat___blast,C:\ROHIT RAJESH\AgriVeyra\ml\data\merged\val\Wheat___blast\blast_18.png,C:\ROHIT RAJESH\AgriVeyra\ml\data\merged\train\Wheat___blast\blast_18.png
train_val_overlap,Wheat___black_rust,Wheat___black_rust,C:\ROHIT RAJESH\AgriVeyra\ml\data\merged\val\Wheat___black_rust\black_rust_27.png,C:\ROHIT RAJESH\AgriVeyra\ml\data\merged\train\Wheat___black_rust\black_rust_171.png
train_val_overlap,Wheat___mite,Wheat___leaf_blight,C:\ROHIT RAJESH\AgriVeyra\ml\data\merged\val\Wheat___mite\mite_30.png,C:\ROHIT RAJESH\AgriVeyra\ml\data\merged\train\Wheat___leaf_blight\leaf_blight_363.png
train_val_overlap,Wheat___tan_spot,Wheat___tan_spot,C:\ROHIT RAJESH\AgriVeyra\ml\data\merged\val\Wheat___tan_spot\tan_spot_27.png,C:\ROHIT RAJESH\AgriVeyra\ml\data\merged\train\Wheat___tan_spot\tan_spot_27.png
train_val_overlap,Wheat___tan_spot,Wheat___tan_spot,C:\ROHIT RAJESH\AgriVeyra\ml\data\merged\val\Wheat___tan_spot\tan_spot_31.png,C:\ROHIT RAJESH\AgriVeyra\ml\data\merged\train\Wheat___tan_spot\tan_spot_31.png
train_val_overlap,Wheat___smut,Wheat___smut,C:\ROHIT RAJESH\AgriVeyra\ml\data\merged\val\Wheat___smut\smut_test_40.png,C:\ROHIT RAJESH\AgriVeyra\ml\data\merged\train\Wheat___smut\smut_505.png
train_val_overlap,Wheat___septoria,Wheat___septoria,C:\ROHIT RAJESH\AgriVeyra\ml\data\merged\val\Wheat___septoria\septoria_43.png,C:\ROHIT RAJESH\AgriVeyra\ml\data\merged\train\Wheat___septoria\septoria_294.png
train_val_overlap,Wheat___aphid,Wheat___aphid,C:\ROHIT RAJESH\AgriVeyra\ml\data\merged\val\Wheat___aphid\aphid_71.png,C:\ROHIT RAJESH\AgriVeyra\ml\data\merged\train\Wheat___aphid\aphid_71.png
train_val_overlap,Wheat___smut,Wheat___smut,C:\ROHIT RAJESH\AgriVeyra\ml\data\merged\val\Wheat___smut\smut_test_24.png,C:\ROHIT RAJESH\AgriVeyra\ml\data\merged\train\Wheat___smut\smut_225.png
train_val_overlap,Wheat___septoria,Wheat___septoria,C:\ROHIT RAJESH\AgriVeyra\ml\data\merged\val\Wheat___septoria\septoria_38.png,C:\ROHIT RAJESH\AgriVeyra\ml\data\merged\train\Wheat___septoria\septoria_291.png
train_val_overlap,Wheat___black_rust,Wheat___black_rust,C:\ROHIT RAJESH\AgriVeyra\ml\data\merged\val\Wheat___black_rust\black_rust_23.png,C:\ROHIT RAJESH\AgriVeyra\ml\data\merged\train\Wheat___black_rust\black_rust_167.png
train_val_overlap,Wheat___leaf_blight,Wheat___leaf_blight,C:\ROHIT RAJESH\AgriVeyra\ml\data\merged\val\Wheat___leaf_blight\leaf_blight_105.png,C:\ROHIT RAJESH\AgriVeyra\ml\data\merged\train\Wheat___leaf_blight\leaf_blight_105.png
train_val_overlap,Wheat___mite,Wheat___mite,C:\ROHIT RAJESH\AgriVeyra\ml\data\merged\val\Wheat___mite\mite_58.png,C:\ROHIT RAJESH\AgriVeyra\ml\data\merged\train\Wheat___mite\mite_58.png
train_val_overlap,Wheat___leaf_blight,Wheat___leaf_blight,C:\ROHIT RAJESH\AgriVeyra\ml\data\merged\val\Wheat___leaf_blight\leaf_blight_67.png,C:\ROHIT RAJESH\AgriVeyra\ml\data\merged\train\Wheat___leaf_blight\leaf_blight_397.png
train_val_overlap,Wheat___tan_spot,Wheat___tan_spot,C:\ROHIT RAJESH\AgriVeyra\ml\data\merged\val\Wheat___tan_spot\tan_spot_33.png,C:\ROHIT RAJESH\AgriVeyra\ml\data\merged\train\Wheat___tan_spot\tan_spot_33.png
train_val_overlap,Wheat___leaf_blight,Wheat___leaf_blight,C:\ROHIT RAJESH\AgriVeyra\ml\data\merged\val\Wheat___leaf_blight\leaf_blight_96.png,C:\ROHIT RAJESH\AgriVeyra\ml\data\merged\train\Wheat___leaf_blight\leaf_blight_245.png
train_val_overlap,Wheat___tan_spot,Wheat___tan_spot,C:\ROHIT RAJESH\AgriVeyra\ml\data\merged\val\Wheat___tan_spot\tan_spot_53.png,C:\ROHIT RAJESH\AgriVeyra\ml\data\merged\train\Wheat___tan_spot\tan_spot_53.png
train_val_overlap,Wheat___stem_fly,Wheat___stem_fly,C:\ROHIT RAJESH\AgriVeyra\ml\data\merged\val\Wheat___stem_fly\stem_fly_40.png,C:\ROHIT RAJESH\AgriVeyra\ml\data\merged\train\Wheat___stem_fly\stem_fly_40.png
train_val_overlap,Wheat___septoria,Wheat___septoria,C:\ROHIT RAJESH\AgriVeyra\ml\data\merged\val\Wheat___septoria\septoria_32.png,C:\ROHIT RAJESH\AgriVeyra\ml\data\merged\train\Wheat___septoria\septoria_286.png
train_val_overlap,Wheat___mite,Wheat___mite,C:\ROHIT RAJESH\AgriVeyra\ml\data\merged\val\Wheat___mite\mite_49.png,C:\ROHIT RAJESH\AgriVeyra\ml\data\merged\train\Wheat___mite\mite_49.png
train_val_overlap,Wheat___leaf_blight,Wheat___leaf_blight,C:\ROHIT RAJESH\AgriVeyra\ml\data\merged\val\Wheat___leaf_blight\leaf_blight_89.png,C:\ROHIT RAJESH\AgriVeyra\ml\data\merged\train\Wheat___leaf_blight\leaf_blight_89.png
train_val_overlap,Wheat___aphid,Wheat___aphid,C:\ROHIT RAJESH\AgriVeyra\ml\data\merged\val\Wheat___aphid\aphid_62.png,C:\ROHIT RAJESH\AgriVeyra\ml\data\merged\train\Wheat___aphid\aphid_62.png
train_val_overlap,Wheat___septoria,Wheat___septoria,C:\ROHIT RAJESH\AgriVeyra\ml\data\merged\val\Wheat___septoria\septoria_35.png,C:\ROHIT RAJESH\AgriVeyra\ml\data\merged\train\Wheat___septoria\septoria_288.png
train_val_overlap,Wheat___septoria,Wheat___septoria,C:\ROHIT RAJESH\AgriVeyra\ml\data\merged\val\Wheat___septoria\septoria_9.png,C:\ROHIT RAJESH\AgriVeyra\ml\data\merged\train\Wheat___septoria\septoria_263.png
train_val_overlap,Wheat___leaf_blight,Wheat___leaf_blight,C:\ROHIT RAJESH\AgriVeyra\ml\data\merged\val\Wheat___leaf_blight\leaf_blight_113.png,C:\ROHIT RAJESH\AgriVeyra\ml\data\merged\train\Wheat___leaf_blight\leaf_blight_113.png
train_val_overlap,Wheat___stem_fly,Wheat___stem_fly,C:\ROHIT RAJESH\AgriVeyra\ml\data\merged\val\Wheat___stem_fly\stem_fly_14.png,C:\ROHIT RAJESH\AgriVeyra\ml\data\merged\train\Wheat___stem_fly\stem_fly_14.png
train_val_overlap,Wheat___black_rust,Wheat___black_rust,C:\ROHIT RAJESH\AgriVeyra\ml\data\merged\val\Wheat___black_rust\black_rust_15.png,C:\ROHIT RAJESH\AgriVeyra\ml\data\merged\train\Wheat___black_rust\black_rust_15.png
train_val_overlap,Wheat___tan_spot,Wheat___tan_spot,C:\ROHIT RAJESH\AgriVeyra\ml\data\merged\val\Wheat___tan_spot\tan_spot_16.png,C:\ROHIT RAJESH\AgriVeyra\ml\data\merged\train\Wheat___tan_spot\tan_spot_16.png
train_val_overlap,Wheat___common_root_rot,Wheat___common_root_rot,C:\ROHIT RAJESH\AgriVeyra\ml\data\merged\val\Wheat___common_root_rot\common_root_rot_166.png,C:\ROHIT RAJESH\AgriVeyra\ml\data\merged\train\Wheat___common_root_rot\common_root_rot_166.png
train_val_overlap,Wheat___tan_spot,Wheat___tan_spot,C:\ROHIT RAJESH\AgriVeyra\ml\data\merged\val\Wheat___tan_spot\tan_spot_38.png,C:\ROHIT RAJESH\AgriVeyra\ml\data\merged\train\Wheat___tan_spot\tan_spot_38.png
train_val_overlap,Wheat___mite,Wheat___mite,C:\ROHIT RAJESH\AgriVeyra\ml\data\merged\val\Wheat___mite\mite_31.png,C:\ROHIT RAJESH\AgriVeyra\ml\data\merged\train\Wheat___mite\mite_31.png
train_val_overlap,Wheat___leaf_blight,Wheat___leaf_blight,C:\ROHIT RAJESH\AgriVeyra\ml\data\merged\val\Wheat___leaf_blight\leaf_blight_111.png,C:\ROHIT RAJESH\AgriVeyra\ml\data\merged\train\Wheat___leaf_blight\leaf_blight_111.png
train_val_overlap,Wheat___tan_spot,Wheat___tan_spot,C:\ROHIT RAJESH\AgriVeyra\ml\data\merged\val\Wheat___tan_spot\tan_spot_25.png,C:\ROHIT RAJESH\AgriVeyra\ml\data\merged\train\Wheat___tan_spot\tan_spot_25.png
train_val_overlap,Wheat___black_rust,Wheat___black_rust,C:\ROHIT RAJESH\AgriVeyra\ml\data\merged\val\Wheat___black_rust\black_rust_41.png,C:\ROHIT RAJESH\AgriVeyra\ml\data\merged\train\Wheat___black_rust\black_rust_41.png
train_val_overlap,Wheat___mite,Wheat___mite,C:\ROHIT RAJESH\AgriVeyra\ml\data\merged\val\Wheat___mite\mite_36.png,C:\ROHIT RAJESH\AgriVeyra\ml\data\merged\train\Wheat___mite\mite_36.png
train_val_overlap,Wheat___mite,Wheat___mite,C:\ROHIT RAJESH\AgriVeyra\ml\data\merged\val\Wheat___mite\mite_64.png,C:\ROHIT RAJESH\AgriVeyra\ml\data\merged\train\Wheat___mite\mite_64.png
train_val_overlap,Wheat___common_root_rot,Wheat___common_root_rot,C:\ROHIT RAJESH\AgriVeyra\ml\data\merged\val\Wheat___common_root_rot\common_root_rot_129.png,C:\ROHIT RAJESH\AgriVeyra\ml\data\merged\train\Wheat___common_root_rot\common_root_rot_129.png
train_val_overlap,Wheat___blast,Wheat___blast,C:\ROHIT RAJESH\AgriVeyra\ml\data\merged\val\Wheat___blast\blast_34.png,C:\ROHIT RAJESH\AgriVeyra\ml\data\merged\train\Wheat___blast\blast_34.png
train_val_overlap,Wheat___smut,Wheat___smut,C:\ROHIT RAJESH\AgriVeyra\ml\data\merged\val\Wheat___smut\smut_test_38.png,C:\ROHIT RAJESH\AgriVeyra\ml\data\merged\train\Wheat___smut\smut_278.png
train_val_overlap,Wheat___tan_spot,Wheat___tan_spot,C:\ROHIT RAJESH\AgriVeyra\ml\data\merged\val\Wheat___tan_spot\tan_spot_40.png,C:\ROHIT RAJESH\AgriVeyra\ml\data\merged\train\Wheat___tan_spot\tan_spot_40.png
train_val_overlap,Wheat___tan_spot,Wheat___tan_spot,C:\ROHIT RAJESH\AgriVeyra\ml\data\merged\val\Wheat___tan_spot\tan_spot_58.png,C:\ROHIT RAJESH\AgriVeyra\ml\data\merged\train\Wheat___tan_spot\tan_spot_58.png
train_val_overlap,Wheat___mite,Wheat___mite,C:\ROHIT RAJESH\AgriVeyra\ml\data\merged\val\Wheat___mite\mite_59.png,C:\ROHIT RAJESH\AgriVeyra\ml\data\merged\train\Wheat___mite\mite_59.png
train_val_overlap,Wheat___stem_fly,Wheat___stem_fly,C:\ROHIT RAJESH\AgriVeyra\ml\data\merged\val\Wheat___stem_fly\stem_fly_4.png,C:\ROHIT RAJESH\AgriVeyra\ml\data\merged\train\Wheat___stem_fly\stem_fly_4.png
train_val_overlap,Wheat___mite,Wheat___mite,C:\ROHIT RAJESH\AgriVeyra\ml\data\merged\val\Wheat___mite\mite_65.png,C:\ROHIT RAJESH\AgriVeyra\ml\data\merged\train\Wheat___mite\mite_65.png
train_val_overlap,Wheat___black_rust,Wheat___black_rust,C:\ROHIT RAJESH\AgriVeyra\ml\data\merged\val\Wheat___black_rust\black_rust_45.png,C:\ROHIT RAJESH\AgriVeyra\ml\data\merged\train\Wheat___black_rust\black_rust_45.png
train_val_overlap,Wheat___common_root_rot,Wheat___common_root_rot,C:\ROHIT RAJESH\AgriVeyra\ml\data\merged\val\Wheat___common_root_rot\common_root_rot_161.png,C:\ROHIT RAJESH\AgriVeyra\ml\data\merged\train\Wheat___common_root_rot\common_root_rot_161.png
train_val_overlap,Wheat___tan_spot,Wheat___tan_spot,C:\ROHIT RAJESH\AgriVeyra\ml\data\merged\val\Wheat___tan_spot\tan_spot_30.png,C:\ROHIT RAJESH\AgriVeyra\ml\data\merged\train\Wheat___tan_spot\tan_spot_30.png
train_val_overlap,Wheat___leaf_blight,Wheat___leaf_blight,C:\ROHIT RAJESH\AgriVeyra\ml\data\merged\val\Wheat___leaf_blight\leaf_blight_74.png,C:\ROHIT RAJESH\AgriVeyra\ml\data\merged\train\Wheat___leaf_blight\leaf_blight_349.png
train_val_overlap,Wheat___mite,Wheat___mite,C:\ROHIT RAJESH\AgriVeyra\ml\data\merged\val\Wheat___mite\mite_26.png,C:\ROHIT RAJESH\AgriVeyra\ml\data\merged\train\Wheat___mite\mite_26.png
train_val_overlap,Wheat___septoria,Wheat___septoria,C:\ROHIT RAJESH\AgriVeyra\ml\data\merged\val\Wheat___septoria\septoria_44.png,C:\ROHIT RAJESH\AgriVeyra\ml\data\merged\train\Wheat___septoria\septoria_296.png
train_val_overlap,Wheat___common_root_rot,Wheat___common_root_rot,C:\ROHIT RAJESH\AgriVeyra\ml\data\merged\val\Wheat___common_root_rot\common_root_rot_131.png,C:\ROHIT RAJESH\AgriVeyra\ml\data\merged\train\Wheat___common_root_rot\common_root_rot_131.png
train_val_overlap,Wheat___aphid,Wheat___aphid,C:\ROHIT RAJESH\AgriVeyra\ml\data\merged\val\Wheat___aphid\aphid_50.png,C:\ROHIT RAJESH\AgriVeyra\ml\data\merged\train\Wheat___aphid\aphid_50.png
train_val_overlap,Wheat___tan_spot,Wheat___tan_spot,C:\ROHIT RAJESH\AgriVeyra\ml\data\merged\val\Wheat___tan_spot\tan_spot_34.png,C:\ROHIT RAJESH\AgriVeyra\ml\data\merged\train\Wheat___tan_spot\tan_spot_34.png
train_val_overlap,Wheat___common_root_rot,Wheat___common_root_rot,C:\ROHIT RAJESH\AgriVeyra\ml\data\merged\val\Wheat___common_root_rot\common_root_rot_164.png,C:\ROHIT RAJESH\AgriVeyra\ml\data\merged\train\Wheat___common_root_rot\common_root_rot_164.png
train_val_overlap,Wheat___smut,Wheat___smut,C:\ROHIT RAJESH\AgriVeyra\ml\data\merged\val\Wheat___smut\smut_test_34.png,C:\ROHIT RAJESH\AgriVeyra\ml\data\merged\train\Wheat___smut\smut_471.png
train_val_overlap,Wheat___black_rust,Wheat___black_rust,C:\ROHIT RAJESH\AgriVeyra\ml\data\merged\val\Wheat___black_rust\black_rust_13.png,C:\ROHIT RAJESH\AgriVeyra\ml\data\merged\train\Wheat___black_rust\black_rust_13.png
train_val_overlap,Wheat___aphid,Wheat___aphid,C:\ROHIT RAJESH\AgriVeyra\ml\data\merged\val\Wheat___aphid\aphid_42.png,C:\ROHIT RAJESH\AgriVeyra\ml\data\merged\train\Wheat___aphid\aphid_42.png
train_val_overlap,Wheat___tan_spot,Wheat___tan_spot,C:\ROHIT RAJESH\AgriVeyra\ml\data\merged\val\Wheat___tan_spot\tan_spot_54.png,C:\ROHIT RAJESH\AgriVeyra\ml\data\merged\train\Wheat___tan_spot\tan_spot_54.png
train_val_overlap,Wheat___aphid,Wheat___aphid,C:\ROHIT RAJESH\AgriVeyra\ml\data\merged\val\Wheat___aphid\aphid_27.png,C:\ROHIT RAJESH\AgriVeyra\ml\data\merged\train\Wheat___aphid\aphid_27.png
train_val_overlap,Wheat___mite,Wheat___mite,C:\ROHIT RAJESH\AgriVeyra\ml\data\merged\val\Wheat___mite\mite_45.png,C:\ROHIT RAJESH\AgriVeyra\ml\data\merged\train\Wheat___mite\mite_45.png
train_val_overlap,Wheat___septoria,Wheat___septoria,C:\ROHIT RAJESH\AgriVeyra\ml\data\merged\val\Wheat___septoria\septoria_4.png,C:\ROHIT RAJESH\AgriVeyra\ml\data\merged\train\Wheat___septoria\septoria_1058.png
train_val_overlap,Wheat___septoria,Wheat___septoria,C:\ROHIT RAJESH\AgriVeyra\ml\data\merged\val\Wheat___septoria\septoria_34.png,C:\ROHIT RAJESH\AgriVeyra\ml\data\merged\train\Wheat___septoria\septoria_287.png
train_val_overlap,Wheat___black_rust,Wheat___black_rust,C:\ROHIT RAJESH\AgriVeyra\ml\data\merged\val\Wheat___black_rust\black_rust_44.png,C:\ROHIT RAJESH\AgriVeyra\ml\data\merged\train\Wheat___black_rust\black_rust_184.png
train_val_overlap,Wheat___mite,Wheat___mite,C:\ROHIT RAJESH\AgriVeyra\ml\data\merged\val\Wheat___mite\mite_43.png,C:\ROHIT RAJESH\AgriVeyra\ml\data\merged\train\Wheat___mite\mite_43.png
train_val_overlap,Wheat___black_rust,Wheat___black_rust,C:\ROHIT RAJESH\AgriVeyra\ml\data\merged\val\Wheat___black_rust\black_rust_42.png,C:\ROHIT RAJESH\AgriVeyra\ml\data\merged\train\Wheat___black_rust\black_rust_42.png
train_val_overlap,Wheat___blast,Wheat___blast,C:\ROHIT RAJESH\AgriVeyra\ml\data\merged\val\Wheat___blast\blast_27.png,C:\ROHIT RAJESH\AgriVeyra\ml\data\merged\train\Wheat___blast\blast_27.png
train_val_overlap,Wheat___leaf_blight,Wheat___leaf_blight,C:\ROHIT RAJESH\AgriVeyra\ml\data\merged\val\Wheat___leaf_blight\leaf_blight_108.png,C:\ROHIT RAJESH\AgriVeyra\ml\data\merged\train\Wheat___leaf_blight\leaf_blight_108.png
train_val_overlap,Wheat___leaf_blight,Wheat___leaf_blight,C:\ROHIT RAJESH\AgriVeyra\ml\data\merged\val\Wheat___leaf_blight\leaf_blight_86.png,C:\ROHIT RAJESH\AgriVeyra\ml\data\merged\train\Wheat___leaf_blight\leaf_blight_503.png
train_val_overlap,Wheat___black_rust,Wheat___black_rust,C:\ROHIT RAJESH\AgriVeyra\ml\data\merged\val\Wheat___black_rust\black_rust_5.png,C:\ROHIT RAJESH\AgriVeyra\ml\data\merged\train\Wheat___black_rust\black_rust_149.png
train_val_overlap,Wheat___tan_spot,Wheat___leaf_blight,C:\ROHIT RAJESH\AgriVeyra\ml\data\merged\val\Wheat___tan_spot\tan_spot_15.png,C:\ROHIT RAJESH\AgriVeyra\ml\data\merged\train\Wheat___leaf_blight\leaf_blight_222.png
train_val_overlap,Wheat___tan_spot,Wheat___tan_spot,C:\ROHIT RAJESH\AgriVeyra\ml\data\merged\val\Wheat___tan_spot\tan_spot_39.png,C:\ROHIT RAJESH\AgriVeyra\ml\data\merged\train\Wheat___tan_spot\tan_spot_39.png
train_val_overlap,Wheat___black_rust,Wheat___black_rust,C:\ROHIT RAJESH\AgriVeyra\ml\data\merged\val\Wheat___black_rust\black_rust_35.png,C:\ROHIT RAJESH\AgriVeyra\ml\data\merged\train\Wheat___black_rust\black_rust_179.png
train_val_overlap,Wheat___black_rust,Wheat___black_rust,C:\ROHIT RAJESH\AgriVeyra\ml\data\merged\val\Wheat___black_rust\black_rust_33.png,C:\ROHIT RAJESH\AgriVeyra\ml\data\merged\train\Wheat___black_rust\black_rust_177.png
train_val_overlap,Wheat___blast,Wheat___blast,C:\ROHIT RAJESH\AgriVeyra\ml\data\merged\val\Wheat___blast\blast_21.png,C:\ROHIT RAJESH\AgriVeyra\ml\data\merged\train\Wheat___blast\blast_21.png
train_val_overlap,Wheat___black_rust,Wheat___black_rust,C:\ROHIT RAJESH\AgriVeyra\ml\data\merged\val\Wheat___black_rust\black_rust_14.png,C:\ROHIT RAJESH\AgriVeyra\ml\data\merged\train\Wheat___black_rust\black_rust_14.png
train_val_overlap,Wheat___mite,Wheat___mite,C:\ROHIT RAJESH\AgriVeyra\ml\data\merged\val\Wheat___mite\mite_29.png,C:\ROHIT RAJESH\AgriVeyra\ml\data\merged\train\Wheat___mite\mite_29.png
train_val_overlap,Wheat___stem_fly,Wheat___stem_fly,C:\ROHIT RAJESH\AgriVeyra\ml\data\merged\val\Wheat___stem_fly\stem_fly_23.png,C:\ROHIT RAJESH\AgriVeyra\ml\data\merged\train\Wheat___stem_fly\stem_fly_23.png
train_val_overlap,Wheat___black_rust,Wheat___black_rust,C:\ROHIT RAJESH\AgriVeyra\ml\data\merged\val\Wheat___black_rust\black_rust_17.png,C:\ROHIT RAJESH\AgriVeyra\ml\data\merged\train\Wheat___black_rust\black_rust_161.png
train_val_overlap,Wheat___leaf_blight,Wheat___leaf_blight,C:\ROHIT RAJESH\AgriVeyra\ml\data\merged\val\Wheat___leaf_blight\leaf_blight_92.png,C:\ROHIT RAJESH\AgriVeyra\ml\data\merged\train\Wheat___leaf_blight\leaf_blight_92.png
train_val_overlap,Wheat___black_rust,Wheat___black_rust,C:\ROHIT RAJESH\AgriVeyra\ml\data\merged\val\Wheat___black_rust\black_rust_16.png,C:\ROHIT RAJESH\AgriVeyra\ml\data\merged\train\Wheat___black_rust\black_rust_16.png
train_val_overlap,Wheat___black_rust,Wheat___black_rust,C:\ROHIT RAJESH\AgriVeyra\ml\data\merged\val\Wheat___black_rust\black_rust_34.png,C:\ROHIT RAJESH\AgriVeyra\ml\data\merged\train\Wheat___black_rust\black_rust_178.png
train_val_overlap,Wheat___blast,Wheat___blast,C:\ROHIT RAJESH\AgriVeyra\ml\data\merged\val\Wheat___blast\blast_7.png,C:\ROHIT RAJESH\AgriVeyra\ml\data\merged\train\Wheat___blast\blast_7.png
train_val_overlap,Wheat___stem_fly,Wheat___stem_fly,C:\ROHIT RAJESH\AgriVeyra\ml\data\merged\val\Wheat___stem_fly\stem_fly_37.png,C:\ROHIT RAJESH\AgriVeyra\ml\data\merged\train\Wheat___stem_fly\stem_fly_37.png
train_val_overlap,Wheat___leaf_blight,Wheat___leaf_blight,C:\ROHIT RAJESH\AgriVeyra\ml\data\merged\val\Wheat___leaf_blight\leaf_blight_90.png,C:\ROHIT RAJESH\AgriVeyra\ml\data\merged\train\Wheat___leaf_blight\leaf_blight_90.png
train_val_overlap,Wheat___aphid,Wheat___aphid,C:\ROHIT RAJESH\AgriVeyra\ml\data\merged\val\Wheat___aphid\aphid_52.png,C:\ROHIT RAJESH\AgriVeyra\ml\data\merged\train\Wheat___aphid\aphid_52.png
train_val_overlap,Wheat___common_root_rot,Wheat___common_root_rot,C:\ROHIT RAJESH\AgriVeyra\ml\data\merged\val\Wheat___common_root_rot\common_root_rot_125.png,C:\ROHIT RAJESH\AgriVeyra\ml\data\merged\train\Wheat___common_root_rot\common_root_rot_125.png
train_val_overlap,Wheat___common_root_rot,Wheat___common_root_rot,C:\ROHIT RAJESH\AgriVeyra\ml\data\merged\val\Wheat___common_root_rot\common_root_rot_140.png,C:\ROHIT RAJESH\AgriVeyra\ml\data\merged\train\Wheat___common_root_rot\common_root_rot_140.png
train_val_overlap,Wheat___mite,Wheat___mite,C:\ROHIT RAJESH\AgriVeyra\ml\data\merged\val\Wheat___mite\mite_56.png,C:\ROHIT RAJESH\AgriVeyra\ml\data\merged\train\Wheat___mite\mite_56.png
train_val_overlap,Wheat___common_root_rot,Wheat___common_root_rot,C:\ROHIT RAJESH\AgriVeyra\ml\data\merged\val\Wheat___common_root_rot\common_root_rot_160.png,C:\ROHIT RAJESH\AgriVeyra\ml\data\merged\train\Wheat___common_root_rot\common_root_rot_160.png
train_val_overlap,Wheat___blast,Wheat___blast,C:\ROHIT RAJESH\AgriVeyra\ml\data\merged\val\Wheat___blast\blast_6.png,C:\ROHIT RAJESH\AgriVeyra\ml\data\merged\train\Wheat___blast\blast_6.png
train_val_overlap,Wheat___mite,Wheat___mite,C:\ROHIT RAJESH\AgriVeyra\ml\data\merged\val\Wheat___mite\mite_51.png,C:\ROHIT RAJESH\AgriVeyra\ml\data\merged\train\Wheat___mite\mite_51.png
train_val_overlap,Wheat___blast,Wheat___blast,C:\ROHIT RAJESH\AgriVeyra\ml\data\merged\val\Wheat___blast\blast_36.png,C:\ROHIT RAJESH\AgriVeyra\ml\data\merged\train\Wheat___blast\blast_36.png
train_val_overlap,Wheat___leaf_blight,Wheat___leaf_blight,C:\ROHIT RAJESH\AgriVeyra\ml\data\merged\val\Wheat___leaf_blight\leaf_blight_107.png,C:\ROHIT RAJESH\AgriVeyra\ml\data\merged\train\Wheat___leaf_blight\leaf_blight_107.png
train_val_overlap,Wheat___mite,Wheat___mite,C:\ROHIT RAJESH\AgriVeyra\ml\data\merged\val\Wheat___mite\mite_23.png,C:\ROHIT RAJESH\AgriVeyra\ml\data\merged\train\Wheat___mite\mite_23.png
train_val_overlap,Wheat___aphid,Wheat___aphid,C:\ROHIT RAJESH\AgriVeyra\ml\data\merged\val\Wheat___aphid\aphid_54.png,C:\ROHIT RAJESH\AgriVeyra\ml\data\merged\train\Wheat___aphid\aphid_54.png
train_val_overlap,Wheat___tan_spot,Wheat___tan_spot,C:\ROHIT RAJESH\AgriVeyra\ml\data\merged\val\Wheat___tan_spot\tan_spot_57.png,C:\ROHIT RAJESH\AgriVeyra\ml\data\merged\train\Wheat___tan_spot\tan_spot_57.png
train_val_overlap,Wheat___black_rust,Wheat___black_rust,C:\ROHIT RAJESH\AgriVeyra\ml\data\merged\val\Wheat___black_rust\black_rust_19.png,C:\ROHIT RAJESH\AgriVeyra\ml\data\merged\train\Wheat___black_rust\black_rust_163.png
train_val_overlap,Wheat___tan_spot,Wheat___tan_spot,C:\ROHIT RAJESH\AgriVeyra\ml\data\merged\val\Wheat___tan_spot\tan_spot_22.png,C:\ROHIT RAJESH\AgriVeyra\ml\data\merged\train\Wheat___tan_spot\tan_spot_22.png
train_val_overlap,Wheat___tan_spot,Wheat___tan_spot,C:\ROHIT RAJESH\AgriVeyra\ml\data\merged\val\Wheat___tan_spot\tan_spot_28.png,C:\ROHIT RAJESH\AgriVeyra\ml\data\merged\train\Wheat___tan_spot\tan_spot_28.png
train_val_overlap,Wheat___smut,Wheat___smut,C:\ROHIT RAJESH\AgriVeyra\ml\data\merged\val\Wheat___smut\smut_test_20.png,C:\ROHIT RAJESH\AgriVeyra\ml\data\merged\train\Wheat___smut\smut_80.png
train_val_overlap,Wheat___blast,Wheat___blast,C:\ROHIT RAJESH\AgriVeyra\ml\data\merged\val\Wheat___blast\blast_42.png,C:\ROHIT RAJESH\AgriVeyra\ml\data\merged\train\Wheat___blast\blast_42.png
train_val_overlap,Wheat___leaf_blight,Wheat___leaf_blight,C:\ROHIT RAJESH\AgriVeyra\ml\data\merged\val\Wheat___leaf_blight\leaf_blight_114.png,C:\ROHIT RAJESH\AgriVeyra\ml\data\merged\train\Wheat___leaf_blight\leaf_blight_114.png
train_val_overlap,Wheat___tan_spot,Wheat___tan_spot,C:\ROHIT RAJESH\AgriVeyra\ml\data\merged\val\Wheat___tan_spot\tan_spot_29.png,C:\ROHIT RAJESH\AgriVeyra\ml\data\merged\train\Wheat___tan_spot\tan_spot_29.png
train_val_overlap,Wheat___blast,Wheat___blast,C:\ROHIT RAJESH\AgriVeyra\ml\data\merged\val\Wheat___blast\blast_39.png,C:\ROHIT RAJESH\AgriVeyra\ml\data\merged\train\Wheat___blast\blast_39.png
train_val_overlap,Wheat___aphid,Wheat___aphid,C:\ROHIT RAJESH\AgriVeyra\ml\data\merged\val\Wheat___aphid\aphid_38.png,C:\ROHIT RAJESH\AgriVeyra\ml\data\merged\train\Wheat___aphid\aphid_38.png
train_val_overlap,Wheat___aphid,Wheat___aphid,C:\ROHIT RAJESH\AgriVeyra\ml\data\merged\val\Wheat___aphid\aphid_57.png,C:\ROHIT RAJESH\AgriVeyra\ml\data\merged\train\Wheat___aphid\aphid_57.png
train_val_overlap,Wheat___black_rust,Wheat___black_rust,C:\ROHIT RAJESH\AgriVeyra\ml\data\merged\val\Wheat___black_rust\black_rust_2.png,C:\ROHIT RAJESH\AgriVeyra\ml\data\merged\train\Wheat___black_rust\black_rust_146.png
train_val_overlap,Wheat___septoria,Wheat___leaf_blight,C:\ROHIT RAJESH\AgriVeyra\ml\data\merged\val\Wheat___septoria\septoria_33.png,C:\ROHIT RAJESH\AgriVeyra\ml\data\merged\train\Wheat___leaf_blight\leaf_blight_641.png
train_val_overlap,Wheat___common_root_rot,Wheat___common_root_rot,C:\ROHIT RAJESH\AgriVeyra\ml\data\merged\val\Wheat___common_root_rot\common_root_rot_156.png,C:\ROHIT RAJESH\AgriVeyra\ml\data\merged\train\Wheat___common_root_rot\common_root_rot_156.png
train_val_overlap,Wheat___stem_fly,Wheat___stem_fly,C:\ROHIT RAJESH\AgriVeyra\ml\data\merged\val\Wheat___stem_fly\stem_fly_39.png,C:\ROHIT RAJESH\AgriVeyra\ml\data\merged\train\Wheat___stem_fly\stem_fly_39.png
train_val_overlap,Wheat___common_root_rot,Wheat___common_root_rot,C:\ROHIT RAJESH\AgriVeyra\ml\data\merged\val\Wheat___common_root_rot\common_root_rot_130.png,C:\ROHIT RAJESH\AgriVeyra\ml\data\merged\train\Wheat___common_root_rot\common_root_rot_130.png
train_val_overlap,Wheat___leaf_blight,Wheat___leaf_blight,C:\ROHIT RAJESH\AgriVeyra\ml\data\merged\val\Wheat___leaf_blight\leaf_blight_81.png,C:\ROHIT RAJESH\AgriVeyra\ml\data\merged\train\Wheat___leaf_blight\leaf_blight_81.png
train_val_overlap,Wheat___tan_spot,Wheat___tan_spot,C:\ROHIT RAJESH\AgriVeyra\ml\data\merged\val\Wheat___tan_spot\tan_spot_49.png,C:\ROHIT RAJESH\AgriVeyra\ml\data\merged\train\Wheat___tan_spot\tan_spot_49.png
train_val_overlap,Wheat___blast,Wheat___blast,C:\ROHIT RAJESH\AgriVeyra\ml\data\merged\val\Wheat___blast\blast_35.png,C:\ROHIT RAJESH\AgriVeyra\ml\data\merged\train\Wheat___blast\blast_35.png
train_val_overlap,Wheat___stem_fly,Wheat___stem_fly,C:\ROHIT RAJESH\AgriVeyra\ml\data\merged\val\Wheat___stem_fly\stem_fly_49.png,C:\ROHIT RAJESH\AgriVeyra\ml\data\merged\train\Wheat___stem_fly\stem_fly_174.png
train_val_overlap,Wheat___mite,Wheat___mite,C:\ROHIT RAJESH\AgriVeyra\ml\data\merged\val\Wheat___mite\mite_41.png,C:\ROHIT RAJESH\AgriVeyra\ml\data\merged\train\Wheat___mite\mite_41.png
train_val_overlap,Wheat___stem_fly,Wheat___stem_fly,C:\ROHIT RAJESH\AgriVeyra\ml\data\merged\val\Wheat___stem_fly\stem_fly_43.png,C:\ROHIT RAJESH\AgriVeyra\ml\data\merged\train\Wheat___stem_fly\stem_fly_169.png
train_val_overlap,Wheat___tan_spot,Wheat___tan_spot,C:\ROHIT RAJESH\AgriVeyra\ml\data\merged\val\Wheat___tan_spot\tan_spot_44.png,C:\ROHIT RAJESH\AgriVeyra\ml\data\merged\train\Wheat___tan_spot\tan_spot_44.png
train_val_overlap,Wheat___common_root_rot,Wheat___common_root_rot,C:\ROHIT RAJESH\AgriVeyra\ml\data\merged\val\Wheat___common_root_rot\common_root_rot_127.png,C:\ROHIT RAJESH\AgriVeyra\ml\data\merged\train\Wheat___common_root_rot\common_root_rot_127.png
train_val_overlap,Wheat___black_rust,Wheat___black_rust,C:\ROHIT RAJESH\AgriVeyra\ml\data\merged\val\Wheat___black_rust\black_rust_22.png,C:\ROHIT RAJESH\AgriVeyra\ml\data\merged\train\Wheat___black_rust\black_rust_166.png
train_val_overlap,Wheat___blast,Wheat___blast,C:\ROHIT RAJESH\AgriVeyra\ml\data\merged\val\Wheat___blast\blast_20.png,C:\ROHIT RAJESH\AgriVeyra\ml\data\merged\train\Wheat___blast\blast_20.png
train_val_overlap,Wheat___stem_fly,Wheat___stem_fly,C:\ROHIT RAJESH\AgriVeyra\ml\data\merged\val\Wheat___stem_fly\stem_fly_45.png,C:\ROHIT RAJESH\AgriVeyra\ml\data\merged\train\Wheat___stem_fly\stem_fly_171.png
train_val_overlap,Wheat___aphid,Wheat___aphid,C:\ROHIT RAJESH\AgriVeyra\ml\data\merged\val\Wheat___aphid\aphid_58.png,C:\ROHIT RAJESH\AgriVeyra\ml\data\merged\train\Wheat___aphid\aphid_58.png
train_val_overlap,Wheat___black_rust,Wheat___black_rust,C:\ROHIT RAJESH\AgriVeyra\ml\data\merged\val\Wheat___black_rust\black_rust_0.png,C:\ROHIT RAJESH\AgriVeyra\ml\data\merged\train\Wheat___black_rust\black_rust_0.png
train_val_overlap,Wheat___black_rust,Wheat___black_rust,C:\ROHIT RAJESH\AgriVeyra\ml\data\merged\val\Wheat___black_rust\black_rust_10.png,C:\ROHIT RAJESH\AgriVeyra\ml\data\merged\train\Wheat___black_rust\black_rust_10.png
train_val_overlap,Wheat___stem_fly,Wheat___stem_fly,C:\ROHIT RAJESH\AgriVeyra\ml\data\merged\val\Wheat___stem_fly\stem_fly_13.png,C:\ROHIT RAJESH\AgriVeyra\ml\data\merged\train\Wheat___stem_fly\stem_fly_13.png
train_val_overlap,Wheat___aphid,Wheat___aphid,C:\ROHIT RAJESH\AgriVeyra\ml\data\merged\val\Wheat___aphid\aphid_74.png,C:\ROHIT RAJESH\AgriVeyra\ml\data\merged\train\Wheat___aphid\aphid_74.png
train_val_overlap,Wheat___black_rust,Wheat___black_rust,C:\ROHIT RAJESH\AgriVeyra\ml\data\merged\val\Wheat___black_rust\black_rust_24.png,C:\ROHIT RAJESH\AgriVeyra\ml\data\merged\train\Wheat___black_rust\black_rust_168.png
train_val_overlap,Wheat___blast,Wheat___blast,C:\ROHIT RAJESH\AgriVeyra\ml\data\merged\val\Wheat___blast\blast_19.png,C:\ROHIT RAJESH\AgriVeyra\ml\data\merged\train\Wheat___blast\blast_19.png
train_val_overlap,Wheat___mite,Wheat___mite,C:\ROHIT RAJESH\AgriVeyra\ml\data\merged\val\Wheat___mite\mite_61.png,C:\ROHIT RAJESH\AgriVeyra\ml\data\merged\train\Wheat___mite\mite_61.png
train_val_overlap,Wheat___aphid,Wheat___aphid,C:\ROHIT RAJESH\AgriVeyra\ml\data\merged\val\Wheat___aphid\aphid_67.png,C:\ROHIT RAJESH\AgriVeyra\ml\data\merged\train\Wheat___aphid\aphid_67.png
train_val_overlap,Wheat___black_rust,Wheat___black_rust,C:\ROHIT RAJESH\AgriVeyra\ml\data\merged\val\Wheat___black_rust\black_rust_37.png,C:\ROHIT RAJESH\AgriVeyra\ml\data\merged\train\Wheat___black_rust\black_rust_181.png
train_val_overlap,Wheat___mite,Wheat___mite,C:\ROHIT RAJESH\AgriVeyra\ml\data\merged\val\Wheat___mite\mite_47.png,C:\ROHIT RAJESH\AgriVeyra\ml\data\merged\train\Wheat___mite\mite_47.png
train_val_overlap,Wheat___mite,Wheat___mite,C:\ROHIT RAJESH\AgriVeyra\ml\data\merged\val\Wheat___mite\mite_44.png,C:\ROHIT RAJESH\AgriVeyra\ml\data\merged\train\Wheat___mite\mite_44.png
train_val_overlap,Wheat___leaf_blight,Wheat___leaf_blight,C:\ROHIT RAJESH\AgriVeyra\ml\data\merged\val\Wheat___leaf_blight\leaf_blight_103.png,C:\ROHIT RAJESH\AgriVeyra\ml\data\merged\train\Wheat___leaf_blight\leaf_blight_103.png
train_val_overlap,Wheat___blast,Wheat___blast,C:\ROHIT RAJESH\AgriVeyra\ml\data\merged\val\Wheat___blast\blast_32.png,C:\ROHIT RAJESH\AgriVeyra\ml\data\merged\train\Wheat___blast\blast_32.png
train_val_overlap,Wheat___mite,Wheat___mite,C:\ROHIT RAJESH\AgriVeyra\ml\data\merged\val\Wheat___mite\mite_39.png,C:\ROHIT RAJESH\AgriVeyra\ml\data\merged\train\Wheat___mite\mite_39.png
train_val_overlap,Wheat___black_rust,Wheat___black_rust,C:\ROHIT RAJESH\AgriVeyra\ml\data\merged\val\Wheat___black_rust\black_rust_48.png,C:\ROHIT RAJESH\AgriVeyra\ml\data\merged\train\Wheat___black_rust\black_rust_48.png
train_val_overlap,Wheat___mite,Wheat___mite,C:\ROHIT RAJESH\AgriVeyra\ml\data\merged\val\Wheat___mite\mite_63.png,C:\ROHIT RAJESH\AgriVeyra\ml\data\merged\train\Wheat___mite\mite_63.png
train_val_overlap,Wheat___septoria,Wheat___septoria,C:\ROHIT RAJESH\AgriVeyra\ml\data\merged\val\Wheat___septoria\septoria_41.png,C:\ROHIT RAJESH\AgriVeyra\ml\data\merged\train\Wheat___septoria\septoria_1063.png
train_val_overlap,Wheat___aphid,Wheat___aphid,C:\ROHIT RAJESH\AgriVeyra\ml\data\merged\val\Wheat___aphid\aphid_64.png,C:\ROHIT RAJESH\AgriVeyra\ml\data\merged\train\Wheat___aphid\aphid_64.png
train_val_overlap,Wheat___stem_fly,Wheat___stem_fly,C:\ROHIT RAJESH\AgriVeyra\ml\data\merged\val\Wheat___stem_fly\stem_fly_5.png,C:\ROHIT RAJESH\AgriVeyra\ml\data\merged\train\Wheat___stem_fly\stem_fly_224.png
train_val_overlap,Wheat___aphid,Wheat___aphid,C:\ROHIT RAJESH\AgriVeyra\ml\data\merged\val\Wheat___aphid\aphid_40.png,C:\ROHIT RAJESH\AgriVeyra\ml\data\merged\train\Wheat___aphid\aphid_40.png
train_val_overlap,Wheat___stem_fly,Wheat___stem_fly,C:\ROHIT RAJESH\AgriVeyra\ml\data\merged\val\Wheat___stem_fly\stem_fly_35.png,C:\ROHIT RAJESH\AgriVeyra\ml\data\merged\train\Wheat___stem_fly\stem_fly_228.png
train_val_overlap,Wheat___smut,Wheat___smut,C:\ROHIT RAJESH\AgriVeyra\ml\data\merged\val\Wheat___smut\smut_test_25.png,C:\ROHIT RAJESH\AgriVeyra\ml\data\merged\train\Wheat___smut\smut_348.png
train_val_overlap,Wheat___blast,Wheat___blast,C:\ROHIT RAJESH\AgriVeyra\ml\data\merged\val\Wheat___blast\blast_51.png,C:\ROHIT RAJESH\AgriVeyra\ml\data\merged\train\Wheat___blast\blast_51.png
train_val_overlap,Wheat___leaf_blight,Wheat___leaf_blight,C:\ROHIT RAJESH\AgriVeyra\ml\data\merged\val\Wheat___leaf_blight\leaf_blight_87.png,C:\ROHIT RAJESH\AgriVeyra\ml\data\merged\train\Wheat___leaf_blight\leaf_blight_87.png
train_val_overlap,Wheat___aphid,Wheat___aphid,C:\ROHIT RAJESH\AgriVeyra\ml\data\merged\val\Wheat___aphid\aphid_63.png,C:\ROHIT RAJESH\AgriVeyra\ml\data\merged\train\Wheat___aphid\aphid_63.png
train_val_overlap,Wheat___black_rust,Wheat___black_rust,C:\ROHIT RAJESH\AgriVeyra\ml\data\merged\val\Wheat___black_rust\black_rust_28.png,C:\ROHIT RAJESH\AgriVeyra\ml\data\merged\train\Wheat___black_rust\black_rust_172.png
train_val_overlap,Wheat___stem_fly,Wheat___stem_fly,C:\ROHIT RAJESH\AgriVeyra\ml\data\merged\val\Wheat___stem_fly\stem_fly_25.png,C:\ROHIT RAJESH\AgriVeyra\ml\data\merged\train\Wheat___stem_fly\stem_fly_25.png
train_val_overlap,Wheat___leaf_blight,Wheat___leaf_blight,C:\ROHIT RAJESH\AgriVeyra\ml\data\merged\val\Wheat___leaf_blight\leaf_blight_71.png,C:\ROHIT RAJESH\AgriVeyra\ml\data\merged\train\Wheat___leaf_blight\leaf_blight_432.png
train_val_overlap,Wheat___smut,Wheat___smut,C:\ROHIT RAJESH\AgriVeyra\ml\data\merged\val\Wheat___smut\smut_test_32.png,C:\ROHIT RAJESH\AgriVeyra\ml\data\merged\train\Wheat___smut\smut_443.png
train_val_overlap,Wheat___common_root_rot,Wheat___common_root_rot,C:\ROHIT RAJESH\AgriVeyra\ml\data\merged\val\Wheat___common_root_rot\common_root_rot_128.png,C:\ROHIT RAJESH\AgriVeyra\ml\data\merged\train\Wheat___common_root_rot\common_root_rot_128.png
train_val_overlap,Wheat___common_root_rot,Wheat___common_root_rot,C:\ROHIT RAJESH\AgriVeyra\ml\data\merged\val\Wheat___common_root_rot\common_root_rot_146.png,C:\ROHIT RAJESH\AgriVeyra\ml\data\merged\train\Wheat___common_root_rot\common_root_rot_146.png
train_val_overlap,Wheat___mite,Wheat___mite,C:\ROHIT RAJESH\AgriVeyra\ml\data\merged\val\Wheat___mite\mite_50.png,C:\ROHIT RAJESH\AgriVeyra\ml\data\merged\train\Wheat___mite\mite_50.png
train_val_overlap,Wheat___septoria,Wheat___septoria,C:\ROHIT RAJESH\AgriVeyra\ml\data\merged\val\Wheat___septoria\septoria_23.png,C:\ROHIT RAJESH\AgriVeyra\ml\data\merged\train\Wheat___septoria\septoria_23.png
train_val_overlap,Wheat___septoria,Wheat___septoria,C:\ROHIT RAJESH\AgriVeyra\ml\data\merged\val\Wheat___septoria\septoria_7.png,C:\ROHIT RAJESH\AgriVeyra\ml\data\merged\train\Wheat___septoria\septoria_261.png
train_val_overlap,Wheat___stem_fly,Wheat___stem_fly,C:\ROHIT RAJESH\AgriVeyra\ml\data\merged\val\Wheat___stem_fly\stem_fly_19.png,C:\ROHIT RAJESH\AgriVeyra\ml\data\merged\train\Wheat___stem_fly\stem_fly_19.png
train_val_overlap,Wheat___blast,Wheat___blast,C:\ROHIT RAJESH\AgriVeyra\ml\data\merged\val\Wheat___blast\blast_16.png,C:\ROHIT RAJESH\AgriVeyra\ml\data\merged\train\Wheat___blast\blast_16.png
train_val_overlap,Wheat___blast,Wheat___blast,C:\ROHIT RAJESH\AgriVeyra\ml\data\merged\val\Wheat___blast\blast_9.png,C:\ROHIT RAJESH\AgriVeyra\ml\data\merged\train\Wheat___blast\blast_9.png
train_val_overlap,Wheat___blast,Wheat___blast,C:\ROHIT RAJESH\AgriVeyra\ml\data\merged\val\Wheat___blast\blast_0.png,C:\ROHIT RAJESH\AgriVeyra\ml\data\merged\train\Wheat___blast\blast_0.png
train_val_overlap,Wheat___blast,Wheat___blast,C:\ROHIT RAJESH\AgriVeyra\ml\data\merged\val\Wheat___blast\blast_45.png,C:\ROHIT RAJESH\AgriVeyra\ml\data\merged\train\Wheat___blast\blast_45.png
train_val_overlap,Wheat___black_rust,Wheat___black_rust,C:\ROHIT RAJESH\AgriVeyra\ml\data\merged\val\Wheat___black_rust\black_rust_12.png,C:\ROHIT RAJESH\AgriVeyra\ml\data\merged\train\Wheat___black_rust\black_rust_12.png
train_val_overlap,Wheat___black_rust,Wheat___black_rust,C:\ROHIT RAJESH\AgriVeyra\ml\data\merged\val\Wheat___black_rust\black_rust_6.png,C:\ROHIT RAJESH\AgriVeyra\ml\data\merged\train\Wheat___black_rust\black_rust_150.png
train_val_overlap,Wheat___leaf_blight,Wheat___leaf_blight,C:\ROHIT RAJESH\AgriVeyra\ml\data\merged\val\Wheat___leaf_blight\leaf_blight_110.png,C:\ROHIT RAJESH\AgriVeyra\ml\data\merged\train\Wheat___leaf_blight\leaf_blight_110.png
train_val_overlap,Wheat___aphid,Wheat___aphid,C:\ROHIT RAJESH\AgriVeyra\ml\data\merged\val\Wheat___aphid\aphid_51.png,C:\ROHIT RAJESH\AgriVeyra\ml\data\merged\train\Wheat___aphid\aphid_51.png
train_val_overlap,Wheat___stem_fly,Wheat___stem_fly,C:\ROHIT RAJESH\AgriVeyra\ml\data\merged\val\Wheat___stem_fly\stem_fly_15.png,C:\ROHIT RAJESH\AgriVeyra\ml\data\merged\train\Wheat___stem_fly\stem_fly_15.png
train_val_overlap,Wheat___aphid,Wheat___aphid,C:\ROHIT RAJESH\AgriVeyra\ml\data\merged\val\Wheat___aphid\aphid_61.png,C:\ROHIT RAJESH\AgriVeyra\ml\data\merged\train\Wheat___aphid\aphid_61.png
train_val_overlap,Wheat___black_rust,Wheat___black_rust,C:\ROHIT RAJESH\AgriVeyra\ml\data\merged\val\Wheat___black_rust\black_rust_47.png,C:\ROHIT RAJESH\AgriVeyra\ml\data\merged\train\Wheat___black_rust\black_rust_47.png
train_val_overlap,Wheat___leaf_blight,Wheat___leaf_blight,C:\ROHIT RAJESH\AgriVeyra\ml\data\merged\val\Wheat___leaf_blight\leaf_blight_100.png,C:\ROHIT RAJESH\AgriVeyra\ml\data\merged\train\Wheat___leaf_blight\leaf_blight_100.png
train_val_overlap,Wheat___tan_spot,Wheat___tan_spot,C:\ROHIT RAJESH\AgriVeyra\ml\data\merged\val\Wheat___tan_spot\tan_spot_19.png,C:\ROHIT RAJESH\AgriVeyra\ml\data\merged\train\Wheat___tan_spot\tan_spot_19.png
train_val_overlap,Wheat___common_root_rot,Wheat___common_root_rot,C:\ROHIT RAJESH\AgriVeyra\ml\data\merged\val\Wheat___common_root_rot\common_root_rot_150.png,C:\ROHIT RAJESH\AgriVeyra\ml\data\merged\train\Wheat___common_root_rot\common_root_rot_150.png
train_val_overlap,Wheat___stem_fly,Wheat___stem_fly,C:\ROHIT RAJESH\AgriVeyra\ml\data\merged\val\Wheat___stem_fly\stem_fly_47.png,C:\ROHIT RAJESH\AgriVeyra\ml\data\merged\train\Wheat___stem_fly\stem_fly_172.png
train_val_overlap,Wheat___common_root_rot,Wheat___common_root_rot,C:\ROHIT RAJESH\AgriVeyra\ml\data\merged\val\Wheat___common_root_rot\common_root_rot_162.png,C:\ROHIT RAJESH\AgriVeyra\ml\data\merged\train\Wheat___common_root_rot\common_root_rot_162.png
train_val_overlap,Wheat___mite,Wheat___mite,C:\ROHIT RAJESH\AgriVeyra\ml\data\merged\val\Wheat___mite\mite_35.png,C:\ROHIT RAJESH\AgriVeyra\ml\data\merged\train\Wheat___mite\mite_35.png
train_val_overlap,Wheat___leaf_blight,Wheat___leaf_blight,C:\ROHIT RAJESH\AgriVeyra\ml\data\merged\val\Wheat___leaf_blight\leaf_blight_73.png,C:\ROHIT RAJESH\AgriVeyra\ml\data\merged\train\Wheat___leaf_blight\leaf_blight_73.png
train_val_overlap,Wheat___stem_fly,Wheat___stem_fly,C:\ROHIT RAJESH\AgriVeyra\ml\data\merged\val\Wheat___stem_fly\stem_fly_0.png,C:\ROHIT RAJESH\AgriVeyra\ml\data\merged\train\Wheat___stem_fly\stem_fly_0.png
train_val_overlap,Wheat___stem_fly,Wheat___stem_fly,C:\ROHIT RAJESH\AgriVeyra\ml\data\merged\val\Wheat___stem_fly\stem_fly_27.png,C:\ROHIT RAJESH\AgriVeyra\ml\data\merged\train\Wheat___stem_fly\stem_fly_27.png
train_val_overlap,Wheat___leaf_blight,Wheat___leaf_blight,C:\ROHIT RAJESH\AgriVeyra\ml\data\merged\val\Wheat___leaf_blight\leaf_blight_104.png,C:\ROHIT RAJESH\AgriVeyra\ml\data\merged\train\Wheat___leaf_blight\leaf_blight_104.png
train_val_overlap,Wheat___smut,Wheat___smut,C:\ROHIT RAJESH\AgriVeyra\ml\data\merged\val\Wheat___smut\smut_test_28.png,C:\ROHIT RAJESH\AgriVeyra\ml\data\merged\train\Wheat___smut\smut_374.png
train_val_overlap,Wheat___blast,Wheat___blast,C:\ROHIT RAJESH\AgriVeyra\ml\data\merged\val\Wheat___blast\blast_5.png,C:\ROHIT RAJESH\AgriVeyra\ml\data\merged\train\Wheat___blast\blast_5.png
train_val_overlap,Wheat___blast,Wheat___blast,C:\ROHIT RAJESH\AgriVeyra\ml\data\merged\val\Wheat___blast\blast_30.png,C:\ROHIT RAJESH\AgriVeyra\ml\data\merged\train\Wheat___blast\blast_30.png
train_val_overlap,Wheat___aphid,Wheat___aphid,C:\ROHIT RAJESH\AgriVeyra\ml\data\merged\val\Wheat___aphid\aphid_43.png,C:\ROHIT RAJESH\AgriVeyra\ml\data\merged\train\Wheat___aphid\aphid_43.png
train_val_overlap,Wheat___mite,Wheat___mite,C:\ROHIT RAJESH\AgriVeyra\ml\data\merged\val\Wheat___mite\mite_54.png,C:\ROHIT RAJESH\AgriVeyra\ml\data\merged\train\Wheat___mite\mite_54.png
train_val_overlap,Wheat___common_root_rot,Wheat___common_root_rot,C:\ROHIT RAJESH\AgriVeyra\ml\data\merged\val\Wheat___common_root_rot\common_root_rot_143.png,C:\ROHIT RAJESH\AgriVeyra\ml\data\merged\train\Wheat___common_root_rot\common_root_rot_143.png
train_val_overlap,Wheat___tan_spot,Wheat___tan_spot,C:\ROHIT RAJESH\AgriVeyra\ml\data\merged\val\Wheat___tan_spot\tan_spot_18.png,C:\ROHIT RAJESH\AgriVeyra\ml\data\merged\train\Wheat___tan_spot\tan_spot_18.png
train_val_overlap,Wheat___leaf_blight,Wheat___leaf_blight,C:\ROHIT RAJESH\AgriVeyra\ml\data\merged\val\Wheat___leaf_blight\leaf_blight_69.png,C:\ROHIT RAJESH\AgriVeyra\ml\data\merged\train\Wheat___leaf_blight\leaf_blight_69.png
train_val_overlap,Wheat___tan_spot,Wheat___tan_spot,C:\ROHIT RAJESH\AgriVeyra\ml\data\merged\val\Wheat___tan_spot\tan_spot_10.png,C:\ROHIT RAJESH\AgriVeyra\ml\data\merged\train\Wheat___tan_spot\tan_spot_10.png
train_val_overlap,Wheat___blast,Wheat___blast,C:\ROHIT RAJESH\AgriVeyra\ml\data\merged\val\Wheat___blast\blast_29.png,C:\ROHIT RAJESH\AgriVeyra\ml\data\merged\train\Wheat___blast\blast_29.png
train_val_overlap,Wheat___common_root_rot,Wheat___common_root_rot,C:\ROHIT RAJESH\AgriVeyra\ml\data\merged\val\Wheat___common_root_rot\common_root_rot_135.png,C:\ROHIT RAJESH\AgriVeyra\ml\data\merged\train\Wheat___common_root_rot\common_root_rot_135.png
train_val_overlap,Wheat___leaf_blight,Wheat___leaf_blight,C:\ROHIT RAJESH\AgriVeyra\ml\data\merged\val\Wheat___leaf_blight\leaf_blight_88.png,C:\ROHIT RAJESH\AgriVeyra\ml\data\merged\train\Wheat___leaf_blight\leaf_blight_88.png
train_val_overlap,Wheat___tan_spot,Wheat___tan_spot,C:\ROHIT RAJESH\AgriVeyra\ml\data\merged\val\Wheat___tan_spot\tan_spot_45.png,C:\ROHIT RAJESH\AgriVeyra\ml\data\merged\train\Wheat___tan_spot\tan_spot_45.png
train_val_overlap,Wheat___leaf_blight,Wheat___leaf_blight,C:\ROHIT RAJESH\AgriVeyra\ml\data\merged\val\Wheat___leaf_blight\leaf_blight_112.png,C:\ROHIT RAJESH\AgriVeyra\ml\data\merged\train\Wheat___leaf_blight\leaf_blight_112.png
train_val_overlap,Wheat___tan_spot,Wheat___tan_spot,C:\ROHIT RAJESH\AgriVeyra\ml\data\merged\val\Wheat___tan_spot\tan_spot_52.png,C:\ROHIT RAJESH\AgriVeyra\ml\data\merged\train\Wheat___tan_spot\tan_spot_52.png
train_val_overlap,Wheat___mite,Wheat___mite,C:\ROHIT RAJESH\AgriVeyra\ml\data\merged\val\Wheat___mite\mite_27.png,C:\ROHIT RAJESH\AgriVeyra\ml\data\merged\train\Wheat___mite\mite_27.png
train_val_overlap,Wheat___stem_fly,Wheat___stem_fly,C:\ROHIT RAJESH\AgriVeyra\ml\data\merged\val\Wheat___stem_fly\stem_fly_2.png,C:\ROHIT RAJESH\AgriVeyra\ml\data\merged\train\Wheat___stem_fly\stem_fly_2.png
train_val_overlap,Wheat___aphid,Wheat___aphid,C:\ROHIT RAJESH\AgriVeyra\ml\data\merged\val\Wheat___aphid\aphid_59.png,C:\ROHIT RAJESH\AgriVeyra\ml\data\merged\train\Wheat___aphid\aphid_59.png
train_val_overlap,Wheat___smut,Wheat___smut,C:\ROHIT RAJESH\AgriVeyra\ml\data\merged\val\Wheat___smut\smut_test_9.png,C:\ROHIT RAJESH\AgriVeyra\ml\data\merged\train\Wheat___smut\smut_511.png
train_val_overlap,Wheat___septoria,Wheat___septoria,C:\ROHIT RAJESH\AgriVeyra\ml\data\merged\val\Wheat___septoria\septoria_2.png,C:\ROHIT RAJESH\AgriVeyra\ml\data\merged\train\Wheat___septoria\septoria_102.png
train_val_overlap,Wheat___smut,Wheat___smut,C:\ROHIT RAJESH\AgriVeyra\ml\data\merged\val\Wheat___smut\smut_test_44.png,C:\ROHIT RAJESH\AgriVeyra\ml\data\merged\train\Wheat___smut\smut_335.png
train_val_overlap,Wheat___septoria,Wheat___septoria,C:\ROHIT RAJESH\AgriVeyra\ml\data\merged\val\Wheat___septoria\septoria_14.png,C:\ROHIT RAJESH\AgriVeyra\ml\data\merged\train\Wheat___septoria\septoria_14.png
train_val_overlap,Wheat___aphid,Wheat___aphid,C:\ROHIT RAJESH\AgriVeyra\ml\data\merged\val\Wheat___aphid\aphid_41.png,C:\ROHIT RAJESH\AgriVeyra\ml\data\merged\train\Wheat___aphid\aphid_41.png
train_val_overlap,Wheat___septoria,Wheat___septoria,C:\ROHIT RAJESH\AgriVeyra\ml\data\merged\val\Wheat___septoria\septoria_10.png,C:\ROHIT RAJESH\AgriVeyra\ml\data\merged\train\Wheat___septoria\septoria_10.png
train_val_overlap,Wheat___common_root_rot,Wheat___common_root_rot,C:\ROHIT RAJESH\AgriVeyra\ml\data\merged\val\Wheat___common_root_rot\common_root_rot_142.png,C:\ROHIT RAJESH\AgriVeyra\ml\data\merged\train\Wheat___common_root_rot\common_root_rot_142.png
train_val_overlap,Wheat___septoria,Wheat___septoria,C:\ROHIT RAJESH\AgriVeyra\ml\data\merged\val\Wheat___septoria\septoria_36.png,C:\ROHIT RAJESH\AgriVeyra\ml\data\merged\train\Wheat___septoria\septoria_161.png
train_val_overlap,Wheat___blast,Wheat___blast,C:\ROHIT RAJESH\AgriVeyra\ml\data\merged\val\Wheat___blast\blast_14.png,C:\ROHIT RAJESH\AgriVeyra\ml\data\merged\train\Wheat___blast\blast_14.png
train_val_overlap,Wheat___common_root_rot,Wheat___common_root_rot,C:\ROHIT RAJESH\AgriVeyra\ml\data\merged\val\Wheat___common_root_rot\common_root_rot_138.png,C:\ROHIT RAJESH\AgriVeyra\ml\data\merged\train\Wheat___common_root_rot\common_root_rot_138.png
train_val_overlap,Wheat___aphid,Wheat___aphid,C:\ROHIT RAJESH\AgriVeyra\ml\data\merged\val\Wheat___aphid\aphid_53.png,C:\ROHIT RAJESH\AgriVeyra\ml\data\merged\train\Wheat___aphid\aphid_53.png
train_val_overlap,Wheat___aphid,Wheat___aphid,C:\ROHIT RAJESH\AgriVeyra\ml\data\merged\val\Wheat___aphid\aphid_69.png,C:\ROHIT RAJESH\AgriVeyra\ml\data\merged\train\Wheat___aphid\aphid_69.png
train_val_overlap,Wheat___septoria,Wheat___septoria,C:\ROHIT RAJESH\AgriVeyra\ml\data\merged\val\Wheat___septoria\septoria_13.png,C:\ROHIT RAJESH\AgriVeyra\ml\data\merged\train\Wheat___septoria\septoria_13.png
train_val_overlap,Wheat___common_root_rot,Wheat___common_root_rot,C:\ROHIT RAJESH\AgriVeyra\ml\data\merged\val\Wheat___common_root_rot\common_root_rot_171.png,C:\ROHIT RAJESH\AgriVeyra\ml\data\merged\train\Wheat___common_root_rot\common_root_rot_171.png
train_val_overlap,Wheat___blast,Wheat___blast,C:\ROHIT RAJESH\AgriVeyra\ml\data\merged\val\Wheat___blast\blast_2.png,C:\ROHIT RAJESH\AgriVeyra\ml\data\merged\train\Wheat___blast\blast_2.png
train_val_overlap,Wheat___septoria,Wheat___septoria,C:\ROHIT RAJESH\AgriVeyra\ml\data\merged\val\Wheat___septoria\septoria_12.png,C:\ROHIT RAJESH\AgriVeyra\ml\data\merged\train\Wheat___septoria\septoria_12.png
train_val_overlap,Wheat___aphid,Wheat___aphid,C:\ROHIT RAJESH\AgriVeyra\ml\data\merged\val\Wheat___aphid\aphid_65.png,C:\ROHIT RAJESH\AgriVeyra\ml\data\merged\train\Wheat___aphid\aphid_65.png
train_val_overlap,Wheat___mite,Wheat___mite,C:\ROHIT RAJESH\AgriVeyra\ml\data\merged\val\Wheat___mite\mite_34.png,C:\ROHIT RAJESH\AgriVeyra\ml\data\merged\train\Wheat___mite\mite_34.png
train_val_overlap,Wheat___aphid,Wheat___aphid,C:\ROHIT RAJESH\AgriVeyra\ml\data\merged\val\Wheat___aphid\aphid_36.png,C:\ROHIT RAJESH\AgriVeyra\ml\data\merged\train\Wheat___aphid\aphid_36.png
train_val_overlap,Wheat___common_root_rot,Wheat___common_root_rot,C:\ROHIT RAJESH\AgriVeyra\ml\data\merged\val\Wheat___common_root_rot\common_root_rot_149.png,C:\ROHIT RAJESH\AgriVeyra\ml\data\merged\train\Wheat___common_root_rot\common_root_rot_149.png
train_val_overlap,Wheat___smut,Wheat___smut,C:\ROHIT RAJESH\AgriVeyra\ml\data\merged\val\Wheat___smut\smut_test_8.png,C:\ROHIT RAJESH\AgriVeyra\ml\data\merged\train\Wheat___smut\smut_341.png
train_val_overlap,Wheat___mite,Wheat___mite,C:\ROHIT RAJESH\AgriVeyra\ml\data\merged\val\Wheat___mite\mite_19.png,C:\ROHIT RAJESH\AgriVeyra\ml\data\merged\train\Wheat___mite\mite_19.png
train_val_overlap,Wheat___aphid,Wheat___aphid,C:\ROHIT RAJESH\AgriVeyra\ml\data\merged\val\Wheat___aphid\aphid_66.png,C:\ROHIT RAJESH\AgriVeyra\ml\data\merged\train\Wheat___aphid\aphid_66.png
train_val_overlap,Wheat___aphid,Wheat___aphid,C:\ROHIT RAJESH\AgriVeyra\ml\data\merged\val\Wheat___aphid\aphid_75.png,C:\ROHIT RAJESH\AgriVeyra\ml\data\merged\train\Wheat___aphid\aphid_75.png
train_val_overlap,Wheat___smut,Wheat___smut,C:\ROHIT RAJESH\AgriVeyra\ml\data\merged\val\Wheat___smut\smut_test_48.png,C:\ROHIT RAJESH\AgriVeyra\ml\data\merged\train\Wheat___smut\smut_514.png
train_val_overlap,Wheat___smut,Wheat___smut,C:\ROHIT RAJESH\AgriVeyra\ml\data\merged\val\Wheat___smut\smut_test_10.png,C:\ROHIT RAJESH\AgriVeyra\ml\data\merged\train\Wheat___smut\smut_1199.png
train_val_overlap,Wheat___blast,Wheat___blast,C:\ROHIT RAJESH\AgriVeyra\ml\data\merged\val\Wheat___blast\blast_31.png,C:\ROHIT RAJESH\AgriVeyra\ml\data\merged\train\Wheat___blast\blast_31.png
train_val_overlap,Wheat___blast,Wheat___blast,C:\ROHIT RAJESH\AgriVeyra\ml\data\merged\val\Wheat___blast\blast_1.png,C:\ROHIT RAJESH\AgriVeyra\ml\data\merged\train\Wheat___blast\blast_1.png
train_val_overlap,Wheat___common_root_rot,Wheat___common_root_rot,C:\ROHIT RAJESH\AgriVeyra\ml\data\merged\val\Wheat___common_root_rot\common_root_rot_122.png,C:\ROHIT RAJESH\AgriVeyra\ml\data\merged\train\Wheat___common_root_rot\common_root_rot_122.png
train_val_overlap,Wheat___stem_fly,Wheat___stem_fly,C:\ROHIT RAJESH\AgriVeyra\ml\data\merged\val\Wheat___stem_fly\stem_fly_44.png,C:\ROHIT RAJESH\AgriVeyra\ml\data\merged\train\Wheat___stem_fly\stem_fly_170.png
train_val_overlap,Wheat___stem_fly,Wheat___stem_fly,C:\ROHIT RAJESH\AgriVeyra\ml\data\merged\val\Wheat___stem_fly\stem_fly_17.png,C:\ROHIT RAJESH\AgriVeyra\ml\data\merged\train\Wheat___stem_fly\stem_fly_17.png
train_val_overlap,Wheat___stem_fly,Wheat___stem_fly,C:\ROHIT RAJESH\AgriVeyra\ml\data\merged\val\Wheat___stem_fly\stem_fly_32.png,C:\ROHIT RAJESH\AgriVeyra\ml\data\merged\train\Wheat___stem_fly\stem_fly_32.png
train_val_overlap,Wheat___tan_spot,Wheat___tan_spot,C:\ROHIT RAJESH\AgriVeyra\ml\data\merged\val\Wheat___tan_spot\tan_spot_9.png,C:\ROHIT RAJESH\AgriVeyra\ml\data\merged\train\Wheat___tan_spot\tan_spot_9.png
train_val_overlap,Wheat___tan_spot,Wheat___tan_spot,C:\ROHIT RAJESH\AgriVeyra\ml\data\merged\val\Wheat___tan_spot\tan_spot_14.png,C:\ROHIT RAJESH\AgriVeyra\ml\data\merged\train\Wheat___tan_spot\tan_spot_14.png
train_val_overlap,Wheat___septoria,Wheat___septoria,C:\ROHIT RAJESH\AgriVeyra\ml\data\merged\val\Wheat___septoria\septoria_11.png,C:\ROHIT RAJESH\AgriVeyra\ml\data\merged\train\Wheat___septoria\septoria_11.png
train_val_overlap,Wheat___blast,Wheat___blast,C:\ROHIT RAJESH\AgriVeyra\ml\data\merged\val\Wheat___blast\blast_40.png,C:\ROHIT RAJESH\AgriVeyra\ml\data\merged\train\Wheat___blast\blast_40.png
train_val_overlap,Wheat___mite,Wheat___mite,C:\ROHIT RAJESH\AgriVeyra\ml\data\merged\val\Wheat___mite\mite_37.png,C:\ROHIT RAJESH\AgriVeyra\ml\data\merged\train\Wheat___mite\mite_37.png
train_val_overlap,Wheat___septoria,Wheat___septoria,C:\ROHIT RAJESH\AgriVeyra\ml\data\merged\val\Wheat___septoria\septoria_25.png,C:\ROHIT RAJESH\AgriVeyra\ml\data\merged\train\Wheat___septoria\septoria_1090.png
train_val_overlap,Wheat___aphid,Wheat___aphid,C:\ROHIT RAJESH\AgriVeyra\ml\data\merged\val\Wheat___aphid\aphid_55.png,C:\ROHIT RAJESH\AgriVeyra\ml\data\merged\train\Wheat___aphid\aphid_55.png
train_val_overlap,Wheat___leaf_blight,Wheat___leaf_blight,C:\ROHIT RAJESH\AgriVeyra\ml\data\merged\val\Wheat___leaf_blight\leaf_blight_68.png,C:\ROHIT RAJESH\AgriVeyra\ml\data\merged\train\Wheat___leaf_blight\leaf_blight_68.png
train_val_overlap,Wheat___leaf_blight,Wheat___leaf_blight,C:\ROHIT RAJESH\AgriVeyra\ml\data\merged\val\Wheat___leaf_blight\leaf_blight_97.png,C:\ROHIT RAJESH\AgriVeyra\ml\data\merged\train\Wheat___leaf_blight\leaf_blight_419.png
train_val_overlap,Wheat___black_rust,Wheat___black_rust,C:\ROHIT RAJESH\AgriVeyra\ml\data\merged\val\Wheat___black_rust\black_rust_43.png,C:\ROHIT RAJESH\AgriVeyra\ml\data\merged\train\Wheat___black_rust\black_rust_43.png
train_val_overlap,Wheat___blast,Wheat___blast,C:\ROHIT RAJESH\AgriVeyra\ml\data\merged\val\Wheat___blast\blast_33.png,C:\ROHIT RAJESH\AgriVeyra\ml\data\merged\train\Wheat___blast\blast_33.png
train_val_overlap,Wheat___stem_fly,Wheat___stem_fly,C:\ROHIT RAJESH\AgriVeyra\ml\data\merged\val\Wheat___stem_fly\stem_fly_26.png,C:\ROHIT RAJESH\AgriVeyra\ml\data\merged\train\Wheat___stem_fly\stem_fly_26.png
train_val_overlap,Wheat___black_rust,Wheat___black_rust,C:\ROHIT RAJESH\AgriVeyra\ml\data\merged\val\Wheat___black_rust\black_rust_30.png,C:\ROHIT RAJESH\AgriVeyra\ml\data\merged\train\Wheat___black_rust\black_rust_174.png
train_val_overlap,Wheat___smut,Wheat___smut,C:\ROHIT RAJESH\AgriVeyra\ml\data\merged\val\Wheat___smut\smut_test_22.png,C:\ROHIT RAJESH\AgriVeyra\ml\data\merged\train\Wheat___smut\smut_113.png
train_val_overlap,Wheat___tan_spot,Wheat___tan_spot,C:\ROHIT RAJESH\AgriVeyra\ml\data\merged\val\Wheat___tan_spot\tan_spot_48.png,C:\ROHIT RAJESH\AgriVeyra\ml\data\merged\train\Wheat___tan_spot\tan_spot_48.png
train_val_overlap,Wheat___septoria,Wheat___septoria,C:\ROHIT RAJESH\AgriVeyra\ml\data\merged\val\Wheat___septoria\septoria_26.png,C:\ROHIT RAJESH\AgriVeyra\ml\data\merged\train\Wheat___septoria\septoria_26.png
train_val_overlap,Wheat___aphid,Wheat___aphid,C:\ROHIT RAJESH\AgriVeyra\ml\data\merged\val\Wheat___aphid\aphid_68.png,C:\ROHIT RAJESH\AgriVeyra\ml\data\merged\train\Wheat___aphid\aphid_68.png
train_val_overlap,Wheat___common_root_rot,Wheat___common_root_rot,C:\ROHIT RAJESH\AgriVeyra\ml\data\merged\val\Wheat___common_root_rot\common_root_rot_136.png,C:\ROHIT RAJESH\AgriVeyra\ml\data\merged\train\Wheat___common_root_rot\common_root_rot_136.png
train_val_overlap,Wheat___smut,Wheat___smut,C:\ROHIT RAJESH\AgriVeyra\ml\data\merged\val\Wheat___smut\smut_test_14.png,C:\ROHIT RAJESH\AgriVeyra\ml\data\merged\train\Wheat___smut\smut_540.png
train_val_overlap,Wheat___common_root_rot,Wheat___common_root_rot,C:\ROHIT RAJESH\AgriVeyra\ml\data\merged\val\Wheat___common_root_rot\common_root_rot_155.png,C:\ROHIT RAJESH\AgriVeyra\ml\data\merged\train\Wheat___common_root_rot\common_root_rot_155.png
train_val_overlap,Wheat___tan_spot,Wheat___tan_spot,C:\ROHIT RAJESH\AgriVeyra\ml\data\merged\val\Wheat___tan_spot\tan_spot_24.png,C:\ROHIT RAJESH\AgriVeyra\ml\data\merged\train\Wheat___tan_spot\tan_spot_24.png
train_val_overlap,Wheat___smut,Wheat___smut,C:\ROHIT RAJESH\AgriVeyra\ml\data\merged\val\Wheat___smut\smut_test_4.png,C:\ROHIT RAJESH\AgriVeyra\ml\data\merged\train\Wheat___smut\smut_585.png
train_val_overlap,Wheat___black_rust,Wheat___black_rust,C:\ROHIT RAJESH\AgriVeyra\ml\data\merged\val\Wheat___black_rust\black_rust_20.png,C:\ROHIT RAJESH\AgriVeyra\ml\data\merged\train\Wheat___black_rust\black_rust_164.png
train_val_overlap,Wheat___aphid,Wheat___aphid,C:\ROHIT RAJESH\AgriVeyra\ml\data\merged\val\Wheat___aphid\aphid_73.png,C:\ROHIT RAJESH\AgriVeyra\ml\data\merged\train\Wheat___aphid\aphid_73.png
train_val_overlap,Wheat___common_root_rot,Wheat___common_root_rot,C:\ROHIT RAJESH\AgriVeyra\ml\data\merged\val\Wheat___common_root_rot\common_root_rot_147.png,C:\ROHIT RAJESH\AgriVeyra\ml\data\merged\train\Wheat___common_root_rot\common_root_rot_147.png
train_val_overlap,Wheat___septoria,Wheat___septoria,C:\ROHIT RAJESH\AgriVeyra\ml\data\merged\val\Wheat___septoria\septoria_20.png,C:\ROHIT RAJESH\AgriVeyra\ml\data\merged\train\Wheat___septoria\septoria_20.png
train_val_overlap,Wheat___septoria,Wheat___septoria,C:\ROHIT RAJESH\AgriVeyra\ml\data\merged\val\Wheat___septoria\septoria_31.png,C:\ROHIT RAJESH\AgriVeyra\ml\data\merged\train\Wheat___septoria\septoria_31.png
train_val_overlap,Wheat___stem_fly,Wheat___stem_fly,C:\ROHIT RAJESH\AgriVeyra\ml\data\merged\val\Wheat___stem_fly\stem_fly_10.png,C:\ROHIT RAJESH\AgriVeyra\ml\data\merged\train\Wheat___stem_fly\stem_fly_10.png
train_val_overlap,Wheat___septoria,Wheat___septoria,C:\ROHIT RAJESH\AgriVeyra\ml\data\merged\val\Wheat___septoria\septoria_37.png,C:\ROHIT RAJESH\AgriVeyra\ml\data\merged\train\Wheat___septoria\septoria_289.png
train_val_overlap,Wheat___common_root_rot,Wheat___common_root_rot,C:\ROHIT RAJESH\AgriVeyra\ml\data\merged\val\Wheat___common_root_rot\common_root_rot_121.png,C:\ROHIT RAJESH\AgriVeyra\ml\data\merged\train\Wheat___common_root_rot\common_root_rot_121.png
train_val_overlap,Wheat___septoria,Wheat___septoria,C:\ROHIT RAJESH\AgriVeyra\ml\data\merged\val\Wheat___septoria\septoria_48.png,C:\ROHIT RAJESH\AgriVeyra\ml\data\merged\train\Wheat___septoria\septoria_299.png
train_val_overlap,Wheat___mite,Wheat___mite,C:\ROHIT RAJESH\AgriVeyra\ml\data\merged\val\Wheat___mite\mite_21.png,C:\ROHIT RAJESH\AgriVeyra\ml\data\merged\train\Wheat___mite\mite_21.png
train_val_overlap,Wheat___mite,Wheat___mite,C:\ROHIT RAJESH\AgriVeyra\ml\data\merged\val\Wheat___mite\mite_57.png,C:\ROHIT RAJESH\AgriVeyra\ml\data\merged\train\Wheat___mite\mite_57.png
train_val_overlap,Wheat___blast,Wheat___blast,C:\ROHIT RAJESH\AgriVeyra\ml\data\merged\val\Wheat___blast\blast_48.png,C:\ROHIT RAJESH\AgriVeyra\ml\data\merged\train\Wheat___blast\blast_48.png
train_val_overlap,Wheat___mite,Wheat___mite,C:\ROHIT RAJESH\AgriVeyra\ml\data\merged\val\Wheat___mite\mite_28.png,C:\ROHIT RAJESH\AgriVeyra\ml\data\merged\train\Wheat___mite\mite_28.png
train_val_overlap,Wheat___black_rust,Wheat___black_rust,C:\ROHIT RAJESH\AgriVeyra\ml\data\merged\val\Wheat___black_rust\black_rust_36.png,C:\ROHIT RAJESH\AgriVeyra\ml\data\merged\train\Wheat___black_rust\black_rust_180.png
train_val_overlap,Wheat___aphid,Wheat___aphid,C:\ROHIT RAJESH\AgriVeyra\ml\data\merged\val\Wheat___aphid\aphid_39.png,C:\ROHIT RAJESH\AgriVeyra\ml\data\merged\train\Wheat___aphid\aphid_39.png
train_val_overlap,Wheat___septoria,Wheat___septoria,C:\ROHIT RAJESH\AgriVeyra\ml\data\merged\val\Wheat___septoria\septoria_3.png,C:\ROHIT RAJESH\AgriVeyra\ml\data\merged\train\Wheat___septoria\septoria_159.png
train_val_overlap,Wheat___blast,Wheat___blast,C:\ROHIT RAJESH\AgriVeyra\ml\data\merged\val\Wheat___blast\blast_10.png,C:\ROHIT RAJESH\AgriVeyra\ml\data\merged\train\Wheat___blast\blast_10.png
train_val_overlap,Wheat___aphid,Wheat___aphid,C:\ROHIT RAJESH\AgriVeyra\ml\data\merged\val\Wheat___aphid\aphid_72.png,C:\ROHIT RAJESH\AgriVeyra\ml\data\merged\train\Wheat___aphid\aphid_72.png
train_val_overlap,Wheat___stem_fly,Wheat___stem_fly,C:\ROHIT RAJESH\AgriVeyra\ml\data\merged\val\Wheat___stem_fly\stem_fly_21.png,C:\ROHIT RAJESH\AgriVeyra\ml\data\merged\train\Wheat___stem_fly\stem_fly_21.png
train_val_overlap,Wheat___septoria,Wheat___septoria,C:\ROHIT RAJESH\AgriVeyra\ml\data\merged\val\Wheat___septoria\septoria_29.png,C:\ROHIT RAJESH\AgriVeyra\ml\data\merged\train\Wheat___septoria\septoria_282.png
train_val_overlap,Wheat___tan_spot,Wheat___tan_spot,C:\ROHIT RAJESH\AgriVeyra\ml\data\merged\val\Wheat___tan_spot\tan_spot_32.png,C:\ROHIT RAJESH\AgriVeyra\ml\data\merged\train\Wheat___tan_spot\tan_spot_32.png
train_val_overlap,Wheat___aphid,Wheat___aphid,C:\ROHIT RAJESH\AgriVeyra\ml\data\merged\val\Wheat___aphid\aphid_70.png,C:\ROHIT RAJESH\AgriVeyra\ml\data\merged\train\Wheat___aphid\aphid_70.png
train_val_overlap,Wheat___septoria,Wheat___septoria,C:\ROHIT RAJESH\AgriVeyra\ml\data\merged\val\Wheat___septoria\septoria_45.png,C:\ROHIT RAJESH\AgriVeyra\ml\data\merged\train\Wheat___septoria\septoria_45.png
train_val_overlap,Wheat___common_root_rot,Wheat___common_root_rot,C:\ROHIT RAJESH\AgriVeyra\ml\data\merged\val\Wheat___common_root_rot\common_root_rot_133.png,C:\ROHIT RAJESH\AgriVeyra\ml\data\merged\train\Wheat___common_root_rot\common_root_rot_133.png
train_val_overlap,Wheat___smut,Wheat___smut,C:\ROHIT RAJESH\AgriVeyra\ml\data\merged\val\Wheat___smut\smut_test_36.png,C:\ROHIT RAJESH\AgriVeyra\ml\data\merged\train\Wheat___smut\smut_501.png
train_val_overlap,Wheat___septoria,Wheat___septoria,C:\ROHIT RAJESH\AgriVeyra\ml\data\merged\val\Wheat___septoria\septoria_21.png,C:\ROHIT RAJESH\AgriVeyra\ml\data\merged\train\Wheat___septoria\septoria_21.png
train_val_overlap,Wheat___leaf_blight,Wheat___leaf_blight,C:\ROHIT RAJESH\AgriVeyra\ml\data\merged\val\Wheat___leaf_blight\leaf_blight_83.png,C:\ROHIT RAJESH\AgriVeyra\ml\data\merged\train\Wheat___leaf_blight\leaf_blight_345.png
train_val_overlap,Wheat___septoria,Wheat___septoria,C:\ROHIT RAJESH\AgriVeyra\ml\data\merged\val\Wheat___septoria\septoria_28.png,C:\ROHIT RAJESH\AgriVeyra\ml\data\merged\train\Wheat___septoria\septoria_1062.png
train_val_overlap,Wheat___common_root_rot,Wheat___common_root_rot,C:\ROHIT RAJESH\AgriVeyra\ml\data\merged\val\Wheat___common_root_rot\common_root_rot_154.png,C:\ROHIT RAJESH\AgriVeyra\ml\data\merged\train\Wheat___common_root_rot\common_root_rot_154.png
train_val_overlap,Wheat___tan_spot,Wheat___tan_spot,C:\ROHIT RAJESH\AgriVeyra\ml\data\merged\val\Wheat___tan_spot\tan_spot_23.png,C:\ROHIT RAJESH\AgriVeyra\ml\data\merged\train\Wheat___tan_spot\tan_spot_23.png
train_val_overlap,Wheat___leaf_blight,Wheat___leaf_blight,C:\ROHIT RAJESH\AgriVeyra\ml\data\merged\val\Wheat___leaf_blight\leaf_blight_79.png,C:\ROHIT RAJESH\AgriVeyra\ml\data\merged\train\Wheat___leaf_blight\leaf_blight_79.png
train_val_overlap,Wheat___aphid,Wheat___aphid,C:\ROHIT RAJESH\AgriVeyra\ml\data\merged\val\Wheat___aphid\aphid_29.png,C:\ROHIT RAJESH\AgriVeyra\ml\data\merged\train\Wheat___aphid\aphid_29.png
train_val_overlap,Wheat___black_rust,Wheat___black_rust,C:\ROHIT RAJESH\AgriVeyra\ml\data\merged\val\Wheat___black_rust\black_rust_29.png,C:\ROHIT RAJESH\AgriVeyra\ml\data\merged\train\Wheat___black_rust\black_rust_173.png
train_val_overlap,Wheat___leaf_blight,Wheat___leaf_blight,C:\ROHIT RAJESH\AgriVeyra\ml\data\merged\val\Wheat___leaf_blight\leaf_blight_85.png,C:\ROHIT RAJESH\AgriVeyra\ml\data\merged\train\Wheat___leaf_blight\leaf_blight_85.png
train_val_overlap,Wheat___smut,Wheat___smut,C:\ROHIT RAJESH\AgriVeyra\ml\data\merged\val\Wheat___smut\smut_test_3.png,C:\ROHIT RAJESH\AgriVeyra\ml\data\merged\train\Wheat___smut\smut_411.png
train_val_overlap,Wheat___smut,Wheat___smut,C:\ROHIT RAJESH\AgriVeyra\ml\data\merged\val\Wheat___smut\smut_test_35.png,C:\ROHIT RAJESH\AgriVeyra\ml\data\merged\train\Wheat___smut\smut_484.png
train_val_overlap,Wheat___mite,Wheat___mite,C:\ROHIT RAJESH\AgriVeyra\ml\data\merged\val\Wheat___mite\mite_22.png,C:\ROHIT RAJESH\AgriVeyra\ml\data\merged\train\Wheat___mite\mite_22.png
train_val_overlap,Wheat___tan_spot,Wheat___tan_spot,C:\ROHIT RAJESH\AgriVeyra\ml\data\merged\val\Wheat___tan_spot\tan_spot_50.png,C:\ROHIT RAJESH\AgriVeyra\ml\data\merged\train\Wheat___tan_spot\tan_spot_50.png
train_val_overlap,Wheat___mite,Wheat___mite,C:\ROHIT RAJESH\AgriVeyra\ml\data\merged\val\Wheat___mite\mite_46.png,C:\ROHIT RAJESH\AgriVeyra\ml\data\merged\train\Wheat___mite\mite_46.png
train_val_overlap,Wheat___septoria,Wheat___septoria,C:\ROHIT RAJESH\AgriVeyra\ml\data\merged\val\Wheat___septoria\septoria_30.png,C:\ROHIT RAJESH\AgriVeyra\ml\data\merged\train\Wheat___septoria\septoria_284.png
train_val_overlap,Wheat___smut,Wheat___smut,C:\ROHIT RAJESH\AgriVeyra\ml\data\merged\val\Wheat___smut\smut_test_39.png,C:\ROHIT RAJESH\AgriVeyra\ml\data\merged\train\Wheat___smut\smut_503.png
train_val_overlap,Wheat___smut,Wheat___smut,C:\ROHIT RAJESH\AgriVeyra\ml\data\merged\val\Wheat___smut\smut_test_19.png,C:\ROHIT RAJESH\AgriVeyra\ml\data\merged\train\Wheat___smut\smut_1122.png
train_val_overlap,Wheat___septoria,Wheat___septoria,C:\ROHIT RAJESH\AgriVeyra\ml\data\merged\val\Wheat___septoria\septoria_46.png,C:\ROHIT RAJESH\AgriVeyra\ml\data\merged\train\Wheat___septoria\septoria_297.png
train_val_overlap,Wheat___common_root_rot,Wheat___common_root_rot,C:\ROHIT RAJESH\AgriVeyra\ml\data\merged\val\Wheat___common_root_rot\common_root_rot_139.png,C:\ROHIT RAJESH\AgriVeyra\ml\data\merged\train\Wheat___common_root_rot\common_root_rot_139.png
train_val_overlap,Wheat___mite,Wheat___mite,C:\ROHIT RAJESH\AgriVeyra\ml\data\merged\val\Wheat___mite\mite_24.png,C:\ROHIT RAJESH\AgriVeyra\ml\data\merged\train\Wheat___mite\mite_24.png
train_val_overlap,Wheat___smut,Wheat___smut,C:\ROHIT RAJESH\AgriVeyra\ml\data\merged\val\Wheat___smut\smut_test_45.png,C:\ROHIT RAJESH\AgriVeyra\ml\data\merged\train\Wheat___smut\smut_508.png
train_val_overlap,Wheat___stem_fly,Wheat___stem_fly,C:\ROHIT RAJESH\AgriVeyra\ml\data\merged\val\Wheat___stem_fly\stem_fly_28.png,C:\ROHIT RAJESH\AgriVeyra\ml\data\merged\train\Wheat___stem_fly\stem_fly_28.png
train_val_overlap,Wheat___leaf_blight,Wheat___leaf_blight,C:\ROHIT RAJESH\AgriVeyra\ml\data\merged\val\Wheat___leaf_blight\leaf_blight_72.png,C:\ROHIT RAJESH\AgriVeyra\ml\data\merged\train\Wheat___leaf_blight\leaf_blight_72.png
train_val_overlap,Wheat___leaf_blight,Wheat___leaf_blight,C:\ROHIT RAJESH\AgriVeyra\ml\data\merged\val\Wheat___leaf_blight\leaf_blight_95.png,C:\ROHIT RAJESH\AgriVeyra\ml\data\merged\train\Wheat___leaf_blight\leaf_blight_95.png
train_val_overlap,Wheat___tan_spot,Wheat___tan_spot,C:\ROHIT RAJESH\AgriVeyra\ml\data\merged\val\Wheat___tan_spot\tan_spot_42.png,C:\ROHIT RAJESH\AgriVeyra\ml\data\merged\train\Wheat___tan_spot\tan_spot_42.png
train_val_overlap,Wheat___mite,Wheat___mite,C:\ROHIT RAJESH\AgriVeyra\ml\data\merged\val\Wheat___mite\mite_60.png,C:\ROHIT RAJESH\AgriVeyra\ml\data\merged\train\Wheat___mite\mite_60.png
train_val_overlap,Wheat___aphid,Wheat___aphid,C:\ROHIT RAJESH\AgriVeyra\ml\data\merged\val\Wheat___aphid\aphid_48.png,C:\ROHIT RAJESH\AgriVeyra\ml\data\merged\train\Wheat___aphid\aphid_48.png
train_val_overlap,Wheat___tan_spot,Wheat___tan_spot,C:\ROHIT RAJESH\AgriVeyra\ml\data\merged\val\Wheat___tan_spot\tan_spot_26.png,C:\ROHIT RAJESH\AgriVeyra\ml\data\merged\train\Wheat___tan_spot\tan_spot_26.png
train_val_overlap,Wheat___stem_fly,Wheat___stem_fly,C:\ROHIT RAJESH\AgriVeyra\ml\data\merged\val\Wheat___stem_fly\stem_fly_22.png,C:\ROHIT RAJESH\AgriVeyra\ml\data\merged\train\Wheat___stem_fly\stem_fly_22.png
cross_class_duplicate,Wheat___aphid,Wheat___leaf_blight,C:\ROHIT RAJESH\AgriVeyra\ml\data\merged\train\Wheat___aphid\aphid_130.png,C:\ROHIT RAJESH\AgriVeyra\ml\data\merged\train\Wheat___leaf_blight\leaf_blight_519.png
cross_class_duplicate,Wheat___aphid,Wheat___common_root_rot,C:\ROHIT RAJESH\AgriVeyra\ml\data\merged\train\Wheat___aphid\aphid_180.png,C:\ROHIT RAJESH\AgriVeyra\ml\data\merged\train\Wheat___common_root_rot\common_root_rot_44.png
cross_class_duplicate,Wheat___aphid,Wheat___leaf_blight,C:\ROHIT RAJESH\AgriVeyra\ml\data\merged\train\Wheat___aphid\aphid_245.png,C:\ROHIT RAJESH\AgriVeyra\ml\data\merged\train\Wheat___leaf_blight\leaf_blight_817.png
cross_class_duplicate,Wheat___aphid,Wheat___aphid,C:\ROHIT RAJESH\AgriVeyra\ml\data\merged\train\Wheat___aphid\aphid_269.png,C:\ROHIT RAJESH\AgriVeyra\ml\data\merged\train\Wheat___aphid\aphid_855.png
cross_class_duplicate,Wheat___aphid,Wheat___brown_rust,C:\ROHIT RAJESH\AgriVeyra\ml\data\merged\train\Wheat___aphid\aphid_422.png,C:\ROHIT RAJESH\AgriVeyra\ml\data\merged\train\Wheat___brown_rust\brown_rust_1241.png
cross_class_duplicate,Wheat___aphid,Wheat___leaf_blight,C:\ROHIT RAJESH\AgriVeyra\ml\data\merged\train\Wheat___aphid\aphid_525.png,C:\ROHIT RAJESH\AgriVeyra\ml\data\merged\train\Wheat___leaf_blight\leaf_blight_667.png
cross_class_duplicate,Wheat___aphid,Wheat___leaf_blight,C:\ROHIT RAJESH\AgriVeyra\ml\data\merged\train\Wheat___aphid\aphid_686.png,C:\ROHIT RAJESH\AgriVeyra\ml\data\merged\train\Wheat___leaf_blight\leaf_blight_102.png
cross_class_duplicate,Wheat___aphid,Wheat___leaf_blight,C:\ROHIT RAJESH\AgriVeyra\ml\data\merged\train\Wheat___aphid\aphid_742.png,C:\ROHIT RAJESH\AgriVeyra\ml\data\merged\train\Wheat___leaf_blight\leaf_blight_46.png
cross_class_duplicate,Wheat___black_rust,Wheat___black_rust,C:\ROHIT RAJESH\AgriVeyra\ml\data\merged\train\Wheat___black_rust\black_rust_100.png,C:\ROHIT RAJESH\AgriVeyra\ml\data\merged\train\Wheat___black_rust\black_rust_187.png
cross_class_duplicate,Wheat___black_rust,Wheat___black_rust,C:\ROHIT RAJESH\AgriVeyra\ml\data\merged\train\Wheat___black_rust\black_rust_101.png,C:\ROHIT RAJESH\AgriVeyra\ml\data\merged\train\Wheat___black_rust\black_rust_188.png
cross_class_duplicate,Wheat___black_rust,Wheat___black_rust,C:\ROHIT RAJESH\AgriVeyra\ml\data\merged\train\Wheat___black_rust\black_rust_102.png,C:\ROHIT RAJESH\AgriVeyra\ml\data\merged\train\Wheat___black_rust\black_rust_189.png
cross_class_duplicate,Wheat___black_rust,Wheat___black_rust,C:\ROHIT RAJESH\AgriVeyra\ml\data\merged\train\Wheat___black_rust\black_rust_103.png,C:\ROHIT RAJESH\AgriVeyra\ml\data\merged\train\Wheat___black_rust\black_rust_190.png
cross_class_duplicate,Wheat___black_rust,Wheat___black_rust,C:\ROHIT RAJESH\AgriVeyra\ml\data\merged\train\Wheat___black_rust\black_rust_104.png,C:\ROHIT RAJESH\AgriVeyra\ml\data\merged\train\Wheat___black_rust\black_rust_191.png
cross_class_duplicate,Wheat___black_rust,Wheat___black_rust,C:\ROHIT RAJESH\AgriVeyra\ml\data\merged\train\Wheat___black_rust\black_rust_105.png,C:\ROHIT RAJESH\AgriVeyra\ml\data\merged\train\Wheat___black_rust\black_rust_192.png
cross_class_duplicate,Wheat___black_rust,Wheat___black_rust,C:\ROHIT RAJESH\AgriVeyra\ml\data\merged\train\Wheat___black_rust\black_rust_106.png,C:\ROHIT RAJESH\AgriVeyra\ml\data\merged\train\Wheat___black_rust\black_rust_193.png
cross_class_duplicate,Wheat___black_rust,Wheat___black_rust,C:\ROHIT RAJESH\AgriVeyra\ml\data\merged\train\Wheat___black_rust\black_rust_107.png,C:\ROHIT RAJESH\AgriVeyra\ml\data\merged\train\Wheat___black_rust\black_rust_194.png
cross_class_duplicate,Wheat___black_rust,Wheat___black_rust,C:\ROHIT RAJESH\AgriVeyra\ml\data\merged\train\Wheat___black_rust\black_rust_108.png,C:\ROHIT RAJESH\AgriVeyra\ml\data\merged\train\Wheat___black_rust\black_rust_195.png
cross_class_duplicate,Wheat___black_rust,Wheat___brown_rust,C:\ROHIT RAJESH\AgriVeyra\ml\data\merged\train\Wheat___black_rust\black_rust_109.png,C:\ROHIT RAJESH\AgriVeyra\ml\data\merged\train\Wheat___brown_rust\brown_rust_1172.png
cross_class_duplicate,Wheat___black_rust,Wheat___brown_rust,C:\ROHIT RAJESH\AgriVeyra\ml\data\merged\train\Wheat___black_rust\black_rust_110.png,C:\ROHIT RAJESH\AgriVeyra\ml\data\merged\train\Wheat___brown_rust\brown_rust_1173.png
cross_class_duplicate,Wheat___black_rust,Wheat___brown_rust,C:\ROHIT RAJESH\AgriVeyra\ml\data\merged\train\Wheat___black_rust\black_rust_111.png,C:\ROHIT RAJESH\AgriVeyra\ml\data\merged\train\Wheat___brown_rust\brown_rust_1175.png
cross_class_duplicate,Wheat___black_rust,Wheat___brown_rust,C:\ROHIT RAJESH\AgriVeyra\ml\data\merged\train\Wheat___black_rust\black_rust_112.png,C:\ROHIT RAJESH\AgriVeyra\ml\data\merged\train\Wheat___brown_rust\brown_rust_1176.png
cross_class_duplicate,Wheat___black_rust,Wheat___brown_rust,C:\ROHIT RAJESH\AgriVeyra\ml\data\merged\train\Wheat___black_rust\black_rust_113.png,C:\ROHIT RAJESH\AgriVeyra\ml\data\merged\train\Wheat___brown_rust\brown_rust_1178.png
cross_class_duplicate,Wheat___black_rust,Wheat___brown_rust,C:\ROHIT RAJESH\AgriVeyra\ml\data\merged\train\Wheat___black_rust\black_rust_114.png,C:\ROHIT RAJESH\AgriVeyra\ml\data\merged\train\Wheat___brown_rust\brown_rust_1182.png
cross_class_duplicate,Wheat___black_rust,Wheat___brown_rust,C:\ROHIT RAJESH\AgriVeyra\ml\data\merged\train\Wheat___black_rust\black_rust_115.png,C:\ROHIT RAJESH\AgriVeyra\ml\data\merged\train\Wheat___brown_rust\brown_rust_1187.png
cross_class_duplicate,Wheat___black_rust,Wheat___brown_rust,C:\ROHIT RAJESH\AgriVeyra\ml\data\merged\train\Wheat___black_rust\black_rust_116.png,C:\ROHIT RAJESH\AgriVeyra\ml\data\merged\train\Wheat___brown_rust\brown_rust_1188.png
cross_class_duplicate,Wheat___black_rust,Wheat___black_rust,C:\ROHIT RAJESH\AgriVeyra\ml\data\merged\train\Wheat___black_rust\black_rust_117.png,C:\ROHIT RAJESH\AgriVeyra\ml\data\merged\train\Wheat___black_rust\black_rust_196.png
cross_class_duplicate,Wheat___black_rust,Wheat___brown_rust,C:\ROHIT RAJESH\AgriVeyra\ml\data\merged\train\Wheat___black_rust\black_rust_118.png,C:\ROHIT RAJESH\AgriVeyra\ml\data\merged\train\Wheat___brown_rust\brown_rust_1199.png
cross_class_duplicate,Wheat___black_rust,Wheat___brown_rust,C:\ROHIT RAJESH\AgriVeyra\ml\data\merged\train\Wheat___black_rust\black_rust_119.png,C:\ROHIT RAJESH\AgriVeyra\ml\data\merged\train\Wheat___brown_rust\brown_rust_1201.png
cross_class_duplicate,Wheat___black_rust,Wheat___brown_rust,C:\ROHIT RAJESH\AgriVeyra\ml\data\merged\train\Wheat___black_rust\black_rust_120.png,C:\ROHIT RAJESH\AgriVeyra\ml\data\merged\train\Wheat___brown_rust\brown_rust_1202.png
cross_class_duplicate,Wheat___black_rust,Wheat___brown_rust,C:\ROHIT RAJESH\AgriVeyra\ml\data\merged\train\Wheat___black_rust\black_rust_121.png,C:\ROHIT RAJESH\AgriVeyra\ml\data\merged\train\Wheat___brown_rust\brown_rust_1203.png
cross_class_duplicate,Wheat___black_rust,Wheat___brown_rust,C:\ROHIT RAJESH\AgriVeyra\ml\data\merged\train\Wheat___black_rust\black_rust_122.png,C:\ROHIT RAJESH\AgriVeyra\ml\data\merged\train\Wheat___brown_rust\brown_rust_1209.png
cross_class_duplicate,Wheat___black_rust,Wheat___brown_rust,C:\ROHIT RAJESH\AgriVeyra\ml\data\merged\train\Wheat___black_rust\black_rust_123.png,C:\ROHIT RAJESH\AgriVeyra\ml\data\merged\train\Wheat___brown_rust\brown_rust_1211.png
cross_class_duplicate,Wheat___black_rust,Wheat___brown_rust,C:\ROHIT RAJESH\AgriVeyra\ml\data\merged\train\Wheat___black_rust\black_rust_124.png,C:\ROHIT RAJESH\AgriVeyra\ml\data\merged\train\Wheat___brown_rust\brown_rust_1212.png
cross_class_duplicate,Wheat___black_rust,Wheat___brown_rust,C:\ROHIT RAJESH\AgriVeyra\ml\data\merged\train\Wheat___black_rust\black_rust_125.png,C:\ROHIT RAJESH\AgriVeyra\ml\data\merged\train\Wheat___brown_rust\brown_rust_1215.png
cross_class_duplicate,Wheat___black_rust,Wheat___brown_rust,C:\ROHIT RAJESH\AgriVeyra\ml\data\merged\train\Wheat___black_rust\black_rust_126.png,C:\ROHIT RAJESH\AgriVeyra\ml\data\merged\train\Wheat___brown_rust\brown_rust_1216.png
cross_class_duplicate,Wheat___black_rust,Wheat___brown_rust,C:\ROHIT RAJESH\AgriVeyra\ml\data\merged\train\Wheat___black_rust\black_rust_127.png,C:\ROHIT RAJESH\AgriVeyra\ml\data\merged\train\Wheat___brown_rust\brown_rust_1217.png
cross_class_duplicate,Wheat___black_rust,Wheat___brown_rust,C:\ROHIT RAJESH\AgriVeyra\ml\data\merged\train\Wheat___black_rust\black_rust_128.png,C:\ROHIT RAJESH\AgriVeyra\ml\data\merged\train\Wheat___brown_rust\brown_rust_1220.png
cross_class_duplicate,Wheat___black_rust,Wheat___brown_rust,C:\ROHIT RAJESH\AgriVeyra\ml\data\merged\train\Wheat___black_rust\black_rust_129.png,C:\ROHIT RAJESH\AgriVeyra\ml\data\merged\train\Wheat___brown_rust\brown_rust_1221.png
cross_class_duplicate,Wheat___black_rust,Wheat___brown_rust,C:\ROHIT RAJESH\AgriVeyra\ml\data\merged\train\Wheat___black_rust\black_rust_130.png,C:\ROHIT RAJESH\AgriVeyra\ml\data\merged\train\Wheat___brown_rust\brown_rust_1222.png
cross_class_duplicate,Wheat___black_rust,Wheat___brown_rust,C:\ROHIT RAJESH\AgriVeyra\ml\data\merged\train\Wheat___black_rust\black_rust_131.png,C:\ROHIT RAJESH\AgriVeyra\ml\data\merged\train\Wheat___brown_rust\brown_rust_1223.png
cross_class_duplicate,Wheat___black_rust,Wheat___brown_rust,C:\ROHIT RAJESH\AgriVeyra\ml\data\merged\train\Wheat___black_rust\black_rust_132.png,C:\ROHIT RAJESH\AgriVeyra\ml\data\merged\train\Wheat___brown_rust\brown_rust_1224.png
cross_class_duplicate,Wheat___black_rust,Wheat___brown_rust,C:\ROHIT RAJESH\AgriVeyra\ml\data\merged\train\Wheat___black_rust\black_rust_133.png,C:\ROHIT RAJESH\AgriVeyra\ml\data\merged\train\Wheat___brown_rust\brown_rust_1225.png
cross_class_duplicate,Wheat___black_rust,Wheat___brown_rust,C:\ROHIT RAJESH\AgriVeyra\ml\data\merged\train\Wheat___black_rust\black_rust_134.png,C:\ROHIT RAJESH\AgriVeyra\ml\data\merged\train\Wheat___brown_rust\brown_rust_1227.png
cross_class_duplicate,Wheat___black_rust,Wheat___brown_rust,C:\ROHIT RAJESH\AgriVeyra\ml\data\merged\train\Wheat___black_rust\black_rust_135.png,C:\ROHIT RAJESH\AgriVeyra\ml\data\merged\train\Wheat___brown_rust\brown_rust_1228.png
cross_class_duplicate,Wheat___black_rust,Wheat___brown_rust,C:\ROHIT RAJESH\AgriVeyra\ml\data\merged\train\Wheat___black_rust\black_rust_139.png,C:\ROHIT RAJESH\AgriVeyra\ml\data\merged\train\Wheat___brown_rust\brown_rust_1009.png
cross_class_duplicate,Wheat___black_rust,Wheat___black_rust,C:\ROHIT RAJESH\AgriVeyra\ml\data\merged\train\Wheat___black_rust\black_rust_183.png,C:\ROHIT RAJESH\AgriVeyra\ml\data\merged\train\Wheat___black_rust\black_rust_39.png
cross_class_duplicate,Wheat___black_rust,Wheat___black_rust,C:\ROHIT RAJESH\AgriVeyra\ml\data\merged\train\Wheat___black_rust\black_rust_184.png,C:\ROHIT RAJESH\AgriVeyra\ml\data\merged\train\Wheat___black_rust\black_rust_44.png
cross_class_duplicate,Wheat___black_rust,Wheat___black_rust,C:\ROHIT RAJESH\AgriVeyra\ml\data\merged\train\Wheat___black_rust\black_rust_185.png,C:\ROHIT RAJESH\AgriVeyra\ml\data\merged\train\Wheat___black_rust\black_rust_50.png
cross_class_duplicate,Wheat___black_rust,Wheat___black_rust,C:\ROHIT RAJESH\AgriVeyra\ml\data\merged\train\Wheat___black_rust\black_rust_186.png,C:\ROHIT RAJESH\AgriVeyra\ml\data\merged\train\Wheat___black_rust\black_rust_73.png
cross_class_duplicate,Wheat___black_rust,Wheat___brown_rust,C:\ROHIT RAJESH\AgriVeyra\ml\data\merged\train\Wheat___black_rust\black_rust_222.png,C:\ROHIT RAJESH\AgriVeyra\ml\data\merged\train\Wheat___brown_rust\brown_rust_0.png
cross_class_duplicate,Wheat___black_rust,Wheat___brown_rust,C:\ROHIT RAJESH\AgriVeyra\ml\data\merged\train\Wheat___black_rust\black_rust_250.png,C:\ROHIT RAJESH\AgriVeyra\ml\data\merged\train\Wheat___brown_rust\brown_rust_13.png
cross_class_duplicate,Wheat___black_rust,Wheat___brown_rust,C:\ROHIT RAJESH\AgriVeyra\ml\data\merged\train\Wheat___black_rust\black_rust_40.png,C:\ROHIT RAJESH\AgriVeyra\ml\data\merged\train\Wheat___brown_rust\brown_rust_1023.png
cross_class_duplicate,Wheat___black_rust,Wheat___leaf_blight,C:\ROHIT RAJESH\AgriVeyra\ml\data\merged\train\Wheat___black_rust\black_rust_403.png,C:\ROHIT RAJESH\AgriVeyra\ml\data\merged\train\Wheat___leaf_blight\leaf_blight_151.png
cross_class_duplicate,Wheat___black_rust,Wheat___brown_rust,C:\ROHIT RAJESH\AgriVeyra\ml\data\merged\train\Wheat___black_rust\black_rust_41.png,C:\ROHIT RAJESH\AgriVeyra\ml\data\merged\train\Wheat___brown_rust\brown_rust_1025.png
cross_class_duplicate,Wheat___black_rust,Wheat___brown_rust,C:\ROHIT RAJESH\AgriVeyra\ml\data\merged\train\Wheat___black_rust\black_rust_42.png,C:\ROHIT RAJESH\AgriVeyra\ml\data\merged\train\Wheat___brown_rust\brown_rust_1026.png
cross_class_duplicate,Wheat___black_rust,Wheat___brown_rust,C:\ROHIT RAJESH\AgriVeyra\ml\data\merged\train\Wheat___black_rust\black_rust_43.png,C:\ROHIT RAJESH\AgriVeyra\ml\data\merged\train\Wheat___brown_rust\brown_rust_1031.png
cross_class_duplicate,Wheat___black_rust,Wheat___brown_rust,C:\ROHIT RAJESH\AgriVeyra\ml\data\merged\train\Wheat___black_rust\black_rust_45.png,C:\ROHIT RAJESH\AgriVeyra\ml\data\merged\train\Wheat___brown_rust\brown_rust_1034.png
cross_class_duplicate,Wheat___black_rust,Wheat___brown_rust,C:\ROHIT RAJESH\AgriVeyra\ml\data\merged\train\Wheat___black_rust\black_rust_46.png,C:\ROHIT RAJESH\AgriVeyra\ml\data\merged\train\Wheat___brown_rust\brown_rust_1035.png
cross_class_duplicate,Wheat___black_rust,Wheat___brown_rust,C:\ROHIT RAJESH\AgriVeyra\ml\data\merged\train\Wheat___black_rust\black_rust_47.png,C:\ROHIT RAJESH\AgriVeyra\ml\data\merged\train\Wheat___brown_rust\brown_rust_1036.png
cross_class_duplicate,Wheat___black_rust,Wheat___brown_rust,C:\ROHIT RAJESH\AgriVeyra\ml\data\merged\train\Wheat___black_rust\black_rust_48.png,C:\ROHIT RAJESH\AgriVeyra\ml\data\merged\train\Wheat___brown_rust\brown_rust_1038.png
cross_class_duplicate,Wheat___black_rust,Wheat___brown_rust,C:\ROHIT RAJESH\AgriVeyra\ml\data\merged\train\Wheat___black_rust\black_rust_49.png,C:\ROHIT RAJESH\AgriVeyra\ml\data\merged\train\Wheat___brown_rust\brown_rust_1043.png
cross_class_duplicate,Wheat___black_rust,Wheat___brown_rust,C:\ROHIT RAJESH\AgriVeyra\ml\data\merged\train\Wheat___black_rust\black_rust_51.png,C:\ROHIT RAJESH\AgriVeyra\ml\data\merged\train\Wheat___brown_rust\brown_rust_1045.png
cross_class_duplicate,Wheat___black_rust,Wheat___brown_rust,C:\ROHIT RAJESH\AgriVeyra\ml\data\merged\train\Wheat___black_rust\black_rust_52.png,C:\ROHIT RAJESH\AgriVeyra\ml\data\merged\train\Wheat___brown_rust\brown_rust_1046.png
cross_class_duplicate,Wheat___black_rust,Wheat___brown_rust,C:\ROHIT RAJESH\AgriVeyra\ml\data\merged\train\Wheat___black_rust\black_rust_53.png,C:\ROHIT RAJESH\AgriVeyra\ml\data\merged\train\Wheat___brown_rust\brown_rust_1052.png
cross_class_duplicate,Wheat___black_rust,Wheat___brown_rust,C:\ROHIT RAJESH\AgriVeyra\ml\data\merged\train\Wheat___black_rust\black_rust_54.png,C:\ROHIT RAJESH\AgriVeyra\ml\data\merged\train\Wheat___brown_rust\brown_rust_1053.png
cross_class_duplicate,Wheat___black_rust,Wheat___brown_rust,C:\ROHIT RAJESH\AgriVeyra\ml\data\merged\train\Wheat___black_rust\black_rust_543.png,C:\ROHIT RAJESH\AgriVeyra\ml\data\merged\train\Wheat___brown_rust\brown_rust_1247.png
cross_class_duplicate,Wheat___black_rust,Wheat___brown_rust,C:\ROHIT RAJESH\AgriVeyra\ml\data\merged\train\Wheat___black_rust\black_rust_55.png,C:\ROHIT RAJESH\AgriVeyra\ml\data\merged\train\Wheat___brown_rust\brown_rust_1056.png
cross_class_duplicate,Wheat___black_rust,Wheat___brown_rust,C:\ROHIT RAJESH\AgriVeyra\ml\data\merged\train\Wheat___black_rust\black_rust_56.png,C:\ROHIT RAJESH\AgriVeyra\ml\data\merged\train\Wheat___brown_rust\brown_rust_1057.png
cross_class_duplicate,Wheat___black_rust,Wheat___brown_rust,C:\ROHIT RAJESH\AgriVeyra\ml\data\merged\train\Wheat___black_rust\black_rust_566.png,C:\ROHIT RAJESH\AgriVeyra\ml\data\merged\train\Wheat___brown_rust\brown_rust_1270.png
cross_class_duplicate,Wheat___black_rust,Wheat___brown_rust,C:\ROHIT RAJESH\AgriVeyra\ml\data\merged\train\Wheat___black_rust\black_rust_57.png,C:\ROHIT RAJESH\AgriVeyra\ml\data\merged\train\Wheat___brown_rust\brown_rust_1061.png
cross_class_duplicate,Wheat___black_rust,Wheat___brown_rust,C:\ROHIT RAJESH\AgriVeyra\ml\data\merged\train\Wheat___black_rust\black_rust_58.png,C:\ROHIT RAJESH\AgriVeyra\ml\data\merged\train\Wheat___brown_rust\brown_rust_1063.png
cross_class_duplicate,Wheat___black_rust,Wheat___brown_rust,C:\ROHIT RAJESH\AgriVeyra\ml\data\merged\train\Wheat___black_rust\black_rust_59.png,C:\ROHIT RAJESH\AgriVeyra\ml\data\merged\train\Wheat___brown_rust\brown_rust_1067.png
cross_class_duplicate,Wheat___black_rust,Wheat___brown_rust,C:\ROHIT RAJESH\AgriVeyra\ml\data\merged\train\Wheat___black_rust\black_rust_60.png,C:\ROHIT RAJESH\AgriVeyra\ml\data\merged\train\Wheat___brown_rust\brown_rust_1069.png
cross_class_duplicate,Wheat___black_rust,Wheat___brown_rust,C:\ROHIT RAJESH\AgriVeyra\ml\data\merged\train\Wheat___black_rust\black_rust_61.png,C:\ROHIT RAJESH\AgriVeyra\ml\data\merged\train\Wheat___brown_rust\brown_rust_1070.png
cross_class_duplicate,Wheat___black_rust,Wheat___brown_rust,C:\ROHIT RAJESH\AgriVeyra\ml\data\merged\train\Wheat___black_rust\black_rust_62.png,C:\ROHIT RAJESH\AgriVeyra\ml\data\merged\train\Wheat___brown_rust\brown_rust_1072.png
cross_class_duplicate,Wheat___black_rust,Wheat___brown_rust,C:\ROHIT RAJESH\AgriVeyra\ml\data\merged\train\Wheat___black_rust\black_rust_63.png,C:\ROHIT RAJESH\AgriVeyra\ml\data\merged\train\Wheat___brown_rust\brown_rust_1073.png
cross_class_duplicate,Wheat___black_rust,Wheat___brown_rust,C:\ROHIT RAJESH\AgriVeyra\ml\data\merged\train\Wheat___black_rust\black_rust_64.png,C:\ROHIT RAJESH\AgriVeyra\ml\data\merged\train\Wheat___brown_rust\brown_rust_1074.png
cross_class_duplicate,Wheat___black_rust,Wheat___brown_rust,C:\ROHIT RAJESH\AgriVeyra\ml\data\merged\train\Wheat___black_rust\black_rust_65.png,C:\ROHIT RAJESH\AgriVeyra\ml\data\merged\train\Wheat___brown_rust\brown_rust_1076.png
cross_class_duplicate,Wheat___black_rust,Wheat___brown_rust,C:\ROHIT RAJESH\AgriVeyra\ml\data\merged\train\Wheat___black_rust\black_rust_66.png,C:\ROHIT RAJESH\AgriVeyra\ml\data\merged\train\Wheat___brown_rust\brown_rust_1078.png
cross_class_duplicate,Wheat___black_rust,Wheat___brown_rust,C:\ROHIT RAJESH\AgriVeyra\ml\data\merged\train\Wheat___black_rust\black_rust_67.png,C:\ROHIT RAJESH\AgriVeyra\ml\data\merged\train\Wheat___brown_rust\brown_rust_1081.png
cross_class_duplicate,Wheat___black_rust,Wheat___brown_rust,C:\ROHIT RAJESH\AgriVeyra\ml\data\merged\train\Wheat___black_rust\black_rust_68.png,C:\ROHIT RAJESH\AgriVeyra\ml\data\merged\train\Wheat___brown_rust\brown_rust_1082.png
cross_class_duplicate,Wheat___black_rust,Wheat___brown_rust,C:\ROHIT RAJESH\AgriVeyra\ml\data\merged\train\Wheat___black_rust\black_rust_69.png,C:\ROHIT RAJESH\AgriVeyra\ml\data\merged\train\Wheat___brown_rust\brown_rust_1084.png
cross_class_duplicate,Wheat___black_rust,Wheat___brown_rust,C:\ROHIT RAJESH\AgriVeyra\ml\data\merged\train\Wheat___black_rust\black_rust_70.png,C:\ROHIT RAJESH\AgriVeyra\ml\data\merged\train\Wheat___brown_rust\brown_rust_1085.png
cross_class_duplicate,Wheat___black_rust,Wheat___brown_rust,C:\ROHIT RAJESH\AgriVeyra\ml\data\merged\train\Wheat___black_rust\black_rust_71.png,C:\ROHIT RAJESH\AgriVeyra\ml\data\merged\train\Wheat___brown_rust\brown_rust_1086.png
cross_class_duplicate,Wheat___black_rust,Wheat___brown_rust,C:\ROHIT RAJESH\AgriVeyra\ml\data\merged\train\Wheat___black_rust\black_rust_72.png,C:\ROHIT RAJESH\AgriVeyra\ml\data\merged\train\Wheat___brown_rust\brown_rust_1087.png
cross_class_duplicate,Wheat___black_rust,Wheat___brown_rust,C:\ROHIT RAJESH\AgriVeyra\ml\data\merged\train\Wheat___black_rust\black_rust_74.png,C:\ROHIT RAJESH\AgriVeyra\ml\data\merged\train\Wheat___brown_rust\brown_rust_1089.png
cross_class_duplicate,Wheat___black_rust,Wheat___brown_rust,C:\ROHIT RAJESH\AgriVeyra\ml\data\merged\train\Wheat___black_rust\black_rust_75.png,C:\ROHIT RAJESH\AgriVeyra\ml\data\merged\train\Wheat___brown_rust\brown_rust_1091.png
cross_class_duplicate,Wheat___black_rust,Wheat___brown_rust,C:\ROHIT RAJESH\AgriVeyra\ml\data\merged\train\Wheat___black_rust\black_rust_76.png,C:\ROHIT RAJESH\AgriVeyra\ml\data\merged\train\Wheat___brown_rust\brown_rust_1094.png
cross_class_duplicate,Wheat___black_rust,Wheat___brown_rust,C:\ROHIT RAJESH\AgriVeyra\ml\data\merged\train\Wheat___black_rust\black_rust_77.png,C:\ROHIT RAJESH\AgriVeyra\ml\data\merged\train\Wheat___brown_rust\brown_rust_1095.png
cross_class_duplicate,Wheat___black_rust,Wheat___brown_rust,C:\ROHIT RAJESH\AgriVeyra\ml\data\merged\train\Wheat___black_rust\black_rust_78.png,C:\ROHIT RAJESH\AgriVeyra\ml\data\merged\train\Wheat___brown_rust\brown_rust_1097.png
cross_class_duplicate,Wheat___black_rust,Wheat___brown_rust,C:\ROHIT RAJESH\AgriVeyra\ml\data\merged\train\Wheat___black_rust\black_rust_79.png,C:\ROHIT RAJESH\AgriVeyra\ml\data\merged\train\Wheat___brown_rust\brown_rust_1098.png
cross_class_duplicate,Wheat___black_rust,Wheat___brown_rust,C:\ROHIT RAJESH\AgriVeyra\ml\data\merged\train\Wheat___black_rust\black_rust_80.png,C:\ROHIT RAJESH\AgriVeyra\ml\data\merged\train\Wheat___brown_rust\brown_rust_1100.png
cross_class_duplicate,Wheat___black_rust,Wheat___brown_rust,C:\ROHIT RAJESH\AgriVeyra\ml\data\merged\train\Wheat___black_rust\black_rust_81.png,C:\ROHIT RAJESH\AgriVeyra\ml\data\merged\train\Wheat___brown_rust\brown_rust_1101.png
cross_class_duplicate,Wheat___black_rust,Wheat___brown_rust,C:\ROHIT RAJESH\AgriVeyra\ml\data\merged\train\Wheat___black_rust\black_rust_82.png,C:\ROHIT RAJESH\AgriVeyra\ml\data\merged\train\Wheat___brown_rust\brown_rust_1103.png
cross_class_duplicate,Wheat___black_rust,Wheat___brown_rust,C:\ROHIT RAJESH\AgriVeyra\ml\data\merged\train\Wheat___black_rust\black_rust_83.png,C:\ROHIT RAJESH\AgriVeyra\ml\data\merged\train\Wheat___brown_rust\brown_rust_1104.png
cross_class_duplicate,Wheat___black_rust,Wheat___brown_rust,C:\ROHIT RAJESH\AgriVeyra\ml\data\merged\train\Wheat___black_rust\black_rust_84.png,C:\ROHIT RAJESH\AgriVeyra\ml\data\merged\train\Wheat___brown_rust\brown_rust_1105.png
cross_class_duplicate,Wheat___black_rust,Wheat___brown_rust,C:\ROHIT RAJESH\AgriVeyra\ml\data\merged\train\Wheat___black_rust\black_rust_85.png,C:\ROHIT RAJESH\AgriVeyra\ml\data\merged\train\Wheat___brown_rust\brown_rust_1106.png
cross_class_duplicate,Wheat___black_rust,Wheat___brown_rust,C:\ROHIT RAJESH\AgriVeyra\ml\data\merged\train\Wheat___black_rust\black_rust_86.png,C:\ROHIT RAJESH\AgriVeyra\ml\data\merged\train\Wheat___brown_rust\brown_rust_1108.png
cross_class_duplicate,Wheat___black_rust,Wheat___brown_rust,C:\ROHIT RAJESH\AgriVeyra\ml\data\merged\train\Wheat___black_rust\black_rust_87.png,C:\ROHIT RAJESH\AgriVeyra\ml\data\merged\train\Wheat___brown_rust\brown_rust_1109.png
cross_class_duplicate,Wheat___black_rust,Wheat___brown_rust,C:\ROHIT RAJESH\AgriVeyra\ml\data\merged\train\Wheat___black_rust\black_rust_88.png,C:\ROHIT RAJESH\AgriVeyra\ml\data\merged\train\Wheat___brown_rust\brown_rust_1112.png
cross_class_duplicate,Wheat___black_rust,Wheat___brown_rust,C:\ROHIT RAJESH\AgriVeyra\ml\data\merged\train\Wheat___black_rust\black_rust_89.png,C:\ROHIT RAJESH\AgriVeyra\ml\data\merged\train\Wheat___brown_rust\brown_rust_1113.png
cross_class_duplicate,Wheat___black_rust,Wheat___brown_rust,C:\ROHIT RAJESH\AgriVeyra\ml\data\merged\train\Wheat___black_rust\black_rust_90.png,C:\ROHIT RAJESH\AgriVeyra\ml\data\merged\train\Wheat___brown_rust\brown_rust_1117.png
cross_class_duplicate,Wheat___black_rust,Wheat___brown_rust,C:\ROHIT RAJESH\AgriVeyra\ml\data\merged\train\Wheat___black_rust\black_rust_91.png,C:\ROHIT RAJESH\AgriVeyra\ml\data\merged\train\Wheat___brown_rust\brown_rust_1124.png
cross_class_duplicate,Wheat___black_rust,Wheat___brown_rust,C:\ROHIT RAJESH\AgriVeyra\ml\data\merged\train\Wheat___black_rust\black_rust_92.png,C:\ROHIT RAJESH\AgriVeyra\ml\data\merged\train\Wheat___brown_rust\brown_rust_1127.png
cross_class_duplicate,Wheat___black_rust,Wheat___brown_rust,C:\ROHIT RAJESH\AgriVeyra\ml\data\merged\train\Wheat___black_rust\black_rust_93.png,C:\ROHIT RAJESH\AgriVeyra\ml\data\merged\train\Wheat___brown_rust\brown_rust_1128.png
cross_class_duplicate,Wheat___black_rust,Wheat___brown_rust,C:\ROHIT RAJESH\AgriVeyra\ml\data\merged\train\Wheat___black_rust\black_rust_94.png,C:\ROHIT RAJESH\AgriVeyra\ml\data\merged\train\Wheat___brown_rust\brown_rust_1129.png
cross_class_duplicate,Wheat___black_rust,Wheat___brown_rust,C:\ROHIT RAJESH\AgriVeyra\ml\data\merged\train\Wheat___black_rust\black_rust_95.png,C:\ROHIT RAJESH\AgriVeyra\ml\data\merged\train\Wheat___brown_rust\brown_rust_1134.png
cross_class_duplicate,Wheat___black_rust,Wheat___brown_rust,C:\ROHIT RAJESH\AgriVeyra\ml\data\merged\train\Wheat___black_rust\black_rust_96.png,C:\ROHIT RAJESH\AgriVeyra\ml\data\merged\train\Wheat___brown_rust\brown_rust_1135.png
cross_class_duplicate,Wheat___black_rust,Wheat___brown_rust,C:\ROHIT RAJESH\AgriVeyra\ml\data\merged\train\Wheat___black_rust\black_rust_97.png,C:\ROHIT RAJESH\AgriVeyra\ml\data\merged\train\Wheat___brown_rust\brown_rust_1136.png
cross_class_duplicate,Wheat___black_rust,Wheat___brown_rust,C:\ROHIT RAJESH\AgriVeyra\ml\data\merged\train\Wheat___black_rust\black_rust_98.png,C:\ROHIT RAJESH\AgriVeyra\ml\data\merged\train\Wheat___brown_rust\brown_rust_1141.png
cross_class_duplicate,Wheat___black_rust,Wheat___brown_rust,C:\ROHIT RAJESH\AgriVeyra\ml\data\merged\train\Wheat___black_rust\black_rust_99.png,C:\ROHIT RAJESH\AgriVeyra\ml\data\merged\train\Wheat___brown_rust\brown_rust_1142.png
cross_class_duplicate,Wheat___blast,Wheat___blast,C:\ROHIT RAJESH\AgriVeyra\ml\data\merged\train\Wheat___blast\blast_199.png,C:\ROHIT RAJESH\AgriVeyra\ml\data\merged\train\Wheat___blast\blast_539.png
cross_class_duplicate,Wheat___blast,Wheat___healthy,C:\ROHIT RAJESH\AgriVeyra\ml\data\merged\train\Wheat___blast\blast_336.png,C:\ROHIT RAJESH\AgriVeyra\ml\data\merged\train\Wheat___healthy\healthy_810.png
cross_class_duplicate,Wheat___blast,Wheat___leaf_blight,C:\ROHIT RAJESH\AgriVeyra\ml\data\merged\train\Wheat___blast\blast_436.png,C:\ROHIT RAJESH\AgriVeyra\ml\data\merged\train\Wheat___leaf_blight\leaf_blight_263.png
cross_class_duplicate,Wheat___blast,Wheat___common_root_rot,C:\ROHIT RAJESH\AgriVeyra\ml\data\merged\train\Wheat___blast\blast_442.png,C:\ROHIT RAJESH\AgriVeyra\ml\data\merged\train\Wheat___common_root_rot\common_root_rot_290.png
cross_class_duplicate,Wheat___blast,Wheat___leaf_blight,C:\ROHIT RAJESH\AgriVeyra\ml\data\merged\train\Wheat___blast\blast_454.png,C:\ROHIT RAJESH\AgriVeyra\ml\data\merged\train\Wheat___leaf_blight\leaf_blight_358.png
cross_class_duplicate,Wheat___blast,Wheat___leaf_blight,C:\ROHIT RAJESH\AgriVeyra\ml\data\merged\train\Wheat___blast\blast_571.png,C:\ROHIT RAJESH\AgriVeyra\ml\data\merged\train\Wheat___leaf_blight\leaf_blight_197.png
cross_class_duplicate,Wheat___brown_rust,Wheat___leaf_blight,C:\ROHIT RAJESH\AgriVeyra\ml\data\merged\train\Wheat___brown_rust\brown_rust_1017.png,C:\ROHIT RAJESH\AgriVeyra\ml\data\merged\train\Wheat___leaf_blight\leaf_blight_593.png
cross_class_duplicate,Wheat___brown_rust,Wheat___leaf_blight,C:\ROHIT RAJESH\AgriVeyra\ml\data\merged\train\Wheat___brown_rust\brown_rust_1240.png,C:\ROHIT RAJESH\AgriVeyra\ml\data\merged\train\Wheat___leaf_blight\leaf_blight_795.png
cross_class_duplicate,Wheat___brown_rust,Wheat___tan_spot,C:\ROHIT RAJESH\AgriVeyra\ml\data\merged\train\Wheat___brown_rust\brown_rust_1248.png,C:\ROHIT RAJESH\AgriVeyra\ml\data\merged\train\Wheat___tan_spot\tan_spot_525.png
cross_class_duplicate,Wheat___brown_rust,Wheat___tan_spot,C:\ROHIT RAJESH\AgriVeyra\ml\data\merged\train\Wheat___brown_rust\brown_rust_1265.png,C:\ROHIT RAJESH\AgriVeyra\ml\data\merged\train\Wheat___tan_spot\tan_spot_658.png
cross_class_duplicate,Wheat___brown_rust,Wheat___tan_spot,C:\ROHIT RAJESH\AgriVeyra\ml\data\merged\train\Wheat___brown_rust\brown_rust_992.png,C:\ROHIT RAJESH\AgriVeyra\ml\data\merged\train\Wheat___tan_spot\tan_spot_696.png
cross_class_duplicate,Wheat___common_root_rot,Wheat___leaf_blight,C:\ROHIT RAJESH\AgriVeyra\ml\data\merged\train\Wheat___common_root_rot\common_root_rot_179.png,C:\ROHIT RAJESH\AgriVeyra\ml\data\merged\train\Wheat___leaf_blight\leaf_blight_328.png
cross_class_duplicate,Wheat___common_root_rot,Wheat___common_root_rot,C:\ROHIT RAJESH\AgriVeyra\ml\data\merged\train\Wheat___common_root_rot\common_root_rot_23.png,C:\ROHIT RAJESH\AgriVeyra\ml\data\merged\train\Wheat___common_root_rot\common_root_rot_409.png
cross_class_duplicate,Wheat___common_root_rot,Wheat___leaf_blight,C:\ROHIT RAJESH\AgriVeyra\ml\data\merged\train\Wheat___common_root_rot\common_root_rot_257.png,C:\ROHIT RAJESH\AgriVeyra\ml\data\merged\train\Wheat___leaf_blight\leaf_blight_354.png
cross_class_duplicate,Wheat___common_root_rot,Wheat___tan_spot,C:\ROHIT RAJESH\AgriVeyra\ml\data\merged\train\Wheat___common_root_rot\common_root_rot_48.png,C:\ROHIT RAJESH\AgriVeyra\ml\data\merged\train\Wheat___tan_spot\tan_spot_211.png
cross_class_duplicate,Wheat___leaf_blight,Wheat___leaf_blight,C:\ROHIT RAJESH\AgriVeyra\ml\data\merged\train\Wheat___leaf_blight\leaf_blight_116.png,C:\ROHIT RAJESH\AgriVeyra\ml\data\merged\train\Wheat___leaf_blight\leaf_blight_521.png
cross_class_duplicate,Wheat___leaf_blight,Wheat___tan_spot,C:\ROHIT RAJESH\AgriVeyra\ml\data\merged\train\Wheat___leaf_blight\leaf_blight_152.png,C:\ROHIT RAJESH\AgriVeyra\ml\data\merged\train\Wheat___tan_spot\tan_spot_164.png
cross_class_duplicate,Wheat___leaf_blight,Wheat___mite,C:\ROHIT RAJESH\AgriVeyra\ml\data\merged\train\Wheat___leaf_blight\leaf_blight_153.png,C:\ROHIT RAJESH\AgriVeyra\ml\data\merged\train\Wheat___mite\mite_799.png
cross_class_duplicate,Wheat___leaf_blight,Wheat___tan_spot,C:\ROHIT RAJESH\AgriVeyra\ml\data\merged\train\Wheat___leaf_blight\leaf_blight_177.png,C:\ROHIT RAJESH\AgriVeyra\ml\data\merged\train\Wheat___tan_spot\tan_spot_760.png
cross_class_duplicate,Wheat___leaf_blight,Wheat___smut,C:\ROHIT RAJESH\AgriVeyra\ml\data\merged\train\Wheat___leaf_blight\leaf_blight_202.png,C:\ROHIT RAJESH\AgriVeyra\ml\data\merged\train\Wheat___smut\smut_1025.png
cross_class_duplicate,Wheat___leaf_blight,Wheat___tan_spot,C:\ROHIT RAJESH\AgriVeyra\ml\data\merged\train\Wheat___leaf_blight\leaf_blight_211.png,C:\ROHIT RAJESH\AgriVeyra\ml\data\merged\train\Wheat___tan_spot\tan_spot_5.png
cross_class_duplicate,Wheat___leaf_blight,Wheat___leaf_blight,C:\ROHIT RAJESH\AgriVeyra\ml\data\merged\train\Wheat___leaf_blight\leaf_blight_222.png,C:\ROHIT RAJESH\AgriVeyra\ml\data\merged\train\Wheat___leaf_blight\leaf_blight_767.png
cross_class_duplicate,Wheat___leaf_blight,Wheat___smut,C:\ROHIT RAJESH\AgriVeyra\ml\data\merged\train\Wheat___leaf_blight\leaf_blight_288.png,C:\ROHIT RAJESH\AgriVeyra\ml\data\merged\train\Wheat___smut\smut_1064.png
cross_class_duplicate,Wheat___leaf_blight,Wheat___tan_spot,C:\ROHIT RAJESH\AgriVeyra\ml\data\merged\train\Wheat___leaf_blight\leaf_blight_294.png,C:\ROHIT RAJESH\AgriVeyra\ml\data\merged\train\Wheat___tan_spot\tan_spot_51.png
cross_class_duplicate,Wheat___leaf_blight,Wheat___tan_spot,C:\ROHIT RAJESH\AgriVeyra\ml\data\merged\train\Wheat___leaf_blight\leaf_blight_315.png,C:\ROHIT RAJESH\AgriVeyra\ml\data\merged\train\Wheat___tan_spot\tan_spot_155.png
cross_class_duplicate,Wheat___leaf_blight,Wheat___smut,C:\ROHIT RAJESH\AgriVeyra\ml\data\merged\train\Wheat___leaf_blight\leaf_blight_331.png,C:\ROHIT RAJESH\AgriVeyra\ml\data\merged\train\Wheat___smut\smut_1090.png
cross_class_duplicate,Wheat___leaf_blight,Wheat___tan_spot,C:\ROHIT RAJESH\AgriVeyra\ml\data\merged\train\Wheat___leaf_blight\leaf_blight_346.png,C:\ROHIT RAJESH\AgriVeyra\ml\data\merged\train\Wheat___tan_spot\tan_spot_224.png
cross_class_duplicate,Wheat___leaf_blight,Wheat___tan_spot,C:\ROHIT RAJESH\AgriVeyra\ml\data\merged\train\Wheat___leaf_blight\leaf_blight_360.png,C:\ROHIT RAJESH\AgriVeyra\ml\data\merged\train\Wheat___tan_spot\tan_spot_89.png
cross_class_duplicate,Wheat___leaf_blight,Wheat___mite,C:\ROHIT RAJESH\AgriVeyra\ml\data\merged\train\Wheat___leaf_blight\leaf_blight_363.png,C:\ROHIT RAJESH\AgriVeyra\ml\data\merged\train\Wheat___mite\mite_30.png
cross_class_duplicate,Wheat___leaf_blight,Wheat___tan_spot,C:\ROHIT RAJESH\AgriVeyra\ml\data\merged\train\Wheat___leaf_blight\leaf_blight_390.png,C:\ROHIT RAJESH\AgriVeyra\ml\data\merged\train\Wheat___tan_spot\tan_spot_290.png
cross_class_duplicate,Wheat___leaf_blight,Wheat___smut,C:\ROHIT RAJESH\AgriVeyra\ml\data\merged\train\Wheat___leaf_blight\leaf_blight_435.png,C:\ROHIT RAJESH\AgriVeyra\ml\data\merged\train\Wheat___smut\smut_1087.png
cross_class_duplicate,Wheat___leaf_blight,Wheat___tan_spot,C:\ROHIT RAJESH\AgriVeyra\ml\data\merged\train\Wheat___leaf_blight\leaf_blight_463.png,C:\ROHIT RAJESH\AgriVeyra\ml\data\merged\train\Wheat___tan_spot\tan_spot_161.png
cross_class_duplicate,Wheat___leaf_blight,Wheat___tan_spot,C:\ROHIT RAJESH\AgriVeyra\ml\data\merged\train\Wheat___leaf_blight\leaf_blight_528.png,C:\ROHIT RAJESH\AgriVeyra\ml\data\merged\train\Wheat___tan_spot\tan_spot_196.png
cross_class_duplicate,Wheat___leaf_blight,Wheat___leaf_blight,C:\ROHIT RAJESH\AgriVeyra\ml\data\merged\train\Wheat___leaf_blight\leaf_blight_545.png,C:\ROHIT RAJESH\AgriVeyra\ml\data\merged\train\Wheat___leaf_blight\leaf_blight_568.png
cross_class_duplicate,Wheat___leaf_blight,Wheat___septoria,C:\ROHIT RAJESH\AgriVeyra\ml\data\merged\train\Wheat___leaf_blight\leaf_blight_597.png,C:\ROHIT RAJESH\AgriVeyra\ml\data\merged\train\Wheat___septoria\septoria_614.png
cross_class_duplicate,Wheat___leaf_blight,Wheat___septoria,C:\ROHIT RAJESH\AgriVeyra\ml\data\merged\train\Wheat___leaf_blight\leaf_blight_598.png,C:\ROHIT RAJESH\AgriVeyra\ml\data\merged\train\Wheat___septoria\septoria_630.png
cross_class_duplicate,Wheat___leaf_blight,Wheat___septoria,C:\ROHIT RAJESH\AgriVeyra\ml\data\merged\train\Wheat___leaf_blight\leaf_blight_599.png,C:\ROHIT RAJESH\AgriVeyra\ml\data\merged\train\Wheat___septoria\septoria_644.png
cross_class_duplicate,Wheat___leaf_blight,Wheat___septoria,C:\ROHIT RAJESH\AgriVeyra\ml\data\merged\train\Wheat___leaf_blight\leaf_blight_600.png,C:\ROHIT RAJESH\AgriVeyra\ml\data\merged\train\Wheat___septoria\septoria_659.png
cross_class_duplicate,Wheat___leaf_blight,Wheat___leaf_blight,C:\ROHIT RAJESH\AgriVeyra\ml\data\merged\train\Wheat___leaf_blight\leaf_blight_601.png,C:\ROHIT RAJESH\AgriVeyra\ml\data\merged\train\Wheat___leaf_blight\leaf_blight_612.png
cross_class_duplicate,Wheat___leaf_blight,Wheat___septoria,C:\ROHIT RAJESH\AgriVeyra\ml\data\merged\train\Wheat___leaf_blight\leaf_blight_602.png,C:\ROHIT RAJESH\AgriVeyra\ml\data\merged\train\Wheat___septoria\septoria_673.png
cross_class_duplicate,Wheat___leaf_blight,Wheat___septoria,C:\ROHIT RAJESH\AgriVeyra\ml\data\merged\train\Wheat___leaf_blight\leaf_blight_603.png,C:\ROHIT RAJESH\AgriVeyra\ml\data\merged\train\Wheat___septoria\septoria_691.png
cross_class_duplicate,Wheat___leaf_blight,Wheat___septoria,C:\ROHIT RAJESH\AgriVeyra\ml\data\merged\train\Wheat___leaf_blight\leaf_blight_604.png,C:\ROHIT RAJESH\AgriVeyra\ml\data\merged\train\Wheat___septoria\septoria_706.png
cross_class_duplicate,Wheat___leaf_blight,Wheat___septoria,C:\ROHIT RAJESH\AgriVeyra\ml\data\merged\train\Wheat___leaf_blight\leaf_blight_605.png,C:\ROHIT RAJESH\AgriVeyra\ml\data\merged\train\Wheat___septoria\septoria_720.png
cross_class_duplicate,Wheat___leaf_blight,Wheat___septoria,C:\ROHIT RAJESH\AgriVeyra\ml\data\merged\train\Wheat___leaf_blight\leaf_blight_606.png,C:\ROHIT RAJESH\AgriVeyra\ml\data\merged\train\Wheat___septoria\septoria_735.png
cross_class_duplicate,Wheat___leaf_blight,Wheat___septoria,C:\ROHIT RAJESH\AgriVeyra\ml\data\merged\train\Wheat___leaf_blight\leaf_blight_607.png,C:\ROHIT RAJESH\AgriVeyra\ml\data\merged\train\Wheat___septoria\septoria_750.png
cross_class_duplicate,Wheat___leaf_blight,Wheat___septoria,C:\ROHIT RAJESH\AgriVeyra\ml\data\merged\train\Wheat___leaf_blight\leaf_blight_609.png,C:\ROHIT RAJESH\AgriVeyra\ml\data\merged\train\Wheat___septoria\septoria_765.png
cross_class_duplicate,Wheat___leaf_blight,Wheat___septoria,C:\ROHIT RAJESH\AgriVeyra\ml\data\merged\train\Wheat___leaf_blight\leaf_blight_610.png,C:\ROHIT RAJESH\AgriVeyra\ml\data\merged\train\Wheat___septoria\septoria_781.png
cross_class_duplicate,Wheat___leaf_blight,Wheat___septoria,C:\ROHIT RAJESH\AgriVeyra\ml\data\merged\train\Wheat___leaf_blight\leaf_blight_611.png,C:\ROHIT RAJESH\AgriVeyra\ml\data\merged\train\Wheat___septoria\septoria_795.png
cross_class_duplicate,Wheat___leaf_blight,Wheat___septoria,C:\ROHIT RAJESH\AgriVeyra\ml\data\merged\train\Wheat___leaf_blight\leaf_blight_613.png,C:\ROHIT RAJESH\AgriVeyra\ml\data\merged\train\Wheat___septoria\septoria_809.png
cross_class_duplicate,Wheat___leaf_blight,Wheat___septoria,C:\ROHIT RAJESH\AgriVeyra\ml\data\merged\train\Wheat___leaf_blight\leaf_blight_614.png,C:\ROHIT RAJESH\AgriVeyra\ml\data\merged\train\Wheat___septoria\septoria_828.png
cross_class_duplicate,Wheat___leaf_blight,Wheat___septoria,C:\ROHIT RAJESH\AgriVeyra\ml\data\merged\train\Wheat___leaf_blight\leaf_blight_615.png,C:\ROHIT RAJESH\AgriVeyra\ml\data\merged\train\Wheat___septoria\septoria_842.png
cross_class_duplicate,Wheat___leaf_blight,Wheat___septoria,C:\ROHIT RAJESH\AgriVeyra\ml\data\merged\train\Wheat___leaf_blight\leaf_blight_616.png,C:\ROHIT RAJESH\AgriVeyra\ml\data\merged\train\Wheat___septoria\septoria_857.png
cross_class_duplicate,Wheat___leaf_blight,Wheat___septoria,C:\ROHIT RAJESH\AgriVeyra\ml\data\merged\train\Wheat___leaf_blight\leaf_blight_617.png,C:\ROHIT RAJESH\AgriVeyra\ml\data\merged\train\Wheat___septoria\septoria_871.png
cross_class_duplicate,Wheat___leaf_blight,Wheat___septoria,C:\ROHIT RAJESH\AgriVeyra\ml\data\merged\train\Wheat___leaf_blight\leaf_blight_618.png,C:\ROHIT RAJESH\AgriVeyra\ml\data\merged\train\Wheat___septoria\septoria_887.png
cross_class_duplicate,Wheat___leaf_blight,Wheat___septoria,C:\ROHIT RAJESH\AgriVeyra\ml\data\merged\train\Wheat___leaf_blight\leaf_blight_619.png,C:\ROHIT RAJESH\AgriVeyra\ml\data\merged\train\Wheat___septoria\septoria_902.png
cross_class_duplicate,Wheat___leaf_blight,Wheat___tan_spot,C:\ROHIT RAJESH\AgriVeyra\ml\data\merged\train\Wheat___leaf_blight\leaf_blight_620.png,C:\ROHIT RAJESH\AgriVeyra\ml\data\merged\train\Wheat___tan_spot\tan_spot_76.png
cross_class_duplicate,Wheat___leaf_blight,Wheat___septoria,C:\ROHIT RAJESH\AgriVeyra\ml\data\merged\train\Wheat___leaf_blight\leaf_blight_621.png,C:\ROHIT RAJESH\AgriVeyra\ml\data\merged\train\Wheat___septoria\septoria_916.png
cross_class_duplicate,Wheat___leaf_blight,Wheat___septoria,C:\ROHIT RAJESH\AgriVeyra\ml\data\merged\train\Wheat___leaf_blight\leaf_blight_622.png,C:\ROHIT RAJESH\AgriVeyra\ml\data\merged\train\Wheat___septoria\septoria_932.png
cross_class_duplicate,Wheat___leaf_blight,Wheat___septoria,C:\ROHIT RAJESH\AgriVeyra\ml\data\merged\train\Wheat___leaf_blight\leaf_blight_624.png,C:\ROHIT RAJESH\AgriVeyra\ml\data\merged\train\Wheat___septoria\septoria_948.png
cross_class_duplicate,Wheat___leaf_blight,Wheat___septoria,C:\ROHIT RAJESH\AgriVeyra\ml\data\merged\train\Wheat___leaf_blight\leaf_blight_625.png,C:\ROHIT RAJESH\AgriVeyra\ml\data\merged\train\Wheat___septoria\septoria_964.png
cross_class_duplicate,Wheat___leaf_blight,Wheat___septoria,C:\ROHIT RAJESH\AgriVeyra\ml\data\merged\train\Wheat___leaf_blight\leaf_blight_626.png,C:\ROHIT RAJESH\AgriVeyra\ml\data\merged\train\Wheat___septoria\septoria_979.png
cross_class_duplicate,Wheat___leaf_blight,Wheat___septoria,C:\ROHIT RAJESH\AgriVeyra\ml\data\merged\train\Wheat___leaf_blight\leaf_blight_627.png,C:\ROHIT RAJESH\AgriVeyra\ml\data\merged\train\Wheat___septoria\septoria_993.png
cross_class_duplicate,Wheat___leaf_blight,Wheat___septoria,C:\ROHIT RAJESH\AgriVeyra\ml\data\merged\train\Wheat___leaf_blight\leaf_blight_628.png,C:\ROHIT RAJESH\AgriVeyra\ml\data\merged\train\Wheat___septoria\septoria_1007.png
cross_class_duplicate,Wheat___leaf_blight,Wheat___septoria,C:\ROHIT RAJESH\AgriVeyra\ml\data\merged\train\Wheat___leaf_blight\leaf_blight_629.png,C:\ROHIT RAJESH\AgriVeyra\ml\data\merged\train\Wheat___septoria\septoria_1024.png
cross_class_duplicate,Wheat___leaf_blight,Wheat___septoria,C:\ROHIT RAJESH\AgriVeyra\ml\data\merged\train\Wheat___leaf_blight\leaf_blight_630.png,C:\ROHIT RAJESH\AgriVeyra\ml\data\merged\train\Wheat___septoria\septoria_1039.png
cross_class_duplicate,Wheat___leaf_blight,Wheat___septoria,C:\ROHIT RAJESH\AgriVeyra\ml\data\merged\train\Wheat___leaf_blight\leaf_blight_631.png,C:\ROHIT RAJESH\AgriVeyra\ml\data\merged\train\Wheat___septoria\septoria_1053.png
cross_class_duplicate,Wheat___leaf_blight,Wheat___septoria,C:\ROHIT RAJESH\AgriVeyra\ml\data\merged\train\Wheat___leaf_blight\leaf_blight_633.png,C:\ROHIT RAJESH\AgriVeyra\ml\data\merged\train\Wheat___septoria\septoria_1069.png
cross_class_duplicate,Wheat___leaf_blight,Wheat___septoria,C:\ROHIT RAJESH\AgriVeyra\ml\data\merged\train\Wheat___leaf_blight\leaf_blight_635.png,C:\ROHIT RAJESH\AgriVeyra\ml\data\merged\train\Wheat___septoria\septoria_1085.png
cross_class_duplicate,Wheat___leaf_blight,Wheat___septoria,C:\ROHIT RAJESH\AgriVeyra\ml\data\merged\train\Wheat___leaf_blight\leaf_blight_636.png,C:\ROHIT RAJESH\AgriVeyra\ml\data\merged\train\Wheat___septoria\septoria_1101.png
cross_class_duplicate,Wheat___leaf_blight,Wheat___septoria,C:\ROHIT RAJESH\AgriVeyra\ml\data\merged\train\Wheat___leaf_blight\leaf_blight_637.png,C:\ROHIT RAJESH\AgriVeyra\ml\data\merged\train\Wheat___septoria\septoria_1115.png
cross_class_duplicate,Wheat___leaf_blight,Wheat___septoria,C:\ROHIT RAJESH\AgriVeyra\ml\data\merged\train\Wheat___leaf_blight\leaf_blight_638.png,C:\ROHIT RAJESH\AgriVeyra\ml\data\merged\train\Wheat___septoria\septoria_1129.png
cross_class_duplicate,Wheat___leaf_blight,Wheat___septoria,C:\ROHIT RAJESH\AgriVeyra\ml\data\merged\train\Wheat___leaf_blight\leaf_blight_639.png,C:\ROHIT RAJESH\AgriVeyra\ml\data\merged\train\Wheat___septoria\septoria_1143.png
cross_class_duplicate,Wheat___leaf_blight,Wheat___septoria,C:\ROHIT RAJESH\AgriVeyra\ml\data\merged\train\Wheat___leaf_blight\leaf_blight_640.png,C:\ROHIT RAJESH\AgriVeyra\ml\data\merged\train\Wheat___septoria\septoria_19.png
cross_class_duplicate,Wheat___leaf_blight,Wheat___septoria,C:\ROHIT RAJESH\AgriVeyra\ml\data\merged\train\Wheat___leaf_blight\leaf_blight_641.png,C:\ROHIT RAJESH\AgriVeyra\ml\data\merged\train\Wheat___septoria\septoria_33.png
cross_class_duplicate,Wheat___leaf_blight,Wheat___septoria,C:\ROHIT RAJESH\AgriVeyra\ml\data\merged\train\Wheat___leaf_blight\leaf_blight_642.png,C:\ROHIT RAJESH\AgriVeyra\ml\data\merged\train\Wheat___septoria\septoria_49.png
cross_class_duplicate,Wheat___leaf_blight,Wheat___septoria,C:\ROHIT RAJESH\AgriVeyra\ml\data\merged\train\Wheat___leaf_blight\leaf_blight_643.png,C:\ROHIT RAJESH\AgriVeyra\ml\data\merged\train\Wheat___septoria\septoria_63.png
cross_class_duplicate,Wheat___leaf_blight,Wheat___septoria,C:\ROHIT RAJESH\AgriVeyra\ml\data\merged\train\Wheat___leaf_blight\leaf_blight_646.png,C:\ROHIT RAJESH\AgriVeyra\ml\data\merged\train\Wheat___septoria\septoria_78.png
cross_class_duplicate,Wheat___leaf_blight,Wheat___septoria,C:\ROHIT RAJESH\AgriVeyra\ml\data\merged\train\Wheat___leaf_blight\leaf_blight_647.png,C:\ROHIT RAJESH\AgriVeyra\ml\data\merged\train\Wheat___septoria\septoria_95.png
cross_class_duplicate,Wheat___leaf_blight,Wheat___septoria,C:\ROHIT RAJESH\AgriVeyra\ml\data\merged\train\Wheat___leaf_blight\leaf_blight_648.png,C:\ROHIT RAJESH\AgriVeyra\ml\data\merged\train\Wheat___septoria\septoria_109.png
cross_class_duplicate,Wheat___leaf_blight,Wheat___septoria,C:\ROHIT RAJESH\AgriVeyra\ml\data\merged\train\Wheat___leaf_blight\leaf_blight_649.png,C:\ROHIT RAJESH\AgriVeyra\ml\data\merged\train\Wheat___septoria\septoria_124.png
cross_class_duplicate,Wheat___leaf_blight,Wheat___septoria,C:\ROHIT RAJESH\AgriVeyra\ml\data\merged\train\Wheat___leaf_blight\leaf_blight_650.png,C:\ROHIT RAJESH\AgriVeyra\ml\data\merged\train\Wheat___septoria\septoria_140.png
cross_class_duplicate,Wheat___leaf_blight,Wheat___septoria,C:\ROHIT RAJESH\AgriVeyra\ml\data\merged\train\Wheat___leaf_blight\leaf_blight_651.png,C:\ROHIT RAJESH\AgriVeyra\ml\data\merged\train\Wheat___septoria\septoria_155.png
cross_class_duplicate,Wheat___leaf_blight,Wheat___septoria,C:\ROHIT RAJESH\AgriVeyra\ml\data\merged\train\Wheat___leaf_blight\leaf_blight_652.png,C:\ROHIT RAJESH\AgriVeyra\ml\data\merged\train\Wheat___septoria\septoria_1033.png
cross_class_duplicate,Wheat___leaf_blight,Wheat___septoria,C:\ROHIT RAJESH\AgriVeyra\ml\data\merged\train\Wheat___leaf_blight\leaf_blight_653.png,C:\ROHIT RAJESH\AgriVeyra\ml\data\merged\train\Wheat___septoria\septoria_279.png
cross_class_duplicate,Wheat___leaf_blight,Wheat___septoria,C:\ROHIT RAJESH\AgriVeyra\ml\data\merged\train\Wheat___leaf_blight\leaf_blight_654.png,C:\ROHIT RAJESH\AgriVeyra\ml\data\merged\train\Wheat___septoria\septoria_423.png
cross_class_duplicate,Wheat___leaf_blight,Wheat___septoria,C:\ROHIT RAJESH\AgriVeyra\ml\data\merged\train\Wheat___leaf_blight\leaf_blight_655.png,C:\ROHIT RAJESH\AgriVeyra\ml\data\merged\train\Wheat___septoria\septoria_578.png
cross_class_duplicate,Wheat___leaf_blight,Wheat___septoria,C:\ROHIT RAJESH\AgriVeyra\ml\data\merged\train\Wheat___leaf_blight\leaf_blight_658.png,C:\ROHIT RAJESH\AgriVeyra\ml\data\merged\train\Wheat___septoria\septoria_40.png
cross_class_duplicate,Wheat___leaf_blight,Wheat___septoria,C:\ROHIT RAJESH\AgriVeyra\ml\data\merged\train\Wheat___leaf_blight\leaf_blight_659.png,C:\ROHIT RAJESH\AgriVeyra\ml\data\merged\train\Wheat___septoria\septoria_320.png
cross_class_duplicate,Wheat___leaf_blight,Wheat___septoria,C:\ROHIT RAJESH\AgriVeyra\ml\data\merged\train\Wheat___leaf_blight\leaf_blight_660.png,C:\ROHIT RAJESH\AgriVeyra\ml\data\merged\train\Wheat___septoria\septoria_332.png
cross_class_duplicate,Wheat___leaf_blight,Wheat___septoria,C:\ROHIT RAJESH\AgriVeyra\ml\data\merged\train\Wheat___leaf_blight\leaf_blight_661.png,C:\ROHIT RAJESH\AgriVeyra\ml\data\merged\train\Wheat___septoria\septoria_344.png
cross_class_duplicate,Wheat___leaf_blight,Wheat___septoria,C:\ROHIT RAJESH\AgriVeyra\ml\data\merged\train\Wheat___leaf_blight\leaf_blight_662.png,C:\ROHIT RAJESH\AgriVeyra\ml\data\merged\train\Wheat___septoria\septoria_357.png
cross_class_duplicate,Wheat___leaf_blight,Wheat___septoria,C:\ROHIT RAJESH\AgriVeyra\ml\data\merged\train\Wheat___leaf_blight\leaf_blight_663.png,C:\ROHIT RAJESH\AgriVeyra\ml\data\merged\train\Wheat___septoria\septoria_370.png
cross_class_duplicate,Wheat___leaf_blight,Wheat___septoria,C:\ROHIT RAJESH\AgriVeyra\ml\data\merged\train\Wheat___leaf_blight\leaf_blight_664.png,C:\ROHIT RAJESH\AgriVeyra\ml\data\merged\train\Wheat___septoria\septoria_394.png
cross_class_duplicate,Wheat___leaf_blight,Wheat___septoria,C:\ROHIT RAJESH\AgriVeyra\ml\data\merged\train\Wheat___leaf_blight\leaf_blight_665.png,C:\ROHIT RAJESH\AgriVeyra\ml\data\merged\train\Wheat___septoria\septoria_406.png
cross_class_duplicate,Wheat___leaf_blight,Wheat___septoria,C:\ROHIT RAJESH\AgriVeyra\ml\data\merged\train\Wheat___leaf_blight\leaf_blight_666.png,C:\ROHIT RAJESH\AgriVeyra\ml\data\merged\train\Wheat___septoria\septoria_418.png
cross_class_duplicate,Wheat___leaf_blight,Wheat___septoria,C:\ROHIT RAJESH\AgriVeyra\ml\data\merged\train\Wheat___leaf_blight\leaf_blight_669.png,C:\ROHIT RAJESH\AgriVeyra\ml\data\merged\train\Wheat___septoria\septoria_430.png
cross_class_duplicate,Wheat___leaf_blight,Wheat___septoria,C:\ROHIT RAJESH\AgriVeyra\ml\data\merged\train\Wheat___leaf_blight\leaf_blight_671.png,C:\ROHIT RAJESH\AgriVeyra\ml\data\merged\train\Wheat___septoria\septoria_443.png
cross_class_duplicate,Wheat___leaf_blight,Wheat___septoria,C:\ROHIT RAJESH\AgriVeyra\ml\data\merged\train\Wheat___leaf_blight\leaf_blight_672.png,C:\ROHIT RAJESH\AgriVeyra\ml\data\merged\train\Wheat___septoria\septoria_468.png
cross_class_duplicate,Wheat___leaf_blight,Wheat___septoria,C:\ROHIT RAJESH\AgriVeyra\ml\data\merged\train\Wheat___leaf_blight\leaf_blight_673.png,C:\ROHIT RAJESH\AgriVeyra\ml\data\merged\train\Wheat___septoria\septoria_481.png
cross_class_duplicate,Wheat___leaf_blight,Wheat___septoria,C:\ROHIT RAJESH\AgriVeyra\ml\data\merged\train\Wheat___leaf_blight\leaf_blight_674.png,C:\ROHIT RAJESH\AgriVeyra\ml\data\merged\train\Wheat___septoria\septoria_493.png
cross_class_duplicate,Wheat___leaf_blight,Wheat___septoria,C:\ROHIT RAJESH\AgriVeyra\ml\data\merged\train\Wheat___leaf_blight\leaf_blight_675.png,C:\ROHIT RAJESH\AgriVeyra\ml\data\merged\train\Wheat___septoria\septoria_505.png
cross_class_duplicate,Wheat___leaf_blight,Wheat___septoria,C:\ROHIT RAJESH\AgriVeyra\ml\data\merged\train\Wheat___leaf_blight\leaf_blight_676.png,C:\ROHIT RAJESH\AgriVeyra\ml\data\merged\train\Wheat___septoria\septoria_529.png
cross_class_duplicate,Wheat___leaf_blight,Wheat___septoria,C:\ROHIT RAJESH\AgriVeyra\ml\data\merged\train\Wheat___leaf_blight\leaf_blight_677.png,C:\ROHIT RAJESH\AgriVeyra\ml\data\merged\train\Wheat___septoria\septoria_541.png
cross_class_duplicate,Wheat___leaf_blight,Wheat___septoria,C:\ROHIT RAJESH\AgriVeyra\ml\data\merged\train\Wheat___leaf_blight\leaf_blight_678.png,C:\ROHIT RAJESH\AgriVeyra\ml\data\merged\train\Wheat___septoria\septoria_553.png
cross_class_duplicate,Wheat___leaf_blight,Wheat___septoria,C:\ROHIT RAJESH\AgriVeyra\ml\data\merged\train\Wheat___leaf_blight\leaf_blight_680.png,C:\ROHIT RAJESH\AgriVeyra\ml\data\merged\train\Wheat___septoria\septoria_566.png
cross_class_duplicate,Wheat___leaf_blight,Wheat___septoria,C:\ROHIT RAJESH\AgriVeyra\ml\data\merged\train\Wheat___leaf_blight\leaf_blight_681.png,C:\ROHIT RAJESH\AgriVeyra\ml\data\merged\train\Wheat___septoria\septoria_579.png
cross_class_duplicate,Wheat___leaf_blight,Wheat___septoria,C:\ROHIT RAJESH\AgriVeyra\ml\data\merged\train\Wheat___leaf_blight\leaf_blight_683.png,C:\ROHIT RAJESH\AgriVeyra\ml\data\merged\train\Wheat___septoria\septoria_592.png
cross_class_duplicate,Wheat___leaf_blight,Wheat___septoria,C:\ROHIT RAJESH\AgriVeyra\ml\data\merged\train\Wheat___leaf_blight\leaf_blight_684.png,C:\ROHIT RAJESH\AgriVeyra\ml\data\merged\train\Wheat___septoria\septoria_616.png
cross_class_duplicate,Wheat___leaf_blight,Wheat___septoria,C:\ROHIT RAJESH\AgriVeyra\ml\data\merged\train\Wheat___leaf_blight\leaf_blight_685.png,C:\ROHIT RAJESH\AgriVeyra\ml\data\merged\train\Wheat___septoria\septoria_628.png
cross_class_duplicate,Wheat___leaf_blight,Wheat___septoria,C:\ROHIT RAJESH\AgriVeyra\ml\data\merged\train\Wheat___leaf_blight\leaf_blight_686.png,C:\ROHIT RAJESH\AgriVeyra\ml\data\merged\train\Wheat___septoria\septoria_640.png
cross_class_duplicate,Wheat___leaf_blight,Wheat___septoria,C:\ROHIT RAJESH\AgriVeyra\ml\data\merged\train\Wheat___leaf_blight\leaf_blight_687.png,C:\ROHIT RAJESH\AgriVeyra\ml\data\merged\train\Wheat___septoria\septoria_664.png
cross_class_duplicate,Wheat___leaf_blight,Wheat___septoria,C:\ROHIT RAJESH\AgriVeyra\ml\data\merged\train\Wheat___leaf_blight\leaf_blight_688.png,C:\ROHIT RAJESH\AgriVeyra\ml\data\merged\train\Wheat___septoria\septoria_676.png
cross_class_duplicate,Wheat___leaf_blight,Wheat___septoria,C:\ROHIT RAJESH\AgriVeyra\ml\data\merged\train\Wheat___leaf_blight\leaf_blight_689.png,C:\ROHIT RAJESH\AgriVeyra\ml\data\merged\train\Wheat___septoria\septoria_690.png
cross_class_duplicate,Wheat___leaf_blight,Wheat___septoria,C:\ROHIT RAJESH\AgriVeyra\ml\data\merged\train\Wheat___leaf_blight\leaf_blight_691.png,C:\ROHIT RAJESH\AgriVeyra\ml\data\merged\train\Wheat___septoria\septoria_703.png
cross_class_duplicate,Wheat___leaf_blight,Wheat___mite,C:\ROHIT RAJESH\AgriVeyra\ml\data\merged\train\Wheat___leaf_blight\leaf_blight_707.png,C:\ROHIT RAJESH\AgriVeyra\ml\data\merged\train\Wheat___mite\mite_6.png
cross_class_duplicate,Wheat___leaf_blight,Wheat___septoria,C:\ROHIT RAJESH\AgriVeyra\ml\data\merged\train\Wheat___leaf_blight\leaf_blight_769.png,C:\ROHIT RAJESH\AgriVeyra\ml\data\merged\train\Wheat___septoria\septoria_474.png
cross_class_duplicate,Wheat___leaf_blight,Wheat___septoria,C:\ROHIT RAJESH\AgriVeyra\ml\data\merged\train\Wheat___leaf_blight\leaf_blight_770.png,C:\ROHIT RAJESH\AgriVeyra\ml\data\merged\train\Wheat___septoria\septoria_476.png
cross_class_duplicate,Wheat___leaf_blight,Wheat___septoria,C:\ROHIT RAJESH\AgriVeyra\ml\data\merged\train\Wheat___leaf_blight\leaf_blight_771.png,C:\ROHIT RAJESH\AgriVeyra\ml\data\merged\train\Wheat___septoria\septoria_629.png
cross_class_duplicate,Wheat___leaf_blight,Wheat___septoria,C:\ROHIT RAJESH\AgriVeyra\ml\data\merged\train\Wheat___leaf_blight\leaf_blight_772.png,C:\ROHIT RAJESH\AgriVeyra\ml\data\merged\train\Wheat___septoria\septoria_780.png
cross_class_duplicate,Wheat___leaf_blight,Wheat___septoria,C:\ROHIT RAJESH\AgriVeyra\ml\data\merged\train\Wheat___leaf_blight\leaf_blight_773.png,C:\ROHIT RAJESH\AgriVeyra\ml\data\merged\train\Wheat___septoria\septoria_931.png
cross_class_duplicate,Wheat___leaf_blight,Wheat___septoria,C:\ROHIT RAJESH\AgriVeyra\ml\data\merged\train\Wheat___leaf_blight\leaf_blight_774.png,C:\ROHIT RAJESH\AgriVeyra\ml\data\merged\train\Wheat___septoria\septoria_1083.png
cross_class_duplicate,Wheat___leaf_blight,Wheat___septoria,C:\ROHIT RAJESH\AgriVeyra\ml\data\merged\train\Wheat___leaf_blight\leaf_blight_775.png,C:\ROHIT RAJESH\AgriVeyra\ml\data\merged\train\Wheat___septoria\septoria_94.png
cross_class_duplicate,Wheat___leaf_blight,Wheat___septoria,C:\ROHIT RAJESH\AgriVeyra\ml\data\merged\train\Wheat___leaf_blight\leaf_blight_776.png,C:\ROHIT RAJESH\AgriVeyra\ml\data\merged\train\Wheat___septoria\septoria_307.png
cross_class_duplicate,Wheat___leaf_blight,Wheat___septoria,C:\ROHIT RAJESH\AgriVeyra\ml\data\merged\train\Wheat___leaf_blight\leaf_blight_777.png,C:\ROHIT RAJESH\AgriVeyra\ml\data\merged\train\Wheat___septoria\septoria_455.png
cross_class_duplicate,Wheat___leaf_blight,Wheat___septoria,C:\ROHIT RAJESH\AgriVeyra\ml\data\merged\train\Wheat___leaf_blight\leaf_blight_781.png,C:\ROHIT RAJESH\AgriVeyra\ml\data\merged\train\Wheat___septoria\septoria_604.png
cross_class_duplicate,Wheat___leaf_blight,Wheat___septoria,C:\ROHIT RAJESH\AgriVeyra\ml\data\merged\train\Wheat___leaf_blight\leaf_blight_782.png,C:\ROHIT RAJESH\AgriVeyra\ml\data\merged\train\Wheat___septoria\septoria_477.png
cross_class_duplicate,Wheat___leaf_blight,Wheat___septoria,C:\ROHIT RAJESH\AgriVeyra\ml\data\merged\train\Wheat___leaf_blight\leaf_blight_783.png,C:\ROHIT RAJESH\AgriVeyra\ml\data\merged\train\Wheat___septoria\septoria_494.png
cross_class_duplicate,Wheat___leaf_blight,Wheat___septoria,C:\ROHIT RAJESH\AgriVeyra\ml\data\merged\train\Wheat___leaf_blight\leaf_blight_784.png,C:\ROHIT RAJESH\AgriVeyra\ml\data\merged\train\Wheat___septoria\septoria_508.png
cross_class_duplicate,Wheat___leaf_blight,Wheat___septoria,C:\ROHIT RAJESH\AgriVeyra\ml\data\merged\train\Wheat___leaf_blight\leaf_blight_785.png,C:\ROHIT RAJESH\AgriVeyra\ml\data\merged\train\Wheat___septoria\septoria_522.png
cross_class_duplicate,Wheat___leaf_blight,Wheat___septoria,C:\ROHIT RAJESH\AgriVeyra\ml\data\merged\train\Wheat___leaf_blight\leaf_blight_786.png,C:\ROHIT RAJESH\AgriVeyra\ml\data\merged\train\Wheat___septoria\septoria_537.png
cross_class_duplicate,Wheat___leaf_blight,Wheat___septoria,C:\ROHIT RAJESH\AgriVeyra\ml\data\merged\train\Wheat___leaf_blight\leaf_blight_787.png,C:\ROHIT RAJESH\AgriVeyra\ml\data\merged\train\Wheat___septoria\septoria_552.png
cross_class_duplicate,Wheat___leaf_blight,Wheat___septoria,C:\ROHIT RAJESH\AgriVeyra\ml\data\merged\train\Wheat___leaf_blight\leaf_blight_788.png,C:\ROHIT RAJESH\AgriVeyra\ml\data\merged\train\Wheat___septoria\septoria_569.png
cross_class_duplicate,Wheat___leaf_blight,Wheat___septoria,C:\ROHIT RAJESH\AgriVeyra\ml\data\merged\train\Wheat___leaf_blight\leaf_blight_789.png,C:\ROHIT RAJESH\AgriVeyra\ml\data\merged\train\Wheat___septoria\septoria_583.png
cross_class_duplicate,Wheat___leaf_blight,Wheat___septoria,C:\ROHIT RAJESH\AgriVeyra\ml\data\merged\train\Wheat___leaf_blight\leaf_blight_791.png,C:\ROHIT RAJESH\AgriVeyra\ml\data\merged\train\Wheat___septoria\septoria_598.png
cross_class_duplicate,Wheat___leaf_blight,Wheat___tan_spot,C:\ROHIT RAJESH\AgriVeyra\ml\data\merged\train\Wheat___leaf_blight\leaf_blight_793.png,C:\ROHIT RAJESH\AgriVeyra\ml\data\merged\train\Wheat___tan_spot\tan_spot_509.png
cross_class_duplicate,Wheat___leaf_blight,Wheat___tan_spot,C:\ROHIT RAJESH\AgriVeyra\ml\data\merged\train\Wheat___leaf_blight\leaf_blight_794.png,C:\ROHIT RAJESH\AgriVeyra\ml\data\merged\train\Wheat___tan_spot\tan_spot_251.png
cross_class_duplicate,Wheat___leaf_blight,Wheat___tan_spot,C:\ROHIT RAJESH\AgriVeyra\ml\data\merged\train\Wheat___leaf_blight\leaf_blight_798.png,C:\ROHIT RAJESH\AgriVeyra\ml\data\merged\train\Wheat___tan_spot\tan_spot_372.png
cross_class_duplicate,Wheat___leaf_blight,Wheat___tan_spot,C:\ROHIT RAJESH\AgriVeyra\ml\data\merged\train\Wheat___leaf_blight\leaf_blight_802.png,C:\ROHIT RAJESH\AgriVeyra\ml\data\merged\train\Wheat___tan_spot\tan_spot_522.png
cross_class_duplicate,Wheat___leaf_blight,Wheat___tan_spot,C:\ROHIT RAJESH\AgriVeyra\ml\data\merged\train\Wheat___leaf_blight\leaf_blight_808.png,C:\ROHIT RAJESH\AgriVeyra\ml\data\merged\train\Wheat___tan_spot\tan_spot_561.png
cross_class_duplicate,Wheat___leaf_blight,Wheat___tan_spot,C:\ROHIT RAJESH\AgriVeyra\ml\data\merged\train\Wheat___leaf_blight\leaf_blight_809.png,C:\ROHIT RAJESH\AgriVeyra\ml\data\merged\train\Wheat___tan_spot\tan_spot_736.png
cross_class_duplicate,Wheat___leaf_blight,Wheat___tan_spot,C:\ROHIT RAJESH\AgriVeyra\ml\data\merged\train\Wheat___leaf_blight\leaf_blight_815.png,C:\ROHIT RAJESH\AgriVeyra\ml\data\merged\train\Wheat___tan_spot\tan_spot_598.png
cross_class_duplicate,Wheat___leaf_blight,Wheat___tan_spot,C:\ROHIT RAJESH\AgriVeyra\ml\data\merged\train\Wheat___leaf_blight\leaf_blight_818.png,C:\ROHIT RAJESH\AgriVeyra\ml\data\merged\train\Wheat___tan_spot\tan_spot_610.png
cross_class_duplicate,Wheat___smut,Wheat___smut,C:\ROHIT RAJESH\AgriVeyra\ml\data\merged\train\Wheat___smut\smut_1004.png,C:\ROHIT RAJESH\AgriVeyra\ml\data\merged\train\Wheat___smut\smut_621.png
cross_class_duplicate,Wheat___smut,Wheat___smut,C:\ROHIT RAJESH\AgriVeyra\ml\data\merged\train\Wheat___smut\smut_1059.png,C:\ROHIT RAJESH\AgriVeyra\ml\data\merged\train\Wheat___smut\smut_223.png
cross_class_duplicate,Wheat___smut,Wheat___smut,C:\ROHIT RAJESH\AgriVeyra\ml\data\merged\train\Wheat___smut\smut_1206.png,C:\ROHIT RAJESH\AgriVeyra\ml\data\merged\train\Wheat___smut\smut_272.png
