split,image,ground_truth,tflite_top,tflite_conf,torch_top,torch_conf,max_prob_delta,agreement,tflite_correct,torch_correct,tflite_gt_prob,torch_gt_prob
val,01a66316-0e98-4d3b-a56f-d78752cd043f___FREC_Scab 3003.JPG,Apple___Apple_scab,Apple___Apple_scab,1.0,Apple___Apple_scab,1.0,4.336808689942018e-18,True,True,True,1.0,1.0
val,0cbfa4fa-63d8-43ce-9385-ff140e524b69___FREC_Scab 3164_270deg.JPG,Apple___Apple_scab,Apple___Apple_scab,1.0,Apple___Apple_scab,1.0,9.131584377541913e-15,True,True,True,1.0,1.0
val,1cdf2779-8cb1-4ae4-be70-b0eeb1abb0f8___FREC_Scab 3370_90deg.JPG,Apple___Apple_scab,Apple___Apple_scab,1.0,Apple___Apple_scab,1.0,3.4867941867133823e-16,True,True,True,1.0,1.0
val,29ab8216-ec38-4efd-9c77-21068fa899a4___FREC_Scab 3241_new30degFlipLR.JPG,Apple___Apple_scab,Apple___Apple_scab,1.0,Apple___Apple_scab,1.0,1.249000902703301e-16,True,True,True,1.0,1.0
val,32454154-edbf-464f-8097-e99a3d9a15af___FREC_Scab 2936.JPG,Apple___Apple_scab,Apple___Apple_scab,1.0,Apple___Apple_scab,1.0,6.039613253960852e-14,True,True,True,1.0,1.0
val,4512edee-9d3b-451e-845d-86666feebe99___FREC_Scab 3328_270deg.JPG,Apple___Apple_scab,Apple___Apple_scab,1.0,Apple___Apple_scab,1.0,8.239936510889834e-18,True,True,True,1.0,1.0
val,53c67c39-c05f-4b2e-939e-23d44a32efac___FREC_Scab 3087_90deg.JPG,Apple___Apple_scab,Apple___Apple_scab,1.0,Apple___Apple_scab,1.0,5.169475958410885e-15,True,True,True,1.0,1.0
val,6171eecd-e385-4010-b9cd-5982f4674fee___FREC_Scab 2911_new30degFlipLR.JPG,Apple___Apple_scab,Apple___Apple_scab,0.9999606609344482,Apple___Apple_scab,0.9999606609344482,3.637978807091713e-12,True,True,True,0.9999606609344482,0.9999606609344482
val,659a6491-b20d-4ff6-a3be-243266b4df0c___FREC_Scab 3155.JPG,Apple___Apple_scab,Apple___Apple_scab,1.0,Apple___Apple_scab,1.0,9.77950359581925e-17,True,True,True,1.0,1.0
val,716a13b6-1747-40d8-96d7-5ec1c183b3b5___FREC_Scab 3004_270deg.JPG,Apple___Apple_scab,Apple___Apple_scab,1.0,Apple___Apple_scab,1.0,1.4033219031261979e-13,True,True,True,1.0,1.0
val,76eca386-c7c1-4807-ae27-13c793d06e02___FREC_Scab 3272_90deg.JPG,Apple___Apple_scab,Apple___Apple_scab,1.0,Apple___Apple_scab,1.0,3.552713678800501e-15,True,True,True,1.0,1.0
val,8c5418d9-37db-450f-a20e-7fccfe69f57a___FREC_Scab 3404_new30degFlipLR.JPG,Apple___Apple_scab,Apple___Apple_scab,0.9999960660934448,Apple___Apple_scab,0.9999960660934448,2.2964741219766438e-11,True,True,True,0.9999960660934448,0.9999960660934448
val,98f72edf-a354-43de-8734-a697d8cdd3f5___FREC_Scab 3400.JPG,Apple___Apple_scab,Apple___Apple_scab,0.9999990463256836,Apple___Apple_scab,0.9999991655349731,1.1920928955078125e-07,True,True,True,0.9999990463256836,0.9999991655349731
val,a0fb83fc-d5a2-4ddf-9a04-c2bf96e5027f___FREC_Scab 3175_270deg.JPG,Apple___Apple_scab,Apple___Apple_scab,1.0,Apple___Apple_scab,1.0,2.2426505097428162e-14,True,True,True,1.0,1.0
val,b19aef4d-ee91-4768-9520-8fdfee2578b4___FREC_Scab 3396_90deg.JPG,Apple___Apple_scab,Apple___Apple_scab,0.999954104423523,Apple___Apple_scab,0.999954104423523,5.675246939063072e-10,True,True,True,0.999954104423523,0.999954104423523
val,bdaae6b2-8ff5-4a4c-9286-a2393063cdaf___FREC_Scab 3491_new30degFlipLR.JPG,Apple___Apple_scab,Apple___Apple_scab,0.9999979734420776,Apple___Apple_scab,0.9999979734420776,5.0249582272954285e-11,True,True,True,0.9999979734420776,0.9999979734420776
val,db71d62d-b06f-4aa2-a512-d3e5956fcffe___FREC_Scab 3444.JPG,Apple___Apple_scab,Apple___Apple_scab,1.0,Apple___Apple_scab,1.0,1.5409895581797173e-13,True,True,True,1.0,1.0
val,eb3fa649-d717-4769-9f69-57f88c166455___FREC_Scab 3387_270deg.JPG,Apple___Apple_scab,Apple___Apple_scab,1.0,Apple___Apple_scab,1.0,6.7307270867900115e-15,True,True,True,1.0,1.0
val,f33a08e5-03bb-4b97-991c-a1332866043d___FREC_Scab 2923_90deg.JPG,Apple___Apple_scab,Apple___Apple_scab,0.9999996423721313,Apple___Apple_scab,0.9999996423721313,5.186961971048731e-13,True,True,True,0.9999996423721313,0.9999996423721313
val,fb911d9c-0445-4d0f-886e-50458b82d6c2___FREC_Scab 2972_new30degFlipLR.JPG,Apple___Apple_scab,Apple___Apple_scab,1.0,Apple___Apple_scab,1.0,3.5704772471945034e-13,True,True,True,1.0,1.0
val,02168189-aa75-4284-a7f0-8ca5901ea783___JR_FrgE.S 2948.JPG,Apple___Black_rot,Apple___Black_rot,1.0,Apple___Black_rot,1.0,1.509903313490213e-14,True,True,True,1.0,1.0
val,12e9d8e2-e5a4-4d4b-933f-7cbc07557736___JR_FrgE.S 8767_270deg.JPG,Apple___Black_rot,Apple___Black_rot,0.9999998807907104,Apple___Black_rot,0.9999998807907104,1.5099033134902129e-12,True,True,True,0.9999998807907104,0.9999998807907104
val,1cf5102a-468b-4410-80bf-af6aeadc780c___JR_FrgE.S 2924_90deg.JPG,Apple___Black_rot,Apple___Black_rot,1.0,Apple___Black_rot,1.0,6.227657278756737e-16,True,True,True,1.0,1.0
val,2b16890e-753f-4ee8-a78e-d0a7fdf8d91a___JR_FrgE.S 2838_new30degFlipLR.JPG,Apple___Black_rot,Apple___Black_rot,1.0,Apple___Black_rot,1.0,4.649058915617843e-16,True,True,True,1.0,1.0
val,36836204-c6de-472e-90e4-6787ff74965e___JR_FrgE.S 8757.JPG,Apple___Black_rot,Apple___Black_rot,0.9999796152114868,Apple___Black_rot,0.9999796152114868,5.256879376247525e-10,True,True,True,0.9999796152114868,0.9999796152114868
val,497e0a24-9a4e-4ace-8aa3-d60751b03abe___JR_FrgE.S 8794_270deg.JPG,Apple___Black_rot,Apple___Black_rot,1.0,Apple___Black_rot,1.0,2.0516921495072893e-13,True,True,True,1.0,1.0
val,538ae10f-3137-4050-86f1-7439bc80e364___JR_FrgE.S 2766_90deg.JPG,Apple___Black_rot,Apple___Black_rot,0.9999997615814209,Apple___Black_rot,0.9999998807907104,1.1920928955078125e-07,True,True,True,0.9999997615814209,0.9999998807907104
val,5c395ddb-11d6-40eb-8049-98c98cc4ec96___JR_FrgE.S 2928_new30degFlipLR.JPG,Apple___Black_rot,Apple___Black_rot,1.0,Apple___Black_rot,1.0,1.2656542480726785e-14,True,True,True,1.0,1.0
val,64577b36-9701-43be-a559-10f787f2d185___JR_FrgE.S 8611.JPG,Apple___Black_rot,Apple___Black_rot,1.0,Apple___Black_rot,1.0,4.718447854656915e-16,True,True,True,1.0,1.0
val,72fb58a6-e08c-4192-8c00-f5f5916c7ff8___JR_FrgE.S 8596_270deg.JPG,Apple___Black_rot,Apple___Black_rot,1.0,Apple___Black_rot,1.0,2.7922109069322687e-14,True,True,True,1.0,1.0
val,7add2e39-6555-4d52-ad02-b1bb061db8e7___JR_FrgE.S 3039_90deg.JPG,Apple___Black_rot,Apple___Black_rot,0.9999456405639648,Apple___Black_rot,0.9999456405639648,1.964508555829525e-09,True,True,True,0.9999456405639648,0.9999456405639648
val,8f866e9b-a1e4-4b34-89f0-74f2ddc641d1___JR_FrgE.S 8738_new30degFlipLR.JPG,Apple___Black_rot,Apple___Black_rot,1.0,Apple___Black_rot,1.0,5.417888360170764e-14,True,True,True,1.0,1.0
val,9b5bb550-6b75-47a3-a702-08ef34def9ff___JR_FrgE.S 8743.JPG,Apple___Black_rot,Apple___Black_rot,1.0,Apple___Black_rot,1.0,7.549516567451064e-15,True,True,True,1.0,1.0
val,a157b760-a19d-4e6b-a319-29b63106de45___JR_FrgE.S 2751_270deg.JPG,Apple___Black_rot,Apple___Black_rot,1.0,Apple___Black_rot,1.0,1.2323475573339238e-14,True,True,True,1.0,1.0
val,b371e9c4-177b-4bfb-9430-e14f9f30a06d___JR_FrgE.S 2803_90deg.JPG,Apple___Black_rot,Apple___Black_rot,1.0,Apple___Black_rot,1.0,8.79296635503124e-14,True,True,True,1.0,1.0
val,c4833395-fa04-4b3a-89f1-6fbc5c3d7d18___JR_FrgE.S 2866_new30degFlipLR.JPG,Apple___Black_rot,Apple___Black_rot,0.9999879598617554,Apple___Black_rot,0.9999879598617554,3.219611244276166e-10,True,True,True,0.9999879598617554,0.9999879598617554
val,d892ca1b-8b68-4087-9bb1-3ac7b861c283___JR_FrgE.S 8606.JPG,Apple___Black_rot,Apple___Black_rot,0.9999996423721313,Apple___Black_rot,0.9999996423721313,8.100187187665142e-13,True,True,True,0.9999996423721313,0.9999996423721313
val,eb98c4ac-28e3-40ef-8cf4-38acddd5d774___JR_FrgE.S 3043_270deg.JPG,Apple___Black_rot,Apple___Black_rot,0.9999998807907104,Apple___Black_rot,0.9999998807907104,3.907985046680551e-13,True,True,True,0.9999998807907104,0.9999998807907104
val,f63c8d11-234c-4ff4-bd81-5c3947503038___JR_FrgE.S 3085_90deg.JPG,Apple___Black_rot,Apple___Black_rot,1.0,Apple___Black_rot,1.0,4.7406523151494184e-14,True,True,True,1.0,1.0
val,fb8255a6-e05d-44d3-a115-80c1e55009bd___JR_FrgE.S 3074_new30degFlipLR.JPG,Apple___Black_rot,Apple___Black_rot,1.0,Apple___Black_rot,1.0,4.227729277772596e-13,True,True,True,1.0,1.0
val,0321e067-d13b-47d0-b3a6-76ba6f357d02___FREC_C.Rust 3667.JPG,Apple___Cedar_apple_rust,Apple___Cedar_apple_rust,1.0,Apple___Cedar_apple_rust,1.0,5.925815393936773e-15,True,True,True,1.0,1.0
val,0fbdccdc-fb96-475a-92bb-65734592c895___FREC_C.Rust 3619_newGRR.JPG,Apple___Cedar_apple_rust,Apple___Cedar_apple_rust,1.0,Apple___Cedar_apple_rust,1.0,3.6415315207705135e-14,True,True,True,1.0,1.0
val,1798ac41-0f49-4007-9df5-7e41e3077e51___FREC_C.Rust 3656_new30degFlipLR.JPG,Apple___Cedar_apple_rust,Apple___Cedar_apple_rust,1.0,Apple___Cedar_apple_rust,1.0,5.724587470723463e-16,True,True,True,1.0,1.0
val,1cfc6e73-1d86-4fb9-bffb-010163531711___FREC_C.Rust 3944_270deg.JPG,Apple___Cedar_apple_rust,Apple___Cedar_apple_rust,1.0,Apple___Cedar_apple_rust,1.0,4.336808689942018e-19,True,True,True,1.0,1.0
val,2dd8a8e6-8774-49a9-a712-9fa6b9ef21f3___FREC_C.Rust 3594.JPG,Apple___Cedar_apple_rust,Apple___Cedar_apple_rust,0.9999998807907104,Apple___Cedar_apple_rust,0.9999998807907104,8.881784197001252e-13,True,True,True,0.9999998807907104,0.9999998807907104
val,3590e70d-8ab1-453d-ae81-0f77bdda3f60___FREC_C.Rust 3824_newGRR.JPG,Apple___Cedar_apple_rust,Apple___Cedar_apple_rust,1.0,Apple___Cedar_apple_rust,1.0,9.107298248878237e-18,True,True,True,1.0,1.0
val,3ea747af-ed9d-44f1-a8b6-61503adf0a4b___FREC_C.Rust 4174_new30degFlipLR.JPG,Apple___Cedar_apple_rust,Apple___Cedar_apple_rust,1.0,Apple___Cedar_apple_rust,1.0,2.1760371282653068e-14,True,True,True,1.0,1.0
val,4abb2c64-458c-473b-bbe4-4b9bc69cd035___FREC_C.Rust 9974_270deg.JPG,Apple___Cedar_apple_rust,Apple___Cedar_apple_rust,1.0,Apple___Cedar_apple_rust,1.0,2.5396351688300456e-15,True,True,True,1.0,1.0
val,57be14d8-a24b-4354-acce-98b3a47f4512___FREC_C.Rust 4057.JPG,Apple___Cedar_apple_rust,Apple___Cedar_apple_rust,1.0,Apple___Cedar_apple_rust,1.0,2.693564772268675e-19,True,True,True,1.0,1.0
val,5b1f2adb-5065-4b7f-8b51-bc5695ad5ebb___FREC_C.Rust 9802_newGRR.JPG,Apple___Cedar_apple_rust,Apple___Cedar_apple_rust,1.0,Apple___Cedar_apple_rust,1.0,3.0322966360074588e-15,True,True,True,1.0,1.0
val,68a4878f-c220-49ff-a858-5b026e56e7b0___FREC_C.Rust 9844_new30degFlipLR.JPG,Apple___Cedar_apple_rust,Apple___Cedar_apple_rust,1.0,Apple___Cedar_apple_rust,1.0,1.2456702336294256e-13,True,True,True,1.0,1.0
val,763123be-8a12-4d7a-8fa5-deff863b70f9___FREC_C.Rust 3691_270deg.JPG,Apple___Cedar_apple_rust,Apple___Cedar_apple_rust,1.0,Apple___Cedar_apple_rust,1.0,2.8976820942716586e-14,True,True,True,1.0,1.0
val,7ca50f21-d7c4-4fab-90ab-daabd7dd960d___FREC_C.Rust 3913.JPG,Apple___Cedar_apple_rust,Apple___Cedar_apple_rust,0.9999951124191284,Apple___Cedar_apple_rust,0.9999951124191284,3.126388037344441e-13,True,True,True,0.9999951124191284,0.9999951124191284
val,85eb91f6-f8f0-438e-afbc-ca12551ee404___FREC_C.Rust 9884_newGRR.JPG,Apple___Cedar_apple_rust,Apple___Cedar_apple_rust,1.0,Apple___Cedar_apple_rust,1.0,7.0637939941775585e-15,True,True,True,1.0,1.0
val,915ea730-231d-408d-baea-d2554d47bfa9___FREC_C.Rust 9809_new30degFlipLR.JPG,Apple___Cedar_apple_rust,Apple___Cedar_apple_rust,1.0,Apple___Cedar_apple_rust,1.0,7.453889935837843e-19,True,True,True,1.0,1.0
val,accd43fa-2496-47ad-a24b-81da9e5f82b7___FREC_C.Rust 3783_270deg.JPG,Apple___Cedar_apple_rust,Apple___Cedar_apple_rust,1.0,Apple___Cedar_apple_rust,1.0,5.039846036163087e-19,True,True,True,1.0,1.0
val,bee59bef-1155-40bd-97a3-8c600c33e6b5___FREC_C.Rust 0082.JPG,Apple___Cedar_apple_rust,Apple___Cedar_apple_rust,0.9999985694885254,Apple___Cedar_apple_rust,0.9999985694885254,1.750777300912887e-11,True,True,True,0.9999985694885254,0.9999985694885254
val,cdb4821f-1d1b-4f61-982f-2057ca1b7ecb___FREC_C.Rust 4270_newGRR.JPG,Apple___Cedar_apple_rust,Apple___Cedar_apple_rust,1.0,Apple___Cedar_apple_rust,1.0,2.3310346708438345e-18,True,True,True,1.0,1.0
val,d79cfdd6-fa8a-4a96-aa90-3c347bb9c800___FREC_C.Rust 4125_new30degFlipLR.JPG,Apple___Cedar_apple_rust,Apple___Cedar_apple_rust,1.0,Apple___Cedar_apple_rust,1.0,2.7711166694643907e-13,True,True,True,1.0,1.0
val,f2c49716-d630-4dfa-8104-e98b8a9d7497___FREC_C.Rust 9897_270deg.JPG,Apple___Cedar_apple_rust,Apple___Cedar_apple_rust,1.0,Apple___Cedar_apple_rust,1.0,3.197442310920451e-14,True,True,True,1.0,1.0
val,00907d8b-6ae6-4306-bfd7-d54471981a86___RS_HL 5709.JPG,Apple___healthy,Apple___healthy,1.0,Apple___healthy,1.0,1.0103029524088925e-14,True,True,True,1.0,1.0
val,11636fd2-75f3-40e5-99c4-777589bfc392___RS_HL 8203_flipTB.JPG,Apple___healthy,Apple___healthy,0.9999998807907104,Apple___healthy,0.9999998807907104,4.121147867408581e-13,True,True,True,0.9999998807907104,0.9999998807907104
val,194c4f91-31be-425f-8ac9-698202cf507d___RS_HL 7470.JPG,Apple___healthy,Apple___healthy,0.9999988079071045,Apple___healthy,0.9999988079071045,2.4783730623312294e-11,True,True,True,0.9999988079071045,0.9999988079071045
val,264deb35-dd16-459c-bbd5-4991f6b21be3___RS_HL 5842.JPG,Apple___healthy,Apple___healthy,0.9999178647994995,Apple___healthy,0.99991774559021,1.1920928955078125e-07,True,True,True,0.9999178647994995,0.99991774559021
val,3a1ca70b-00f0-4a0b-a973-8db1da714e6c___RS_HL 7759.JPG,Apple___healthy,Apple___healthy,1.0,Apple___healthy,1.0,1.1945999744966684e-13,True,True,True,1.0,1.0
val,45c79d4a-ac12-4bf8-a4d6-f59898aa4570___RS_HL 6317.JPG,Apple___healthy,Apple___healthy,1.0,Apple___healthy,1.0,9.592326932761353e-14,True,True,True,1.0,1.0
val,56c024f5-844e-47d0-a936-d1617219125c___RS_HL 7776.JPG,Apple___healthy,Apple___healthy,0.9999903440475464,Apple___healthy,0.9999903440475464,1.0095391189679503e-10,True,True,True,0.9999903440475464,0.9999903440475464
val,705990f2-bc4f-4568-af0b-2f58bd3b51a0___RS_HL 7608.JPG,Apple___healthy,Apple___healthy,1.0,Apple___healthy,1.0,1.6042722705833512e-14,True,True,True,1.0,1.0
val,80089e7a-4c0c-492b-ac23-753be3617cbf___RS_HL 6099.JPG,Apple___healthy,Apple___healthy,1.0,Apple___healthy,1.0,4.475586568020162e-16,True,True,True,1.0,1.0
val,8e4b14b2-2601-4ffc-805c-a68b200e80ec___RS_HL 8069.JPG,Apple___healthy,Apple___healthy,0.9999840259552002,Apple___healthy,0.9999841451644897,1.1920928955078125e-07,True,True,True,0.9999840259552002,0.9999841451644897
val,a270262b-b9f7-4756-abc4-d8ce165a4a8f___RS_HL 7613_flipTB.JPG,Apple___healthy,Apple___healthy,0.9999983310699463,Apple___healthy,0.9999983310699463,2.2737367544323206e-13,True,True,True,0.9999983310699463,0.9999983310699463
val,ae4a5e3d-c781-49ec-901e-940f127e1688___RS_HL 6128.JPG,Apple___healthy,Apple___healthy,1.0,Apple___healthy,1.0,1.567634910770721e-13,True,True,True,1.0,1.0
val,b9d6f390-c210-486f-802b-e204e27990ea___RS_HL 7756_flipTB.JPG,Apple___healthy,Apple___healthy,1.0,Apple___healthy,1.0,1.3766765505351941e-14,True,True,True,1.0,1.0
val,c08ff541-b426-4e5b-8630-98b5246b7d20___RS_HL 5642.JPG,Apple___healthy,Apple___healthy,1.0,Apple___healthy,1.0,2.255973186038318e-13,True,True,True,1.0,1.0
val,cb2820ba-baab-455a-8830-df6f53bbb580___RS_HL 6097_flipTB.JPG,Apple___healthy,Apple___healthy,0.9999964237213135,Apple___healthy,0.9999964237213135,7.958078640513122e-12,True,True,True,0.9999964237213135,0.9999964237213135
val,d43caafc-79b9-43fb-ad92-d72d56a98494___RS_HL 7398.JPG,Apple___healthy,Apple___healthy,0.9998650550842285,Apple___healthy,0.9998650550842285,1.0040821507573128e-09,True,True,True,0.9998650550842285,0.9998650550842285
val,d7cc096f-4900-44b4-a85e-216386a73773___RS_HL 5774_flipTB.JPG,Apple___healthy,Apple___healthy,0.9999996423721313,Apple___healthy,0.9999996423721313,2.5863755581667647e-12,True,True,True,0.9999996423721313,0.9999996423721313
val,e25a6ff6-6872-4e79-ac62-14221935dd6b___RS_HL 5736.JPG,Apple___healthy,Apple___healthy,1.0,Apple___healthy,1.0,4.0072112295064244e-16,True,True,True,1.0,1.0
val,ee4eddac-1368-4d79-950f-e9b09e7cbd24___RS_HL 7704_flipTB.JPG,Apple___healthy,Apple___healthy,0.9999996423721313,Apple___healthy,0.9999996423721313,4.803268893738277e-12,True,True,True,0.9999996423721313,0.9999996423721313
val,fa3dec4b-5fed-4ba4-808f-25b6b84c7c87___RS_HL 7525.JPG,Apple___healthy,Apple___healthy,1.0,Apple___healthy,1.0,1.354472090042691e-14,True,True,True,1.0,1.0
val,00fee259-67b7-4dd7-8b36-12503bbdba14___RS_HL 2681.JPG,Blueberry___healthy,Blueberry___healthy,0.9999997615814209,Blueberry___healthy,0.9999997615814209,1.1937117960769683e-12,True,True,True,0.9999997615814209,0.9999997615814209
val,09686861-e3c4-496d-9c82-f60e6813a5df___RS_HL 0608.JPG,Blueberry___healthy,Blueberry___healthy,1.0,Blueberry___healthy,1.0,1.2061749168901237e-18,True,True,True,1.0,1.0
val,12a283a5-f303-4ff9-ac5f-5096fb81f96f___RS_HL 5229.JPG,Blueberry___healthy,Blueberry___healthy,1.0,Blueberry___healthy,1.0,8.153200337090993e-17,True,True,True,1.0,1.0
val,1adda0b0-34d6-4675-a3c3-ee47536bd01b___RS_HL 2363_new30degFlipLR.JPG,Blueberry___healthy,Blueberry___healthy,1.0,Blueberry___healthy,1.0,2.637889906509372e-13,True,True,True,1.0,1.0
val,1db73b81-6321-4bc0-a473-b156bf19955f___RS_HL 5323_flipTB.JPG,Blueberry___healthy,Blueberry___healthy,1.0,Blueberry___healthy,1.0,4.440892098500626e-14,True,True,True,1.0,1.0
val,270f5027-2a51-4fa2-b17a-73b72b6683ba___RS_HL 0600.JPG,Blueberry___healthy,Blueberry___healthy,1.0,Blueberry___healthy,1.0,2.0372592501871623e-14,True,True,True,1.0,1.0
val,35fc0616-173a-41b2-b54b-c85767faac8b___RS_HL 2301.JPG,Blueberry___healthy,Blueberry___healthy,1.0,Blueberry___healthy,1.0,8.881784197001252e-14,True,True,True,1.0,1.0
val,3c3b0c99-d0ce-404e-8b5e-ce9bfd1cbe4f___RS_HL 2547_180deg.JPG,Blueberry___healthy,Blueberry___healthy,1.0,Blueberry___healthy,1.0,4.39648317751562e-14,True,True,True,1.0,1.0
val,3e373707-a9e5-4c88-8449-b682745314ac___RS_HL 5478.JPG,Blueberry___healthy,Blueberry___healthy,1.0,Blueberry___healthy,1.0,1.1546319456101628e-14,True,True,True,1.0,1.0
val,4c7b7f86-9816-403a-98bc-1123dba9478e___RS_HL 0612_180deg.JPG,Blueberry___healthy,Blueberry___healthy,1.0,Blueberry___healthy,1.0,1.7486012637846216e-15,True,True,True,1.0,1.0
val,4d9b8e26-b835-4bfc-bbb8-bb5058923c10___RS_HL 2679.JPG,Blueberry___healthy,Blueberry___healthy,1.0,Blueberry___healthy,1.0,9.059419880941277e-14,True,True,True,1.0,1.0
val,4f71ab62-fa68-4288-8306-a26d30629ed7___RS_HL 2554_newPixel25.JPG,Blueberry___healthy,Blueberry___healthy,0.9983013868331909,Blueberry___healthy,0.9983012676239014,1.1920928955078125e-07,True,True,True,0.9983013868331909,0.9983012676239014
val,5a38e832-8148-4fc3-a511-46d4e2b3155a___RS_HL 2598_newPixel25.JPG,Blueberry___healthy,Blueberry___healthy,0.9999991655349731,Blueberry___healthy,0.9999991655349731,4.035882739117369e-12,True,True,True,0.9999991655349731,0.9999991655349731
val,6b09a519-d05c-4276-9251-030822af369b___RS_HL 4940.JPG,Blueberry___healthy,Blueberry___healthy,1.0,Blueberry___healthy,1.0,1.3010426069826053e-18,True,True,True,1.0,1.0
val,848a4cfa-d7e9-44cf-a380-037c93e14565___RS_HL 4990.JPG,Blueberry___healthy,Blueberry___healthy,0.9999998807907104,Blueberry___healthy,0.9999998807907104,9.023892744153272e-13,True,True,True,0.9999998807907104,0.9999998807907104
val,9afcd1b9-7f3f-4f24-bc3d-fffc3ae379fc___RS_HL 4921.JPG,Blueberry___healthy,Blueberry___healthy,1.0,Blueberry___healthy,1.0,3.481659405224491e-13,True,True,True,1.0,1.0
val,b2f2b036-7445-4593-a574-8df7594f150b___RS_HL 2642.JPG,Blueberry___healthy,Blueberry___healthy,1.0,Blueberry___healthy,1.0,6.591949208711867e-17,True,True,True,1.0,1.0
val,c5307dbb-e262-46e1-a9ca-6e360642070c___RS_HL 2267.JPG,Blueberry___healthy,Blueberry___healthy,1.0,Blueberry___healthy,1.0,1.1518563880486e-15,True,True,True,1.0,1.0
val,dc58f342-9f65-4fda-b450-5431ff15cd39___RS_HL 0315.JPG,Blueberry___healthy,Blueberry___healthy,1.0,Blueberry___healthy,1.0,1.7708057242771247e-14,True,True,True,1.0,1.0
val,edb6801b-43b0-40de-becf-96604f11a7eb___RS_HL 5426.JPG,Blueberry___healthy,Blueberry___healthy,1.0,Blueberry___healthy,1.0,2.0057740190981832e-18,True,True,True,1.0,1.0
val,00705aa7-5ea2-4419-9440-8ba65e108eb9___FREC_Pwd.M 0267.JPG,Cherry_(including_sour)___Powdery_mildew,Cherry_(including_sour)___Powdery_mildew,1.0,Cherry_(including_sour)___Powdery_mildew,1.0,6.838973831690964e-14,True,True,True,1.0,1.0
val,0c22dfef-7413-4f46-b949-903d238678a3___FREC_Pwd.M 5094.JPG,Cherry_(including_sour)___Powdery_mildew,Cherry_(including_sour)___Powdery_mildew,0.9999237060546875,Cherry_(including_sour)___Powdery_mildew,0.9999237060546875,1.82626536116004e-09,True,True,True,0.9999237060546875,0.9999237060546875
val,16ad247c-119d-421b-82ed-cca95da6b5e1___FREC_Pwd.M 4494.JPG,Cherry_(including_sour)___Powdery_mildew,Cherry_(including_sour)___Powdery_mildew,1.0,Cherry_(including_sour)___Powdery_mildew,1.0,1.4779844015322396e-15,True,True,True,1.0,1.0
val,22f57320-eb78-472e-ba00-716f3385ddeb___FREC_Pwd.M 4844.JPG,Cherry_(including_sour)___Powdery_mildew,Cherry_(including_sour)___Powdery_mildew,1.0,Cherry_(including_sour)___Powdery_mildew,1.0,2.4069635173873394e-13,True,True,True,1.0,1.0
val,2c972b35-2f4c-4658-ac84-3bb1af7a746d___FREC_Pwd.M 4660.JPG,Cherry_(including_sour)___Powdery_mildew,Cherry_(including_sour)___Powdery_mildew,1.0,Cherry_(including_sour)___Powdery_mildew,1.0,7.233796894823286e-16,True,True,True,1.0,1.0
val,36ac8741-4a25-4c69-9158-93ec279974fa___FREC_Pwd.M 4528.JPG,Cherry_(including_sour)___Powdery_mildew,Cherry_(including_sour)___Powdery_mildew,1.0,Cherry_(including_sour)___Powdery_mildew,1.0,4.119968255444917e-18,True,True,True,1.0,1.0
val,42435498-17af-4a69-acbd-c552cbdc2761___FREC_Pwd.M 4604.JPG,Cherry_(including_sour)___Powdery_mildew,Cherry_(including_sour)___Powdery_mildew,1.0,Cherry_(including_sour)___Powdery_mildew,1.0,1.5569143196891844e-16,True,True,True,1.0,1.0
val,4ea0cb8a-6b0a-4aec-8b8d-0dc973f28878___FREC_Pwd.M 0280.JPG,Cherry_(including_sour)___Powdery_mildew,Cherry_(including_sour)___Powdery_mildew,0.9999986886978149,Cherry_(including_sour)___Powdery_mildew,0.9999986886978149,7.275957614183426e-12,True,True,True,0.9999986886978149,0.9999986886978149
val,5bff6ee9-60ba-46d9-82a6-637458ebb8b0___FREC_Pwd.M 0483.JPG,Cherry_(including_sour)___Powdery_mildew,Cherry_(including_sour)___Powdery_mildew,1.0,Cherry_(including_sour)___Powdery_mildew,1.0,9.414691248821327e-13,True,True,True,1.0,1.0
val,683ff209-2360-44c5-bc28-7ae288869562___FREC_Pwd.M 4740.JPG,Cherry_(including_sour)___Powdery_mildew,Cherry_(including_sour)___Powdery_mildew,0.9999998807907104,Cherry_(including_sour)___Powdery_mildew,0.9999998807907104,4.831690603168681e-13,True,True,True,0.9999998807907104,0.9999998807907104
val,71f131a8-9dbd-4330-a515-519a65d705a5___FREC_Pwd.M 0436.JPG,Cherry_(including_sour)___Powdery_mildew,Cherry_(including_sour)___Powdery_mildew,1.0,Cherry_(including_sour)___Powdery_mildew,1.0,5.684341886080802e-14,True,True,True,1.0,1.0
val,85447316-1260-4088-9121-3b1d69c533f1___FREC_Pwd.M 5141.JPG,Cherry_(including_sour)___Powdery_mildew,Cherry_(including_sour)___Powdery_mildew,0.9866048693656921,Cherry_(including_sour)___Powdery_mildew,0.9866048693656921,4.842877388000488e-08,True,True,True,0.9866048693656921,0.9866048693656921
val,8c59b0dd-1ea9-4c7f-a008-de5cafcbb91d___FREC_Pwd.M 4570.JPG,Cherry_(including_sour)___Powdery_mildew,Cherry_(including_sour)___Powdery_mildew,1.0,Cherry_(including_sour)___Powdery_mildew,1.0,2.042810365310288e-14,True,True,True,1.0,1.0
val,9e7ff0c0-2ae6-4cbc-a205-11c639530046___FREC_Pwd.M 5116.JPG,Cherry_(including_sour)___Powdery_mildew,Cherry_(including_sour)___Powdery_mildew,1.0,Cherry_(including_sour)___Powdery_mildew,1.0,1.6237011735142914e-15,True,True,True,1.0,1.0
val,a8b20f6d-d2d2-4a5c-aa4e-90b2ed20da0c___FREC_Pwd.M 0540.JPG,Cherry_(including_sour)___Powdery_mildew,Cherry_(including_sour)___Powdery_mildew,1.0,Cherry_(including_sour)___Powdery_mildew,1.0,1.734723475976807e-16,True,True,True,1.0,1.0
val,b42d85e1-0707-4692-93a1-74b0465ef2ef___FREC_Pwd.M 4468.JPG,Cherry_(including_sour)___Powdery_mildew,Cherry_(including_sour)___Powdery_mildew,1.0,Cherry_(including_sour)___Powdery_mildew,1.0,7.37257477290143e-18,True,True,True,1.0,1.0
val,c20cdaa2-54fc-4bed-9f9e-a82495f889ea___FREC_Pwd.M 4559.JPG,Cherry_(including_sour)___Powdery_mildew,Cherry_(including_sour)___Powdery_mildew,1.0,Cherry_(including_sour)___Powdery_mildew,1.0,4.085620730620576e-14,True,True,True,1.0,1.0
val,d2886ddb-1696-406e-842d-04e7c5fd1c8a___FREC_Pwd.M 4900.JPG,Cherry_(including_sour)___Powdery_mildew,Cherry_(including_sour)___Powdery_mildew,1.0,Cherry_(including_sour)___Powdery_mildew,1.0,1.9895196601282805e-13,True,True,True,1.0,1.0
val,da2dd4af-37c1-4951-8fd3-e869cd3007b9___FREC_Pwd.M 4976.JPG,Cherry_(including_sour)___Powdery_mildew,Cherry_(including_sour)___Powdery_mildew,1.0,Cherry_(including_sour)___Powdery_mildew,1.0,3.95516952522712e-15,True,True,True,1.0,1.0
val,e1f07b98-ae8d-4f63-837e-5bca2b1c3cf5___FREC_Pwd.M 4745.JPG,Cherry_(including_sour)___Powdery_mildew,Cherry_(including_sour)___Powdery_mildew,0.9999994039535522,Cherry_(including_sour)___Powdery_mildew,0.9999994039535522,8.242295734817162e-12,True,True,True,0.9999994039535522,0.9999994039535522
val,005f183c-0a73-4738-91f7-c0a0e02cd9e3___JR_HL 9679.JPG,Cherry___healthy,Cherry___healthy,1.0,Cherry___healthy,1.0,6.88338275267597e-14,True,True,True,1.0,1.0
val,151c23f5-9206-4950-953e-51b4f6c6e716___JR_HL 9878_flipTB.JPG,Cherry___healthy,Cherry___healthy,0.9999990463256836,Cherry___healthy,0.9999990463256836,1.2448708730516955e-11,True,True,True,0.9999990463256836,0.9999990463256836
val,1b0fb3a9-af8f-4e4a-86e7-b0d0cd5d0580___JR_HL 4187.JPG,Cherry___healthy,Cherry___healthy,1.0,Cherry___healthy,1.0,5.056718932472393e-16,True,True,True,1.0,1.0
val,2d5d3b0e-0b4b-45fa-adcb-b33509b65e74___JR_HL 3972.JPG,Cherry___healthy,Cherry___healthy,1.0,Cherry___healthy,1.0,4.973799150320701e-13,True,True,True,1.0,1.0
val,3da5f01f-af6f-4e63-894c-bf135dbf6c66___JR_HL 9673.JPG,Cherry___healthy,Cherry___healthy,1.0,Cherry___healthy,1.0,3.2751579226442118e-15,True,True,True,1.0,1.0
val,47c3230c-dc1e-4787-a533-2b5afc0cdffa___JR_HL 9491.JPG,Cherry___healthy,Cherry___healthy,1.0,Cherry___healthy,1.0,5.551115123125783e-15,True,True,True,1.0,1.0
val,6385514c-b4ce-4bfb-8983-71a662e072ec___JR_HL 9727.JPG,Cherry___healthy,Cherry___healthy,1.0,Cherry___healthy,1.0,7.327471962526033e-15,True,True,True,1.0,1.0
val,743fc494-32e8-4729-af9c-679a3870922e___JR_HL 9540_180deg.JPG,Cherry___healthy,Cherry___healthy,0.9999998807907104,Cherry___healthy,0.9999998807907104,1.4210854715202004e-12,True,True,True,0.9999998807907104,0.9999998807907104
val,7bc96ca4-67f9-45c7-934e-b2d7f1bd36d3___JR_HL 4185_180deg.JPG,Cherry___healthy,Cherry___healthy,0.9999998807907104,Cherry___healthy,0.9999998807907104,1.0089706847793423e-12,True,True,True,0.9999998807907104,0.9999998807907104
val,90cf84c2-0bca-4c08-a873-65ccfb87ed24___JR_HL 9733_180deg.JPG,Cherry___healthy,Cherry___healthy,1.0,Cherry___healthy,1.0,3.7836400679225335e-13,True,True,True,1.0,1.0
val,a0b4d7a4-947b-4ca7-9984-88da24f41390___JR_HL 9468_180deg.JPG,Cherry___healthy,Cherry___healthy,1.0,Cherry___healthy,1.0,1.9539925233402755e-14,True,True,True,1.0,1.0
val,af0a0059-222f-4991-94da-a4501a9d3c50___JR_HL 9533_180deg.JPG,Cherry___healthy,Cherry___healthy,0.9999997615814209,Cherry___healthy,0.9999997615814209,9.379164112033322e-13,True,True,True,0.9999997615814209,0.9999997615814209
val,b76ae033-ddb2-4052-9ed8-af7d18c2fee8___JR_HL 9823_180deg.JPG,Cherry___healthy,Cherry___healthy,0.9999949932098389,Cherry___healthy,0.9999949932098389,3.456079866737127e-11,True,True,True,0.9999949932098389,0.9999949932098389
val,c290eab8-462a-4508-9dfb-822dbfba947a___JR_HL 9796_180deg.JPG,Cherry___healthy,Cherry___healthy,0.9999967813491821,Cherry___healthy,0.9999967813491821,2.4783730623312294e-11,True,True,True,0.9999967813491821,0.9999967813491821
val,c8cbb528-e68c-4aac-89fa-3e0eee1b9f24___JR_HL 4147_180deg.JPG,Cherry___healthy,Cherry___healthy,1.0,Cherry___healthy,1.0,1.8388068845354155e-16,True,True,True,1.0,1.0
val,d488e8a6-948b-4805-9852-1a1825890e04___JR_HL 9554_180deg.JPG,Cherry___healthy,Cherry___healthy,1.0,Cherry___healthy,1.0,2.749536709423239e-16,True,True,True,1.0,1.0
val,dcd94f3c-a363-4b22-8dd8-0ae62ddc6f07___JR_HL 4192_180deg.JPG,Cherry___healthy,Cherry___healthy,1.0,Cherry___healthy,1.0,1.8696155734687636e-13,True,True,True,1.0,1.0
val,e46636be-33bd-465b-9301-5d671facb0ba___JR_HL 9692_180deg.JPG,Cherry___healthy,Cherry___healthy,1.0,Cherry___healthy,1.0,1.3500311979441904e-13,True,True,True,1.0,1.0
val,ea80c972-f1d3-43d5-86e1-8782988c6d02___JR_HL 9695_180deg.JPG,Cherry___healthy,Cherry___healthy,1.0,Cherry___healthy,1.0,1.6930901125533637e-15,True,True,True,1.0,1.0
val,f3002d42-9188-49f9-85f9-4850d3a91ead___JR_HL 9475_180deg.JPG,Cherry___healthy,Cherry___healthy,0.9999997615814209,Cherry___healthy,0.9999997615814209,5.115907697472721e-13,True,True,True,0.9999997615814209,0.9999997615814209
val,RS_Rust 1564.JPG,Corn_(maize)___Common_rust_,Corn_(maize)___Common_rust_,1.0,Corn_(maize)___Common_rust_,1.0,1.63202784619898e-14,True,True,True,1.0,1.0
val,RS_Rust 1624_flipLR.JPG,Corn_(maize)___Common_rust_,Corn_(maize)___Common_rust_,1.0,Corn_(maize)___Common_rust_,1.0,1.0835776720341528e-13,True,True,True,1.0,1.0
val,RS_Rust 1675.JPG,Corn_(maize)___Common_rust_,Corn_(maize)___Common_rust_,0.9999822378158569,Corn_(maize)___Common_rust_,0.9999822378158569,3.092281986027956e-10,True,True,True,0.9999822378158569,0.9999822378158569
val,RS_Rust 1725_flipLR.JPG,Corn_(maize)___Common_rust_,Corn_(maize)___Common_rust_,1.0,Corn_(maize)___Common_rust_,1.0,4.5102810375396984e-17,True,True,True,1.0,1.0
val,RS_Rust 1773.JPG,Corn_(maize)___Common_rust_,Corn_(maize)___Common_rust_,1.0,Corn_(maize)___Common_rust_,1.0,5.861977570020827e-14,True,True,True,1.0,1.0
val,RS_Rust 1820_flipLR.JPG,Corn_(maize)___Common_rust_,Corn_(maize)___Common_rust_,1.0,Corn_(maize)___Common_rust_,1.0,1.849919956803392e-18,True,True,True,1.0,1.0
val,RS_Rust 1901.JPG,Corn_(maize)___Common_rust_,Corn_(maize)___Common_rust_,1.0,Corn_(maize)___Common_rust_,1.0,3.7556763254897874e-16,True,True,True,1.0,1.0
val,RS_Rust 1986_flipLR.JPG,Corn_(maize)___Common_rust_,Corn_(maize)___Common_rust_,1.0,Corn_(maize)___Common_rust_,1.0,6.2341624917916505e-19,True,True,True,1.0,1.0
val,RS_Rust 2027.JPG,Corn_(maize)___Common_rust_,Corn_(maize)___Common_rust_,1.0,Corn_(maize)___Common_rust_,1.0,2.229119666630197e-16,True,True,True,1.0,1.0
val,RS_Rust 2063_flipLR.JPG,Corn_(maize)___Common_rust_,Corn_(maize)___Common_rust_,1.0,Corn_(maize)___Common_rust_,1.0,1.9244588561617704e-18,True,True,True,1.0,1.0
val,RS_Rust 2119.JPG,Corn_(maize)___Common_rust_,Corn_(maize)___Common_rust_,1.0,Corn_(maize)___Common_rust_,1.0,1.1421419365831298e-14,True,True,True,1.0,1.0
val,RS_Rust 2200_flipLR.JPG,Corn_(maize)___Common_rust_,Corn_(maize)___Common_rust_,1.0,Corn_(maize)___Common_rust_,1.0,3.2356658585114273e-19,True,True,True,1.0,1.0
val,RS_Rust 2268.JPG,Corn_(maize)___Common_rust_,Corn_(maize)___Common_rust_,1.0,Corn_(maize)___Common_rust_,1.0,4.5102810375396984e-17,True,True,True,1.0,1.0
val,RS_Rust 2330_flipLR.JPG,Corn_(maize)___Common_rust_,Corn_(maize)___Common_rust_,1.0,Corn_(maize)___Common_rust_,1.0,4.472333961502706e-19,True,True,True,1.0,1.0
val,RS_Rust 2396.JPG,Corn_(maize)___Common_rust_,Corn_(maize)___Common_rust_,1.0,Corn_(maize)___Common_rust_,1.0,1.8207657603852567e-14,True,True,True,1.0,1.0
val,RS_Rust 2461_flipLR.JPG,Corn_(maize)___Common_rust_,Corn_(maize)___Common_rust_,1.0,Corn_(maize)___Common_rust_,1.0,4.380176776841438e-17,True,True,True,1.0,1.0
val,RS_Rust 2523.JPG,Corn_(maize)___Common_rust_,Corn_(maize)___Common_rust_,1.0,Corn_(maize)___Common_rust_,1.0,9.80118763926896e-17,True,True,True,1.0,1.0
val,RS_Rust 2600_flipLR.JPG,Corn_(maize)___Common_rust_,Corn_(maize)___Common_rust_,1.0,Corn_(maize)___Common_rust_,1.0,3.697042672001771e-14,True,True,True,1.0,1.0
val,RS_Rust 2671.JPG,Corn_(maize)___Common_rust_,Corn_(maize)___Common_rust_,1.0,Corn_(maize)___Common_rust_,1.0,2.463307335887066e-15,True,True,True,1.0,1.0
val,RS_Rust 2705_flipLR.JPG,Corn_(maize)___Common_rust_,Corn_(maize)___Common_rust_,1.0,Corn_(maize)___Common_rust_,1.0,1.3739009929736312e-15,True,True,True,1.0,1.0
val,00a14441-7a62-4034-bc40-b196aeab2785___RS_NLB 3932.JPG,Corn_(maize)___Northern_Leaf_Blight,Corn_(maize)___Northern_Leaf_Blight,1.0,Corn_(maize)___Northern_Leaf_Blight,1.0,1.5670109524204556e-18,True,True,True,1.0,1.0
val,142cd767-835c-4465-9ac9-4c569c5ea542___RS_NLB 3822_flipTB.JPG,Corn_(maize)___Northern_Leaf_Blight,Corn_(maize)___Northern_Leaf_Blight,1.0,Corn_(maize)___Northern_Leaf_Blight,1.0,1.7692514120426495e-12,True,True,True,1.0,1.0
val,29955528-2271-4b76-9ca9-99a48405f40e___RS_NLB 3603.JPG,Corn_(maize)___Northern_Leaf_Blight,Corn_(maize)___Northern_Leaf_Blight,1.0,Corn_(maize)___Northern_Leaf_Blight,1.0,4.440892098500626e-14,True,True,True,1.0,1.0
val,37665d4b-1063-4929-b9e1-88fb5439cdfb___RS_NLB 0765_flipTB.JPG,Corn_(maize)___Northern_Leaf_Blight,Corn_(maize)___Northern_Leaf_Blight,1.0,Corn_(maize)___Northern_Leaf_Blight,1.0,3.5388358909926865e-16,True,True,True,1.0,1.0
val,4284aa42-8c36-4674-8ecd-70a7eb6ddd80___RS_NLB 3730_180deg.JPG,Corn_(maize)___Northern_Leaf_Blight,Corn_(maize)___Northern_Leaf_Blight,1.0,Corn_(maize)___Northern_Leaf_Blight,1.0,2.731148640577885e-14,True,True,True,1.0,1.0
val,49ef0291-35d7-4306-84f2-1351fd8d1349___RS_NLB 3907.JPG,Corn_(maize)___Northern_Leaf_Blight,Corn_(maize)___Northern_Leaf_Blight,1.0,Corn_(maize)___Northern_Leaf_Blight,1.0,6.852157730108388e-16,True,True,True,1.0,1.0
val,61e17b1e-9858-4d1f-b51e-a017eaaeae08___RS_NLB 3920_flipTB.JPG,Corn_(maize)___Northern_Leaf_Blight,Corn_(maize)___Northern_Leaf_Blight,1.0,Corn_(maize)___Northern_Leaf_Blight,1.0,1.554312234475219e-14,True,True,True,1.0,1.0
val,6b885bcd-1cf3-410a-81e7-49b2d63201e2___RS_NLB 4044 copy.jpg,Corn_(maize)___Northern_Leaf_Blight,Corn_(maize)___Northern_Leaf_Blight,1.0,Corn_(maize)___Northern_Leaf_Blight,1.0,2.927345865710862e-17,True,True,True,1.0,1.0
val,839ba99e-e297-43b4-9067-69b74ab61ab7___RS_NLB 4063_180deg.JPG,Corn_(maize)___Northern_Leaf_Blight,Corn_(maize)___Northern_Leaf_Blight,1.0,Corn_(maize)___Northern_Leaf_Blight,1.0,1.1622647289044608e-15,True,True,True,1.0,1.0
val,937bf586-316f-4916-9a51-c9addfc9ff2a___RS_NLB 3733_flipTB.JPG,Corn_(maize)___Northern_Leaf_Blight,Corn_(maize)___Northern_Leaf_Blight,1.0,Corn_(maize)___Northern_Leaf_Blight,1.0,5.995204332975845e-14,True,True,True,1.0,1.0
val,a21bb11c-f4e4-4a84-bd86-6e089bb40ad3___RS_NLB 3870_flipTB.JPG,Corn_(maize)___Northern_Leaf_Blight,Corn_(maize)___Northern_Leaf_Blight,1.0,Corn_(maize)___Northern_Leaf_Blight,1.0,4.2500725161431774e-16,True,True,True,1.0,1.0
val,abd4ee1e-822b-4ff5-a8f8-2a7a27aa6584___RS_NLB 3517_180deg.JPG,Corn_(maize)___Northern_Leaf_Blight,Corn_(maize)___Northern_Leaf_Blight,1.0,Corn_(maize)___Northern_Leaf_Blight,1.0,5.384581669432009e-15,True,True,True,1.0,1.0
val,b5721e14-a2cf-4010-96cf-9716630155e1___RS_NLB 3552.JPG,Corn_(maize)___Northern_Leaf_Blight,Corn_(maize)___Northern_Leaf_Blight,1.0,Corn_(maize)___Northern_Leaf_Blight,1.0,1.0757318430129614e-19,True,True,True,1.0,1.0
val,bc0f795a-8434-4184-8564-8e9c9e642356___RS_NLB 3578_flipTB.JPG,Corn_(maize)___Northern_Leaf_Blight,Corn_(maize)___Northern_Leaf_Blight,0.999951958656311,Corn_(maize)___Northern_Leaf_Blight,0.999951958656311,9.167706593871117e-10,True,True,True,0.999951958656311,0.999951958656311
val,c8065a64-9129-4730-aada-3e531e1a8b25___RS_NLB 4190_180deg.JPG,Corn_(maize)___Northern_Leaf_Blight,Corn_(maize)___Northern_Leaf_Blight,1.0,Corn_(maize)___Northern_Leaf_Blight,1.0,2.137911158869854e-18,True,True,True,1.0,1.0
val,ce1af083-ea99-4aeb-9f66-c3bd1ecd6be3___RS_NLB 3485.JPG,Corn_(maize)___Northern_Leaf_Blight,Corn_(maize)___Northern_Leaf_Blight,0.9999997615814209,Corn_(maize)___Northern_Leaf_Blight,0.9999997615814209,2.5579538487363607e-12,True,True,True,0.9999997615814209,0.9999997615814209
val,d66d0212-e2bc-48d4-a7ba-8f0bc6549280___RS_NLB 3621_180deg.JPG,Corn_(maize)___Northern_Leaf_Blight,Corn_(maize)___Northern_Leaf_Blight,0.9999997615814209,Corn_(maize)___Northern_Leaf_Blight,0.9999997615814209,5.229594535194337e-12,True,True,True,0.9999997615814209,0.9999997615814209
val,e20d6d7c-2508-4a75-9143-5c49d0c02d12___RS_NLB 3604 copy_180deg.jpg,Corn_(maize)___Northern_Leaf_Blight,Corn_(maize)___Northern_Leaf_Blight,0.9977962970733643,Corn_(maize)___Northern_Leaf_Blight,0.9977962970733643,1.4202669262886047e-08,True,True,True,0.9977962970733643,0.9977962970733643
val,eb6f2ea5-4633-44ab-beda-4fd993d7f76d___RS_NLB 4071.JPG,Corn_(maize)___Northern_Leaf_Blight,Corn_(maize)___Northern_Leaf_Blight,1.0,Corn_(maize)___Northern_Leaf_Blight,1.0,2.7972416050126014e-17,True,True,True,1.0,1.0
val,f291f62a-d6f6-4f1e-92af-d6177b154263___RS_NLB 3662_180deg.JPG,Corn_(maize)___Northern_Leaf_Blight,Corn_(maize)___Northern_Leaf_Blight,1.0,Corn_(maize)___Northern_Leaf_Blight,1.0,3.144186300207963e-18,True,True,True,1.0,1.0
val,00665f92-adb0-41eb-bba7-9eeadecfe10e___R.S_HL 8325 copy 2.jpg,Corn___healthy,Corn___healthy,1.0,Corn___healthy,1.0,7.605027718682322e-15,True,True,True,1.0,1.0
val,0d61ead9-f316-408e-88f5-fbecdfb11c1a___R.S_HL 8324 copy 3_flipLR.jpg,Corn___healthy,Corn___healthy,0.9998818635940552,Corn___healthy,0.9998817443847656,1.1920928955078125e-07,True,True,True,0.9998818635940552,0.9998817443847656
val,1786c452-6e31-43f3-b3d7-0ca81fe4434f___R.S_HL 7959 copy.jpg,Corn___healthy,Corn___healthy,0.9999994039535522,Corn___healthy,0.9999994039535522,4.064304448547773e-12,True,True,True,0.9999994039535522,0.9999994039535522
val,22e495d5-0daa-4cf6-8555-61f26d091b66___R.S_HL 8061 copy_flipLR.jpg,Corn___healthy,Corn___healthy,1.0,Corn___healthy,1.0,1.1102230246251565e-15,True,True,True,1.0,1.0
val,2cd74832-29e5-441a-84b1-5bc5379c16c2___R.S_HL 8111 copy.jpg,Corn___healthy,Corn___healthy,1.0,Corn___healthy,1.0,9.432558900623889e-17,True,True,True,1.0,1.0
val,39569763-d4ed-4687-82c6-c389496b7819___R.S_HL 8183 copy 2_flipLR.jpg,Corn___healthy,Corn___healthy,1.0,Corn___healthy,1.0,2.6423307986078726e-14,True,True,True,1.0,1.0
val,461baed2-cdf3-4ce0-9812-65f34484bb35___R.S_HL 8031 copy  3.jpg,Corn___healthy,Corn___healthy,0.9997656941413879,Corn___healthy,0.9997656941413879,2.0372681319713593e-10,True,True,True,0.9997656941413879,0.9997656941413879
val,59c6e1f0-eef8-4e82-a113-07f5056a5f37___R.S_HL 8030 copy_flipLR.jpg,Corn___healthy,Corn___healthy,1.0,Corn___healthy,1.0,2.042810365310288e-14,True,True,True,1.0,1.0
val,61cbb621-c692-408b-810b-dd09d7d7e1bf___R.S_HL 8330 copy 3.jpg,Corn___healthy,Corn___healthy,1.0,Corn___healthy,1.0,3.375077994860476e-13,True,True,True,1.0,1.0
val,69164aa5-b1d2-4f9c-af47-54b6fa610296___R.S_HL 8080 copy 2_flipLR.jpg,Corn___healthy,Corn___healthy,0.9999997615814209,Corn___healthy,0.9999997615814209,7.887024366937112e-13,True,True,True,0.9999997615814209,0.9999997615814209
val,74fd304e-662f-4b5c-a6d5-22b293c99a4d___R.S_HL 5492 copy 2.jpg,Corn___healthy,Corn___healthy,1.0,Corn___healthy,1.0,1.1439738045737613e-12,True,True,True,1.0,1.0
val,80a8d332-7750-4167-833e-af5ffe5c8831___R.S_HL 0622 copy 2_flipLR.jpg,Corn___healthy,Corn___healthy,1.0,Corn___healthy,1.0,3.552713678800501e-14,True,True,True,1.0,1.0
val,92827c16-ebfc-4336-b86a-82ec2925c188___R.S_HL 8330 copy 2.jpg,Corn___healthy,Corn___healthy,0.9999996423721313,Corn___healthy,0.9999996423721313,1.5916157281026244e-12,True,True,True,0.9999996423721313,0.9999996423721313
val,9fd94da5-5b0b-436a-8097-2288ec52a0f1___R.S_HL 8110 copy_flipLR.jpg,Corn___healthy,Corn___healthy,1.0,Corn___healthy,1.0,8.79296635503124e-14,True,True,True,1.0,1.0
val,ad1fe4c1-9eb7-4159-968f-d2f0e85c0870___R.S_HL 8253 copy 2.jpg,Corn___healthy,Corn___healthy,1.0,Corn___healthy,1.0,3.375077994860476e-14,True,True,True,1.0,1.0
val,bd16cdda-2c8d-4577-a597-a46c0222d841___R.S_HL 8281 copy_flipLR.jpg,Corn___healthy,Corn___healthy,1.0,Corn___healthy,1.0,1.1379786002407855e-14,True,True,True,1.0,1.0
val,cb88517b-a05a-410c-aac7-ba6d54fb8e56___R.S_HL 8030 copy 2.jpg,Corn___healthy,Corn___healthy,0.9999997615814209,Corn___healthy,0.9999997615814209,1.8616219676914625e-12,True,True,True,0.9999997615814209,0.9999997615814209
val,da416e40-8b10-4d39-86ed-9da9396d98f0___R.S_HL 8278 copy 2_flipLR.jpg,Corn___healthy,Corn___healthy,1.0,Corn___healthy,1.0,3.774758283725532e-15,True,True,True,1.0,1.0
val,ea90bcc4-599d-466d-9d37-bb43079cb1e6___R.S_HL 8289 copy.jpg,Corn___healthy,Corn___healthy,0.9999997615814209,Corn___healthy,0.9999997615814209,5.7696070143720135e-12,True,True,True,0.9999997615814209,0.9999997615814209
val,f6701648-427e-41ff-a375-96821ff63f26___R.S_HL 8076 copy 2_flipLR.jpg,Corn___healthy,Corn___healthy,1.0,Corn___healthy,1.0,8.837375276016246e-14,True,True,True,1.0,1.0
val,bact1.jpg,Cotton___bacterial_blight,Cotton___bacterial_blight,0.9999947547912598,Cotton___bacterial_blight,0.9999948740005493,1.1920928955078125e-07,True,True,True,0.9999947547912598,0.9999948740005493
val,bact110.jpg,Cotton___bacterial_blight,Cotton___bacterial_blight,0.9999842643737793,Cotton___bacterial_blight,0.9999842643737793,4.774847184307873e-11,True,True,True,0.9999842643737793,0.9999842643737793
val,bact139.png,Cotton___bacterial_blight,Cotton___bacterial_blight,0.9999971389770508,Cotton___bacterial_blight,0.9999971389770508,2.660272002685815e-11,True,True,True,0.9999971389770508,0.9999971389770508
val,bact149.png,Cotton___bacterial_blight,Cotton___bacterial_blight,0.9999988079071045,Cotton___bacterial_blight,0.9999988079071045,1.1254996934439987e-11,True,True,True,0.9999988079071045,0.9999988079071045
val,bact167.jpg,Cotton___bacterial_blight,Cotton___bacterial_blight,0.8365914821624756,Cotton___bacterial_blight,0.8365907073020935,7.748603820800781e-07,True,True,True,0.8365914821624756,0.8365907073020935
val,bact193.png,Cotton___bacterial_blight,Cotton___bacterial_blight,0.9999951124191284,Cotton___bacterial_blight,0.9999951124191284,8.594724931754172e-11,True,True,True,0.9999951124191284,0.9999951124191284
val,bact204.png,Cotton___bacterial_blight,Cotton___bacterial_blight,0.9975662231445312,Cotton___bacterial_blight,0.9975661039352417,1.1920928955078125e-07,True,True,True,0.9975662231445312,0.9975661039352417
val,bact211.jpg,Cotton___bacterial_blight,Cotton___bacterial_blight,0.9834233522415161,Cotton___bacterial_blight,0.9834235906600952,2.384185791015625e-07,True,True,True,0.9834233522415161,0.9834235906600952
val,bact230.jpg,Cotton___bacterial_blight,Cotton___bacterial_blight,0.9995038509368896,Cotton___bacterial_blight,0.9995038509368896,1.1641532182693481e-09,True,True,True,0.9995038509368896,0.9995038509368896
val,bact265.jpg,Cotton___bacterial_blight,Cotton___bacterial_blight,0.9999972581863403,Cotton___bacterial_blight,0.9999973773956299,1.1920928955078125e-07,True,True,True,0.9999972581863403,0.9999973773956299
val,bact275.jpg,Cotton___bacterial_blight,Cotton___bacterial_blight,1.0,Cotton___bacterial_blight,1.0,6.750155989720952e-14,True,True,True,1.0,1.0
val,bact284.jpg,Cotton___bacterial_blight,Cotton___bacterial_blight,0.9999997615814209,Cotton___bacterial_blight,0.9999997615814209,4.988010005035903e-12,True,True,True,0.9999997615814209,0.9999997615814209
val,bact317.jpg,Cotton___bacterial_blight,Cotton___bacterial_blight,0.9999973773956299,Cotton___bacterial_blight,0.9999973773956299,8.049028110690415e-11,True,True,True,0.9999973773956299,0.9999973773956299
val,bact359.jpg,Cotton___bacterial_blight,Cotton___bacterial_blight,0.9991361498832703,Cotton___bacterial_blight,0.9991362690925598,1.1920928955078125e-07,True,True,True,0.9991361498832703,0.9991362690925598
val,bact378.png,Cotton___bacterial_blight,Cotton___bacterial_blight,1.0,Cotton___bacterial_blight,1.0,5.551115123125783e-15,True,True,True,1.0,1.0
val,bact390.jpg,Cotton___bacterial_blight,Cotton___bacterial_blight,0.9999983310699463,Cotton___bacterial_blight,0.9999984502792358,1.1920928955078125e-07,True,True,True,0.9999983310699463,0.9999984502792358
val,bact407.jpg,Cotton___bacterial_blight,Cotton___bacterial_blight,1.0,Cotton___bacterial_blight,1.0,6.217248937900877e-15,True,True,True,1.0,1.0
val,bact424.jpg,Cotton___bacterial_blight,Cotton___bacterial_blight,0.9880999326705933,Cotton___bacterial_blight,0.9880999326705933,6.984919309616089e-09,True,True,True,0.9880999326705933,0.9880999326705933
val,bact442.jpg,Cotton___bacterial_blight,Cotton___bacterial_blight,0.9633299708366394,Cotton___bacterial_blight,0.9633302092552185,3.390014171600342e-07,True,True,True,0.9633299708366394,0.9633302092552185
val,bact52.png,Cotton___bacterial_blight,Cotton___bacterial_blight,0.9985899329185486,Cotton___bacterial_blight,0.998589813709259,1.1920928955078125e-07,True,True,True,0.9985899329185486,0.998589813709259
val,curl00.jpg,Cotton___curl_virus,Cotton___curl_virus,1.0,Cotton___curl_virus,1.0,3.352873534367973e-14,True,True,True,1.0,1.0
val,curl109.jpg,Cotton___curl_virus,Cotton___curl_virus,0.9999961853027344,Cotton___curl_virus,0.9999961853027344,2.955857780762017e-11,True,True,True,0.9999961853027344,0.9999961853027344
val,curl119.jpg,Cotton___curl_virus,Cotton___curl_virus,1.0,Cotton___curl_virus,1.0,3.6193270602780103e-14,True,True,True,1.0,1.0
val,curl138.jpg,Cotton___curl_virus,Cotton___curl_virus,0.999998927116394,Cotton___curl_virus,0.999998927116394,5.002220859751105e-12,True,True,True,0.999998927116394,0.999998927116394
val,curl146.jpg,Cotton___curl_virus,Cotton___curl_virus,0.9999991655349731,Cotton___curl_virus,0.9999991655349731,6.423306331271306e-12,True,True,True,0.9999991655349731,0.9999991655349731
val,curl154.jpg,Cotton___curl_virus,Cotton___curl_virus,0.9999827146530151,Cotton___curl_virus,0.9999827146530151,1.4551915228366852e-10,True,True,True,0.9999827146530151,0.9999827146530151
val,Curl175.png,Cotton___curl_virus,Cotton___curl_virus,0.999990701675415,Cotton___curl_virus,0.999990701675415,2.3646862246096134e-11,True,True,True,0.999990701675415,0.999990701675415
val,curl194.jpg,Cotton___curl_virus,Cotton___curl_virus,0.9999222755432129,Cotton___curl_virus,0.9999222755432129,5.093170329928398e-11,True,True,True,0.9999222755432129,0.9999222755432129
val,curl205.jpg,Cotton___curl_virus,Cotton___curl_virus,0.9914143681526184,Cotton___curl_virus,0.9914147257804871,3.5762786865234375e-07,True,True,True,0.9914143681526184,0.9914147257804871
val,curl21.jpg,Cotton___curl_virus,Cotton___curl_virus,1.0,Cotton___curl_virus,1.0,4.0323300254385686e-13,True,True,True,1.0,1.0
val,curl221.jpg,Cotton___curl_virus,Cotton___curl_virus,0.9999642372131348,Cotton___curl_virus,0.9999642372131348,3.710738383233547e-10,True,True,True,0.9999642372131348,0.9999642372131348
val,curl236.jpg,Cotton___curl_virus,Cotton___curl_virus,0.9994643330574036,Cotton___curl_virus,0.999464213848114,1.1920928955078125e-07,True,True,True,0.9994643330574036,0.999464213848114
val,curl245.jpg,Cotton___curl_virus,Cotton___curl_virus,0.9999992847442627,Cotton___curl_virus,0.9999992847442627,3.268496584496461e-12,True,True,True,0.9999992847442627,0.9999992847442627
val,curl271.jpg,Cotton___curl_virus,Cotton___curl_virus,0.9999748468399048,Cotton___curl_virus,0.9999748468399048,1.0550138540565968e-10,True,True,True,0.9999748468399048,0.9999748468399048
val,curl280.jpg,Cotton___curl_virus,Cotton___curl_virus,0.9993533492088318,Cotton___curl_virus,0.9993533492088318,1.4551915228366852e-09,True,True,True,0.9993533492088318,0.9993533492088318
val,curl288.jpg,Cotton___curl_virus,Cotton___curl_virus,0.9901345372200012,Cotton___curl_virus,0.9901345372200012,3.5390257835388184e-08,True,True,True,0.9901345372200012,0.9901345372200012
val,curl311.jpg,Cotton___curl_virus,Cotton___curl_virus,0.9999971389770508,Cotton___curl_virus,0.9999971389770508,3.296918293926865e-11,True,True,True,0.9999971389770508,0.9999971389770508
val,curl330.jpg,Cotton___curl_virus,Cotton___curl_virus,0.999923825263977,Cotton___curl_virus,0.999923825263977,3.92901711165905e-10,True,True,True,0.999923825263977,0.999923825263977
val,curl377.jpg,Cotton___curl_virus,Cotton___curl_virus,0.9998082518577576,Cotton___curl_virus,0.9998083710670471,1.1920928955078125e-07,True,True,True,0.9998082518577576,0.9998083710670471
val,curl398.jpg,Cotton___curl_virus,Cotton___curl_virus,0.9999996423721313,Cotton___curl_virus,0.9999996423721313,1.1539214028744027e-11,True,True,True,0.9999996423721313,0.9999996423721313
val,done11.jpg,Cotton___fussarium_wilt,Cotton___fussarium_wilt,0.9999988079071045,Cotton___fussarium_wilt,0.9999986886978149,1.1920928955078125e-07,True,True,True,0.9999988079071045,0.9999986886978149
val,done6.jpg,Cotton___fussarium_wilt,Cotton___fussarium_wilt,0.9520547986030579,Cotton___fussarium_wilt,0.9520536065101624,1.1920928955078125e-06,True,True,True,0.9520547986030579,0.9520536065101624
val,foliar-damage-from-fusarium-oxysporum.png,Cotton___fussarium_wilt,Cotton___fussarium_wilt,0.999382495880127,Cotton___fussarium_wilt,0.9993823766708374,1.1920928955078125e-07,True,True,True,0.999382495880127,0.9993823766708374
val,fus118.jpg,Cotton___fussarium_wilt,Cotton___fussarium_wilt,0.9999991655349731,Cotton___fussarium_wilt,0.9999990463256836,1.1920928955078125e-07,True,True,True,0.9999991655349731,0.9999990463256836
val,fus125.jpg,Cotton___fussarium_wilt,Cotton___fussarium_wilt,0.6800638437271118,Cotton___fussarium_wilt,0.6800650954246521,1.2516975402832031e-06,True,True,True,0.6800638437271118,0.6800650954246521
val,fus138.jpg,Cotton___fussarium_wilt,Cotton___fussarium_wilt,0.999955415725708,Cotton___fussarium_wilt,0.999955415725708,2.1827872842550278e-10,True,True,True,0.999955415725708,0.999955415725708
val,fus156.jpg,Cotton___fussarium_wilt,Cotton___fussarium_wilt,0.999992847442627,Cotton___fussarium_wilt,0.999992847442627,9.185896487906575e-11,True,True,True,0.999992847442627,0.999992847442627
val,fus177.jpg,Cotton___fussarium_wilt,Cotton___fussarium_wilt,0.9420595765113831,Cotton___fussarium_wilt,0.9420599937438965,4.172325134277344e-07,True,True,True,0.9420595765113831,0.9420599937438965
val,fus187.jpg,Cotton___fussarium_wilt,Cotton___fussarium_wilt,0.9998607635498047,Cotton___fussarium_wilt,0.9998606443405151,1.1920928955078125e-07,True,True,True,0.9998607635498047,0.9998606443405151
val,fus193.jpg,Cotton___fussarium_wilt,Cotton___fussarium_wilt,0.9991740584373474,Cotton___fussarium_wilt,0.999174177646637,1.1920928955078125e-07,True,True,True,0.9991740584373474,0.999174177646637
val,fus212.jpg,Cotton___fussarium_wilt,Cotton___fussarium_wilt,0.9998747110366821,Cotton___fussarium_wilt,0.9998747110366821,3.956301952712238e-11,True,True,True,0.9998747110366821,0.9998747110366821
val,fus221.png,Cotton___fussarium_wilt,Cotton___fussarium_wilt,0.9820751547813416,Cotton___fussarium_wilt,0.9820749163627625,2.384185791015625e-07,True,True,True,0.9820751547813416,0.9820749163627625
val,fus247.jpg,Cotton___fussarium_wilt,Cotton___fussarium_wilt,0.9999159574508667,Cotton___fussarium_wilt,0.9999160766601562,1.1920928955078125e-07,True,True,True,0.9999159574508667,0.9999160766601562
val,fus255.jpg,Cotton___fussarium_wilt,Cotton___fussarium_wilt,1.0,Cotton___fussarium_wilt,1.0,8.79296635503124e-14,True,True,True,1.0,1.0
val,fus262.jpg,Cotton___fussarium_wilt,Cotton___fussarium_wilt,1.0,Cotton___fussarium_wilt,1.0,4.030109579389318e-14,True,True,True,1.0,1.0
val,fus283.jpg,Cotton___fussarium_wilt,Cotton___fussarium_wilt,1.0,Cotton___fussarium_wilt,1.0,1.9984014443252818e-15,True,True,True,1.0,1.0
val,fus30.jpg,Cotton___fussarium_wilt,Cotton___fussarium_wilt,0.9960536956787109,Cotton___fussarium_wilt,0.9960535764694214,1.1920928955078125e-07,True,True,True,0.9960536956787109,0.9960535764694214
val,fus341.jpg,Cotton___fussarium_wilt,Cotton___fussarium_wilt,0.9773948788642883,Cotton___fussarium_wilt,0.9773946404457092,2.384185791015625e-07,True,True,True,0.9773948788642883,0.9773946404457092
val,fus357.jpg,Cotton___fussarium_wilt,Cotton___fussarium_wilt,0.9999340772628784,Cotton___fussarium_wilt,0.9999340772628784,3.1650415621697903e-10,True,True,True,0.9999340772628784,0.9999340772628784
val,fus369.jpg,Cotton___fussarium_wilt,Cotton___fussarium_wilt,0.999997615814209,Cotton___fussarium_wilt,0.999997615814209,2.6147972675971687e-12,True,True,True,0.999997615814209,0.999997615814209
val,h101.jpg,Cotton___healthy,Cotton___healthy,0.9998695850372314,Cotton___healthy,0.9998695850372314,6.020854925736785e-10,True,True,True,0.9998695850372314,0.9998695850372314
val,h113.jpg,Cotton___healthy,Cotton___healthy,0.9996817111968994,Cotton___healthy,0.9996817111968994,5.093170329928398e-09,True,True,True,0.9996817111968994,0.9996817111968994
val,h120.jpg,Cotton___healthy,Cotton___healthy,0.9269997477531433,Cotton___healthy,0.9269993305206299,4.172325134277344e-07,True,True,True,0.9269997477531433,0.9269993305206299
val,h139.jpg,Cotton___healthy,Cotton___healthy,1.0,Cotton___healthy,1.0,1.2008172234345693e-12,True,True,True,1.0,1.0
val,h150.jpg,Cotton___healthy,Cotton___healthy,1.0,Cotton___healthy,1.0,2.6201263381153694e-13,True,True,True,1.0,1.0
val,h159.jpg,Cotton___healthy,Cotton___healthy,1.0,Cotton___healthy,1.0,3.019806626980426e-14,True,True,True,1.0,1.0
val,h182.jpg,Cotton___healthy,Cotton___healthy,1.0,Cotton___healthy,1.0,8.43769498715119e-15,True,True,True,1.0,1.0
val,h201.jpg,Cotton___healthy,Cotton___healthy,1.0,Cotton___healthy,1.0,7.416289804496046e-14,True,True,True,1.0,1.0
val,h215.png,Cotton___healthy,Cotton___healthy,0.9988559484481812,Cotton___healthy,0.9988560676574707,1.1920928955078125e-07,True,True,True,0.9988559484481812,0.9988560676574707
val,h219.png,Cotton___healthy,Cotton___healthy,0.999950647354126,Cotton___healthy,0.999950647354126,5.820766091346741e-11,True,True,True,0.999950647354126,0.999950647354126
val,h231.jpg,Cotton___healthy,Cotton___healthy,1.0,Cotton___healthy,1.0,3.9968028886505635e-14,True,True,True,1.0,1.0
val,h248.jpg,Cotton___healthy,Cotton___healthy,0.9999998807907104,Cotton___healthy,0.9999998807907104,8.668621376273222e-13,True,True,True,0.9999998807907104,0.9999998807907104
val,h257.jpg,Cotton___healthy,Cotton___healthy,0.9999972581863403,Cotton___healthy,0.9999972581863403,1.2732925824820995e-11,True,True,True,0.9999972581863403,0.9999972581863403
val,h283.jpg,Cotton___healthy,Cotton___healthy,1.0,Cotton___healthy,1.0,2.3245294578089215e-16,True,True,True,1.0,1.0
val,h292.jpg,Cotton___healthy,Cotton___healthy,0.999998927116394,Cotton___healthy,0.999998927116394,2.1827872842550278e-11,True,True,True,0.999998927116394,0.999998927116394
val,h300.jpg,Cotton___healthy,Cotton___healthy,0.874172031879425,Cotton___healthy,0.8741726279258728,5.960464477539062e-07,True,True,True,0.874172031879425,0.8741726279258728
val,h326.jpg,Cotton___healthy,Cotton___healthy,1.0,Cotton___healthy,1.0,2.0650148258027912e-14,True,True,True,1.0,1.0
val,h345.jpg,Cotton___healthy,Cotton___healthy,0.999998927116394,Cotton___healthy,0.999998927116394,1.0686562745831907e-11,True,True,True,0.999998927116394,0.999998927116394
val,h387.jpg,Cotton___healthy,Cotton___healthy,0.9990910291671753,Cotton___healthy,0.9990911483764648,1.1920928955078125e-07,True,True,True,0.9990910291671753,0.9990911483764648
val,h406.jpg,Cotton___healthy,Cotton___healthy,0.9998863935470581,Cotton___healthy,0.9998863935470581,1.1714291758835316e-09,True,True,True,0.9998863935470581,0.9998863935470581
val,003d09ef-e16c-4e8a-badf-847d46cb3dc0___FAM_B.Rot 3184.JPG,Grape___Black_rot,Grape___Black_rot,0.9999991655349731,Grape___Black_rot,0.9999991655349731,2.347633198951371e-11,True,True,True,0.9999991655349731,0.9999991655349731
val,0cf5d61f-fb1a-4533-b0aa-f174d2acdc82___FAM_B.Rot 0721_flipLR.JPG,Grape___Black_rot,Grape___Black_rot,0.9999966621398926,Grape___Black_rot,0.9999966621398926,7.09405867382884e-11,True,True,True,0.9999966621398926,0.9999966621398926
val,19fb3c5f-8c99-40da-96b0-4b66e0f87f04___FAM_B.Rot 3072.JPG,Grape___Black_rot,Grape___Black_rot,0.9999992847442627,Grape___Black_rot,0.9999992847442627,1.574562702444382e-11,True,True,True,0.9999992847442627,0.9999992847442627
val,2588912e-39a8-40d7-a22c-a4cfdd4d09f5___FAM_B.Rot 3388_flipLR.JPG,Grape___Black_rot,Grape___Black_rot,0.9999806880950928,Grape___Black_rot,0.9999806880950928,4.05634636990726e-10,True,True,True,0.9999806880950928,0.9999806880950928
val,30a4f61a-34ef-4293-87bf-37b0b338c449___FAM_B.Rot 3121.JPG,Grape___Black_rot,Grape___Black_rot,0.9999737739562988,Grape___Black_rot,0.9999737739562988,2.510205376893282e-10,True,True,True,0.9999737739562988,0.9999737739562988
val,39f49e8a-cd72-45bd-bcf5-a25f472fa6ac___FAM_B.Rot 0512_flipLR.JPG,Grape___Black_rot,Grape___Black_rot,0.9999909400939941,Grape___Black_rot,0.9999909400939941,3.155946615152061e-10,True,True,True,0.9999909400939941,0.9999909400939941
val,4b58bd4b-a23c-4677-b52e-5301a120c981___FAM_B.Rot 3150.JPG,Grape___Black_rot,Grape___Black_rot,0.9999765157699585,Grape___Black_rot,0.9999765157699585,3.965396899729967e-10,True,True,True,0.9999765157699585,0.9999765157699585
val,5982e6f4-421b-41ff-a557-a5f91848695b___FAM_B.Rot 3301_flipLR.JPG,Grape___Black_rot,Grape___Black_rot,0.9999998807907104,Grape___Black_rot,0.9999998807907104,4.973799150320701e-13,True,True,True,0.9999998807907104,0.9999998807907104
val,639728f8-1d6b-4f6f-860c-2c48653eb564___FAM_B.Rot 3547.JPG,Grape___Black_rot,Grape___Black_rot,0.9999996423721313,Grape___Black_rot,0.9999996423721313,1.8474111129762605e-12,True,True,True,0.9999996423721313,0.9999996423721313
val,6cd047c1-d4c4-4215-8e8a-d81c7f5a3669___FAM_B.Rot 0408_flipLR.JPG,Grape___Black_rot,Grape___Black_rot,0.9999767541885376,Grape___Black_rot,0.9999767541885376,3.5288394428789616e-10,True,True,True,0.9999767541885376,0.9999767541885376
val,7b4a3140-6a68-43ee-b782-bf51970e6c1d___FAM_B.Rot 3250.JPG,Grape___Black_rot,Grape___Black_rot,0.9999971389770508,Grape___Black_rot,0.9999971389770508,3.1604940886609256e-11,True,True,True,0.9999971389770508,0.9999971389770508
val,8557739e-484e-42dc-871e-f4373b361024___FAM_B.Rot 0690_flipLR.JPG,Grape___Black_rot,Grape___Black_rot,1.0,Grape___Black_rot,1.0,6.741274205523951e-13,True,True,True,1.0,1.0
val,967a897e-f058-4f33-bb28-fcc57206eb4f___FAM_B.Rot 0484.JPG,Grape___Black_rot,Grape___Black_rot,1.0,Grape___Black_rot,1.0,1.2906342661267445e-15,True,True,True,1.0,1.0
val,a376b8ce-9cff-442f-a3b6-71e74a097876___FAM_B.Rot 0528_flipLR.JPG,Grape___Black_rot,Grape___Black_rot,0.9999986886978149,Grape___Black_rot,0.9999986886978149,1.546140993013978e-11,True,True,True,0.9999986886978149,0.9999986886978149
val,afa86601-30e0-4a13-8812-db5ca9760afa___FAM_B.Rot 3159.JPG,Grape___Black_rot,Grape___Black_rot,0.9999998807907104,Grape___Black_rot,0.9999998807907104,5.8406612879480235e-12,True,True,True,0.9999998807907104,0.9999998807907104
val,bc248029-8236-4e2c-8343-c9ebf0abe24d___FAM_B.Rot 3564_flipLR.JPG,Grape___Black_rot,Grape___Black_rot,0.9999982118606567,Grape___Black_rot,0.9999982118606567,8.43556335894391e-11,True,True,True,0.9999982118606567,0.9999982118606567
val,cd21d350-3a40-45b8-8c67-c15c2a336545___FAM_B.Rot 3206.JPG,Grape___Black_rot,Grape___Black_rot,0.9999977350234985,Grape___Black_rot,0.9999977350234985,8.86757334228605e-12,True,True,True,0.9999977350234985,0.9999977350234985
val,dc51d657-a8d2-46b1-b16e-014478dc364a___FAM_B.Rot 0488_flipLR.JPG,Grape___Black_rot,Grape___Black_rot,0.9999997615814209,Grape___Black_rot,0.9999997615814209,3.694822225952521e-13,True,True,True,0.9999997615814209,0.9999997615814209
val,e83845d6-8cd7-4dd7-a71e-3a901bc6db06___FAM_B.Rot 0559.JPG,Grape___Black_rot,Grape___Black_rot,0.9999936819076538,Grape___Black_rot,0.9999936819076538,4.8203219193965197e-11,True,True,True,0.9999936819076538,0.9999936819076538
val,f56702cc-1ef3-40c6-8f93-cd9ab87c3ed1___FAM_B.Rot 0509_flipLR.JPG,Grape___Black_rot,Grape___Black_rot,0.9994388222694397,Grape___Black_rot,0.9994388222694397,2.9103830456733704e-09,True,True,True,0.9994388222694397,0.9994388222694397
val,00b65fe8-cee1-4b68-8ef4-1211814f2845___FAM_B.Msls 3990.JPG,Grape___Esca_(Black_Measles),Grape___Esca_(Black_Measles),0.9999997615814209,Grape___Esca_(Black_Measles),0.9999997615814209,7.403855306620244e-12,True,True,True,0.9999997615814209,0.9999997615814209
val,1480083c-86a4-479c-90cf-9488d782f32e___FAM_B.Msls 1317.JPG,Grape___Esca_(Black_Measles),Grape___Esca_(Black_Measles),1.0,Grape___Esca_(Black_Measles),1.0,2.1250362580715887e-17,True,True,True,1.0,1.0
val,1e8bbe2c-7889-4fd1-8e77-dd01959007ab___FAM_B.Msls 0858.JPG,Grape___Esca_(Black_Measles),Grape___Esca_(Black_Measles),1.0,Grape___Esca_(Black_Measles),1.0,1.1796119636642288e-16,True,True,True,1.0,1.0
val,2846635f-28ec-400f-94de-b50c735f20e0___FAM_B.Msls 1216.JPG,Grape___Esca_(Black_Measles),Grape___Esca_(Black_Measles),1.0,Grape___Esca_(Black_Measles),1.0,3.4558944247975454e-19,True,True,True,1.0,1.0
val,34447994-b2d2-4a3e-b23f-8234c197dab9___FAM_B.Msls 4032_flipLR.JPG,Grape___Esca_(Black_Measles),Grape___Esca_(Black_Measles),1.0,Grape___Esca_(Black_Measles),1.0,2.2343238370581275e-15,True,True,True,1.0,1.0
val,47b0d5e3-2c8d-4528-8d6d-228deb96fcea___FAM_B.Msls 1826_flipLR.JPG,Grape___Esca_(Black_Measles),Grape___Esca_(Black_Measles),0.9999414682388306,Grape___Esca_(Black_Measles),0.9999414682388306,3.346940502524376e-10,True,True,True,0.9999414682388306,0.9999414682388306
val,51ddfcf4-af6b-46aa-9c5c-7052c056023e___FAM_B.Msls 1762.JPG,Grape___Esca_(Black_Measles),Grape___Esca_(Black_Measles),1.0,Grape___Esca_(Black_Measles),1.0,3.4994229736184934e-13,True,True,True,1.0,1.0
val,5ae63be9-a975-49f7-a349-c8454b2b5f01___FAM_B.Msls 4023.JPG,Grape___Esca_(Black_Measles),Grape___Esca_(Black_Measles),1.0,Grape___Esca_(Black_Measles),1.0,9.86623976961809e-18,True,True,True,1.0,1.0
val,6859994c-de46-4b2a-9efd-9ae52f56f1c7___FAM_B.Msls 0972_flipLR.JPG,Grape___Esca_(Black_Measles),Grape___Esca_(Black_Measles),1.0,Grape___Esca_(Black_Measles),1.0,4.418687638008123e-14,True,True,True,1.0,1.0
val,7a883f12-060f-4e0a-bd1e-b9100d9cd7d8___FAM_B.Msls 1052.JPG,Grape___Esca_(Black_Measles),Grape___Esca_(Black_Measles),1.0,Grape___Esca_(Black_Measles),1.0,2.6478819137309983e-14,True,True,True,1.0,1.0
val,8e29857c-f116-4756-b469-9c5b9d01a4d5___FAM_B.Msls 4409.JPG,Grape___Esca_(Black_Measles),Grape___Esca_(Black_Measles),1.0,Grape___Esca_(Black_Measles),1.0,9.351243737687476e-19,True,True,True,1.0,1.0
val,a2223591-46e6-4018-9484-499ce63bb137___FAM_B.Msls 4078.JPG,Grape___Esca_(Black_Measles),Grape___Esca_(Black_Measles),1.0,Grape___Esca_(Black_Measles),1.0,5.377642775528102e-17,True,True,True,1.0,1.0
val,af5b6bad-2b57-4337-83de-b1efb21f0282___FAM_B.Msls 4272.JPG,Grape___Esca_(Black_Measles),Grape___Esca_(Black_Measles),1.0,Grape___Esca_(Black_Measles),1.0,4.586175189613684e-17,True,True,True,1.0,1.0
val,bd64796d-9b77-4969-bab8-09ac6fd6cc41___FAM_B.Msls 1237.JPG,Grape___Esca_(Black_Measles),Grape___Esca_(Black_Measles),1.0,Grape___Esca_(Black_Measles),1.0,2.9976021664879227e-15,True,True,True,1.0,1.0
val,c8e6d9ba-8ccc-4e6e-a4da-0442ea34b05f___FAM_B.Msls 1190.JPG,Grape___Esca_(Black_Measles),Grape___Esca_(Black_Measles),1.0,Grape___Esca_(Black_Measles),1.0,6.3976601794024646e-15,True,True,True,1.0,1.0
val,d207a1c7-2680-4684-8334-73e67346ee68___FAM_B.Msls 4495.JPG,Grape___Esca_(Black_Measles),Grape___Esca_(Black_Measles),0.9999797344207764,Grape___Esca_(Black_Measles),0.9999797344207764,1.8189894035458565e-12,True,True,True,0.9999797344207764,0.9999797344207764
val,da2ded91-338e-47db-a640-269590ea2b8b___FAM_B.Msls 1127.JPG,Grape___Esca_(Black_Measles),Grape___Esca_(Black_Measles),0.9999998807907104,Grape___Esca_(Black_Measles),0.9999998807907104,4.192202140984591e-12,True,True,True,0.9999998807907104,0.9999998807907104
val,e58e8a6b-5bcf-414c-8891-ff7d891ef5f6___FAM_B.Msls 3798.JPG,Grape___Esca_(Black_Measles),Grape___Esca_(Black_Measles),1.0,Grape___Esca_(Black_Measles),1.0,1.0234868508263162e-16,True,True,True,1.0,1.0
val,f0fa803e-e857-4bdf-b79f-7f1d81590c41___FAM_B.Msls 4134.JPG,Grape___Esca_(Black_Measles),Grape___Esca_(Black_Measles),1.0,Grape___Esca_(Black_Measles),1.0,1.3791051634015616e-16,True,True,True,1.0,1.0
val,fb850331-28fc-4d99-bd31-ed2b27bd2b97___FAM_B.Msls 1196.JPG,Grape___Esca_(Black_Measles),Grape___Esca_(Black_Measles),1.0,Grape___Esca_(Black_Measles),1.0,6.730727086790012e-16,True,True,True,1.0,1.0
val,02f95acb-5d92-4f2a-b7ec-3af8709ee7c9___Mt.N.V_HL 9078.JPG,Grape___healthy,Grape___healthy,0.9999963045120239,Grape___healthy,0.9999963045120239,8.549250196665525e-11,True,True,True,0.9999963045120239,0.9999963045120239
val,0cd6cdbd-1674-4abb-b734-756da4994cd0___Mt.N.V_HL 6052_180deg.JPG,Grape___healthy,Grape___healthy,0.9999856948852539,Grape___healthy,0.9999855756759644,1.1920928955078125e-07,True,True,True,0.9999856948852539,0.9999855756759644
val,13172b3a-e110-4928-b396-04db23cf85c6___Mt.N.V_HL 8924_270deg.JPG,Grape___healthy,Grape___healthy,1.0,Grape___healthy,1.0,3.3861802251067274e-15,True,True,True,1.0,1.0
val,198fbad6-0192-4263-96c8-74c330667d61___Mt.N.V_HL 9032_90deg.JPG,Grape___healthy,Grape___healthy,1.0,Grape___healthy,1.0,3.0309088572266774e-14,True,True,True,1.0,1.0
val,244804b5-05e2-4372-a376-36a0655aff41___Mt.N.V_HL 6121_new30degFlipLR.JPG,Grape___healthy,Grape___healthy,1.0,Grape___healthy,1.0,3.601563491884008e-13,True,True,True,1.0,1.0
val,37730143-a639-46a3-b6a5-e1385e8ae4a4___Mt.N.V_HL 9049.JPG,Grape___healthy,Grape___healthy,0.9999971389770508,Grape___healthy,0.9999971389770508,6.934897101018578e-11,True,True,True,0.9999971389770508,0.9999971389770508
val,40802018-54d4-4be9-8dd3-0856e6dac368___Mt.N.V_HL 9050_180deg.JPG,Grape___healthy,Grape___healthy,1.0,Grape___healthy,1.0,2.8066438062523957e-13,True,True,True,1.0,1.0
val,4a2e44c5-aa80-4052-bc4a-5d6324ae5f3e___Mt.N.V_HL 6207_270deg.JPG,Grape___healthy,Grape___healthy,1.0,Grape___healthy,1.0,4.085620730620576e-14,True,True,True,1.0,1.0
val,52bb5946-964f-4dce-a8b8-8c01bdd8737d___Mt.N.V_HL 6078_90deg.JPG,Grape___healthy,Grape___healthy,1.0,Grape___healthy,1.0,9.747758156208874e-14,True,True,True,1.0,1.0
val,63e38ffd-dfb4-4fc0-aee2-0e6da78a9915___Mt.N.V_HL 6028_new30degFlipLR.JPG,Grape___healthy,Grape___healthy,1.0,Grape___healthy,1.0,9.015010959956271e-14,True,True,True,1.0,1.0
val,6cf81f1f-7f6b-4e06-a0b5-c466e840feed___Mt.N.V_HL 8930.JPG,Grape___healthy,Grape___healthy,1.0,Grape___healthy,1.0,1.7763568394002505e-14,True,True,True,1.0,1.0
val,7276406c-b1ce-4c23-af0a-2c1c38e6e1a2___Mt.N.V_HL 9099_180deg.JPG,Grape___healthy,Grape___healthy,1.0,Grape___healthy,1.0,1.3079815008865125e-15,True,True,True,1.0,1.0
val,8a5dff69-180d-4a14-b8e1-b9e1374202c5___Mt.N.V_HL 6098_270deg.JPG,Grape___healthy,Grape___healthy,1.0,Grape___healthy,1.0,4.8155923693116165e-15,True,True,True,1.0,1.0
val,a47c4d69-8888-45dd-93bf-8f3421960604___Mt.N.V_HL 9082_90deg.JPG,Grape___healthy,Grape___healthy,1.0,Grape___healthy,1.0,2.142730437526552e-14,True,True,True,1.0,1.0
val,b2e93b6f-8a63-43f7-9305-dbad31dceda6___Mt.N.V_HL 9064_new30degFlipLR.JPG,Grape___healthy,Grape___healthy,1.0,Grape___healthy,1.0,1.4432899320127035e-14,True,True,True,1.0,1.0
val,c03ffb41-c3a8-437f-9ee4-023d2d795500___Mt.N.V_HL 6212.JPG,Grape___healthy,Grape___healthy,0.9999996423721313,Grape___healthy,0.9999996423721313,4.405364961712621e-12,True,True,True,0.9999996423721313,0.9999996423721313
val,c4d28bb3-4dd7-4292-9d45-4f47903e9c26___Mt.N.V_HL 8931_180deg.JPG,Grape___healthy,Grape___healthy,1.0,Grape___healthy,1.0,3.434752482434078e-15,True,True,True,1.0,1.0
val,d68b653c-4fe7-49ee-80d4-1f0c84092242___Mt.N.V_HL 6077_270deg.JPG,Grape___healthy,Grape___healthy,1.0,Grape___healthy,1.0,8.126832540256146e-14,True,True,True,1.0,1.0
val,e1ad5701-dcb4-43be-a5f0-be4b7773748b___Mt.N.V_HL 8996_90deg.JPG,Grape___healthy,Grape___healthy,0.9999978542327881,Grape___healthy,0.9999978542327881,1.2505552149377763e-11,True,True,True,0.9999978542327881,0.9999978542327881
val,f436f07c-ff87-4871-b712-5f282912f70c___Mt.N.V_HL 6180_new30degFlipLR.JPG,Grape___healthy,Grape___healthy,1.0,Grape___healthy,1.0,1.4033219031261979e-13,True,True,True,1.0,1.0
val,024604e6-c7b0-42d1-8466-536c94aac6ea___CREC_HLB 7555.JPG,Orange___Haunglongbing_(Citrus_greening),Orange___Haunglongbing_(Citrus_greening),1.0,Orange___Haunglongbing_(Citrus_greening),1.0,3.552713678800501e-14,True,True,True,1.0,1.0
val,335489dd-dff3-4049-b005-0753e9c14ea9___CREC_HLB 6487.JPG,Orange___Haunglongbing_(Citrus_greening),Orange___Haunglongbing_(Citrus_greening),1.0,Orange___Haunglongbing_(Citrus_greening),1.0,7.016609515630989e-14,True,True,True,1.0,1.0
val,44674755-6335-41bc-9f7d-b2b51feb63f8___CREC_HLB 5004.JPG,Orange___Haunglongbing_(Citrus_greening),Orange___Haunglongbing_(Citrus_greening),1.0,Orange___Haunglongbing_(Citrus_greening),1.0,2.6423307986078726e-14,True,True,True,1.0,1.0
val,66289e52-184e-40d5-9935-2a0b0816e859___CREC_HLB 5272.JPG,Orange___Haunglongbing_(Citrus_greening),Orange___Haunglongbing_(Citrus_greening),1.0,Orange___Haunglongbing_(Citrus_greening),1.0,1.616484723854228e-13,True,True,True,1.0,1.0
val,93908d4f-09eb-4fb5-8076-4b7a45a6251d___CREC_HLB 4240.JPG,Orange___Haunglongbing_(Citrus_greening),Orange___Haunglongbing_(Citrus_greening),1.0,Orange___Haunglongbing_(Citrus_greening),1.0,2.927345865710862e-17,True,True,True,1.0,1.0
val,a3abea4b-c0db-4fc2-b376-0eec6b6692d2___CREC_HLB 4259.JPG,Orange___Haunglongbing_(Citrus_greening),Orange___Haunglongbing_(Citrus_greening),0.9999998807907104,Orange___Haunglongbing_(Citrus_greening),0.9999998807907104,3.282707439211663e-12,True,True,True,0.9999998807907104,0.9999998807907104
val,a904d801-11bb-45d3-9ed1-5753eb9b1843___CREC_HLB 5172.JPG,Orange___Haunglongbing_(Citrus_greening),Orange___Haunglongbing_(Citrus_greening),1.0,Orange___Haunglongbing_(Citrus_greening),1.0,2.1163626406917047e-16,True,True,True,1.0,1.0
val,adbb3df2-929e-4611-8d72-d210a21d5969___CREC_HLB 5000.JPG,Orange___Haunglongbing_(Citrus_greening),Orange___Haunglongbing_(Citrus_greening),1.0,Orange___Haunglongbing_(Citrus_greening),1.0,6.350475700855895e-14,True,True,True,1.0,1.0
val,b2bc208e-43e2-44d9-a54b-d801d3ef3469___CREC_HLB 6994.JPG,Orange___Haunglongbing_(Citrus_greening),Orange___Haunglongbing_(Citrus_greening),0.9999982118606567,Orange___Haunglongbing_(Citrus_greening),0.9999982118606567,3.2862601528904634e-14,True,True,True,0.9999982118606567,0.9999982118606567
val,bbd3c0dc-5584-481a-9030-2106096628c9___CREC_HLB 4879.JPG,Orange___Haunglongbing_(Citrus_greening),Orange___Haunglongbing_(Citrus_greening),1.0,Orange___Haunglongbing_(Citrus_greening),1.0,2.957634137601417e-13,True,True,True,1.0,1.0
val,c2c99f8c-3173-4842-ad6c-65c6d7a7dd17___CREC_HLB 7002.JPG,Orange___Haunglongbing_(Citrus_greening),Orange___Haunglongbing_(Citrus_greening),1.0,Orange___Haunglongbing_(Citrus_greening),1.0,1.6653345369377348e-16,True,True,True,1.0,1.0
val,cb52f1fb-655b-422d-b061-4e453f117077___CREC_HLB 5081.JPG,Orange___Haunglongbing_(Citrus_greening),Orange___Haunglongbing_(Citrus_greening),1.0,Orange___Haunglongbing_(Citrus_greening),1.0,1.8596235662471372e-15,True,True,True,1.0,1.0
val,d14d25c2-762e-4876-9465-68bbae9fcbd8___CREC_HLB 5361.JPG,Orange___Haunglongbing_(Citrus_greening),Orange___Haunglongbing_(Citrus_greening),0.9999997615814209,Orange___Haunglongbing_(Citrus_greening),0.9999997615814209,4.462208380573429e-12,True,True,True,0.9999997615814209,0.9999997615814209
val,d7f77068-abab-45ec-9ae9-cdbda331212a___CREC_HLB 7922.JPG,Orange___Haunglongbing_(Citrus_greening),Orange___Haunglongbing_(Citrus_greening),0.9976537823677063,Orange___Haunglongbing_(Citrus_greening),0.9976537823677063,4.889443516731262e-09,True,True,True,0.9976537823677063,0.9976537823677063
val,dddaee30-025f-45ae-8f0b-618e0524ee83___CREC_HLB 7842.JPG,Orange___Haunglongbing_(Citrus_greening),Orange___Haunglongbing_(Citrus_greening),0.9999996423721313,Orange___Haunglongbing_(Citrus_greening),0.9999996423721313,2.3305801732931286e-12,True,True,True,0.9999996423721313,0.9999996423721313
val,e4226d4e-d055-40e4-a0b2-a7847a5dd62d___CREC_HLB 5001.JPG,Orange___Haunglongbing_(Citrus_greening),Orange___Haunglongbing_(Citrus_greening),1.0,Orange___Haunglongbing_(Citrus_greening),1.0,5.684341886080802e-14,True,True,True,1.0,1.0
val,ebab3649-ce60-4043-9c50-c1c734914bab___CREC_HLB 4200.JPG,Orange___Haunglongbing_(Citrus_greening),Orange___Haunglongbing_(Citrus_greening),1.0,Orange___Haunglongbing_(Citrus_greening),1.0,6.019490461639521e-16,True,True,True,1.0,1.0
val,eec17b40-e745-428c-a265-c2af5c76c1d8___CREC_HLB 4225.JPG,Orange___Haunglongbing_(Citrus_greening),Orange___Haunglongbing_(Citrus_greening),1.0,Orange___Haunglongbing_(Citrus_greening),1.0,1.4502288259166107e-15,True,True,True,1.0,1.0
val,f4bcba6a-e4cc-4a84-af5b-9260ec429a00___CREC_HLB 4388.JPG,Orange___Haunglongbing_(Citrus_greening),Orange___Haunglongbing_(Citrus_greening),1.0,Orange___Haunglongbing_(Citrus_greening),1.0,1.1546319456101628e-14,True,True,True,1.0,1.0
val,f8692e09-255c-41ed-9ad4-594bc719bda6___CREC_HLB 6524.JPG,Orange___Haunglongbing_(Citrus_greening),Orange___Haunglongbing_(Citrus_greening),1.0,Orange___Haunglongbing_(Citrus_greening),1.0,2.5500435096859064e-16,True,True,True,1.0,1.0
val,00359c66-5d75-40ce-a5b7-6ef05959d2d2___Rut._Bact.S 1381.JPG,Peach___Bacterial_spot,Peach___Bacterial_spot,1.0,Peach___Bacterial_spot,1.0,4.085620730620576e-14,True,True,True,1.0,1.0
val,0eb8a77a-fe2b-43f8-804c-d958c01ba0c0___Rutg._Bact.S 1188.JPG,Peach___Bacterial_spot,Peach___Bacterial_spot,1.0,Peach___Bacterial_spot,1.0,1.6986412276764895e-14,True,True,True,1.0,1.0
val,1adc12f3-507f-45ca-9966-9b2bd9bc03e6___Rut._Bact.S 1265.JPG,Peach___Bacterial_spot,Peach___Bacterial_spot,1.0,Peach___Bacterial_spot,1.0,2.220446049250313e-15,True,True,True,1.0,1.0
val,23dc7955-b625-48e6-9e57-c1eeb55ba350___Rutg._Bact.S 1636.JPG,Peach___Bacterial_spot,Peach___Bacterial_spot,1.0,Peach___Bacterial_spot,1.0,4.796163466380676e-14,True,True,True,1.0,1.0
val,2e75c3a9-406e-4afa-a3f5-d9a686776539___Rutg._Bact.S 2217.JPG,Peach___Bacterial_spot,Peach___Bacterial_spot,0.9999668598175049,Peach___Bacterial_spot,0.9999667406082153,1.1920928955078125e-07,True,True,True,0.9999668598175049,0.9999667406082153
val,3a775f35-5467-4ae0-a03e-df8755d2475d___Rut._Bact.S 3354.JPG,Peach___Bacterial_spot,Peach___Bacterial_spot,0.9999998807907104,Peach___Bacterial_spot,0.9999998807907104,3.0127011996228248e-12,True,True,True,0.9999998807907104,0.9999998807907104
val,47b95cc7-a9f0-4b78-8aad-b91d4376b172___Rutg._Bact.S 1659.JPG,Peach___Bacterial_spot,Peach___Bacterial_spot,1.0,Peach___Bacterial_spot,1.0,3.7192471324942744e-15,True,True,True,1.0,1.0
val,54314634-c6d8-41b5-abe8-84dde196a7e3___Rut._Bact.S 0799.JPG,Peach___Bacterial_spot,Peach___Bacterial_spot,1.0,Peach___Bacterial_spot,1.0,2.4868995751603507e-13,True,True,True,1.0,1.0
val,65a6d35f-a660-4c2a-8985-a762c06244e0___Rutg._Bact.S 1200.JPG,Peach___Bacterial_spot,Peach___Bacterial_spot,1.0,Peach___Bacterial_spot,1.0,1.3500311979441904e-13,True,True,True,1.0,1.0
val,71e9ae8b-dc19-46ab-9f64-9a4401c3f489___Rut._Bact.S 1354.JPG,Peach___Bacterial_spot,Peach___Bacterial_spot,0.9925375580787659,Peach___Bacterial_spot,0.992537796497345,2.384185791015625e-07,True,True,True,0.9925375580787659,0.992537796497345
val,7fe9f893-889c-498b-9dfb-0cae1c2d78ce___Rutg._Bact.S 1514.JPG,Peach___Bacterial_spot,Peach___Bacterial_spot,1.0,Peach___Bacterial_spot,1.0,2.3314683517128287e-15,True,True,True,1.0,1.0
val,8c30be13-fd3e-407f-be10-01f05ce4a6e9___Rutg._Bact.S 1092.JPG,Peach___Bacterial_spot,Peach___Bacterial_spot,0.9999969005584717,Peach___Bacterial_spot,0.9999969005584717,6.298250809777528e-11,True,True,True,0.9999969005584717,0.9999969005584717
val,9b0638f0-0599-497f-9bd0-2364ab5dc082___Rutg._Bact.S 1866.JPG,Peach___Bacterial_spot,Peach___Bacterial_spot,0.9999881982803345,Peach___Bacterial_spot,0.9999881982803345,2.7193891583010554e-10,True,True,True,0.9999881982803345,0.9999881982803345
val,a9e1db85-2df4-457a-a962-4c76d0b555b4___Rutg._Bact.S 2192.JPG,Peach___Bacterial_spot,Peach___Bacterial_spot,0.9999997615814209,Peach___Bacterial_spot,0.9999997615814209,2.4300561562995426e-12,True,True,True,0.9999997615814209,0.9999997615814209
val,b7a84713-f303-461f-bf99-241e0e6e84e0___Rutg._Bact.S 1349.JPG,Peach___Bacterial_spot,Peach___Bacterial_spot,0.9999961853027344,Peach___Bacterial_spot,0.9999961853027344,1.8189894035458565e-11,True,True,True,0.9999961853027344,0.9999961853027344
val,c15696ee-41f1-41f4-9012-6e8fde70078c___Rut._Bact.S 1500.JPG,Peach___Bacterial_spot,Peach___Bacterial_spot,1.0,Peach___Bacterial_spot,1.0,5.984795992119984e-17,True,True,True,1.0,1.0
val,c93a6ad1-3d34-4f82-ba3d-79daf4a6fbd4___Rut._Bact.S 0784.JPG,Peach___Bacterial_spot,Peach___Bacterial_spot,0.9999998807907104,Peach___Bacterial_spot,0.9999998807907104,1.1795009413617663e-12,True,True,True,0.9999998807907104,0.9999998807907104
val,d4453aba-e810-4b63-87bb-e1e1a3f14df3___Rutg._Bact.S 1638.JPG,Peach___Bacterial_spot,Peach___Bacterial_spot,1.0,Peach___Bacterial_spot,1.0,3.352873534367973e-14,True,True,True,1.0,1.0
val,e465bfdf-4972-4e02-a342-3a1409d86964___Rut._Bact.S 0903.JPG,Peach___Bacterial_spot,Peach___Bacterial_spot,0.9999922513961792,Peach___Bacterial_spot,0.9999924898147583,2.384185791015625e-07,True,True,True,0.9999922513961792,0.9999924898147583
val,f465b9b3-57e0-4692-a5e4-ddf6ee6154eb___Rutg._Bact.S 1669.JPG,Peach___Bacterial_spot,Peach___Bacterial_spot,0.9999998807907104,Peach___Bacterial_spot,0.9999998807907104,6.608047442568932e-13,True,True,True,0.9999998807907104,0.9999998807907104
val,027b10e5-2d2e-4eb4-9457-7cb45ab2fd17___Rutg._HL 3710.JPG,Peach___healthy,Peach___healthy,0.9999943971633911,Peach___healthy,0.9999943971633911,3.6834535421803594e-11,True,True,True,0.9999943971633911,0.9999943971633911
val,068bcecd-d4f3-498b-9828-43e0f0bfd29b___Rutg._HL 3596_90deg.JPG,Peach___healthy,Peach___healthy,0.9999974966049194,Peach___healthy,0.9999973773956299,1.1920928955078125e-07,True,True,True,0.9999974966049194,0.9999973773956299
val,133e15fe-e4e6-4f1c-9cfc-34879cc1825a___Rutg._HL 2441.JPG,Peach___healthy,Peach___healthy,1.0,Peach___healthy,1.0,5.062616992290714e-14,True,True,True,1.0,1.0
val,1bfd0438-e8ea-4581-a20e-b4aba6f2ff87___Rutg._HL 3527_90deg.JPG,Peach___healthy,Peach___healthy,0.9999998807907104,Peach___healthy,1.0,1.1920928955078125e-07,True,True,True,0.9999998807907104,1.0
val,26f351fc-7166-4eea-971e-1bca2c99cb80___Rutg._HL 2411.JPG,Peach___healthy,Peach___healthy,0.9999996423721313,Peach___healthy,0.9999996423721313,1.9610979506978765e-12,True,True,True,0.9999996423721313,0.9999996423721313
val,351fa63d-34fc-4cfc-bfd0-437387c63973___Rutg._HL 3694_90deg.JPG,Peach___healthy,Peach___healthy,1.0,Peach___healthy,1.0,5.719166459861036e-18,True,True,True,1.0,1.0
val,46053143-6404-4496-8d26-9f801d1c6f4f___Rutg._HL 3532.JPG,Peach___healthy,Peach___healthy,1.0,Peach___healthy,1.0,9.769962616701378e-15,True,True,True,1.0,1.0
val,4b69168f-5f00-4483-a183-3ba4b9b151ab___Rutg._HL 3727_90deg.JPG,Peach___healthy,Peach___healthy,1.0,Peach___healthy,1.0,1.5631940186722204e-13,True,True,True,1.0,1.0
val,4fc5eb54-978b-40e9-8054-84b44937bc89___Rutg._HL 2453.JPG,Peach___healthy,Peach___healthy,1.0,Peach___healthy,1.0,1.127986593019159e-12,True,True,True,1.0,1.0
val,5fac87db-e0f9-43a5-9704-60ae7689b56e___Rutg._HL 3751_90deg.JPG,Peach___healthy,Peach___healthy,1.0,Peach___healthy,1.0,1.48318857196017e-16,True,True,True,1.0,1.0
val,7a42f00f-0b6f-48f4-ada5-569fb12ce8f7___Rutg._HL 3682.JPG,Peach___healthy,Peach___healthy,0.9999998807907104,Peach___healthy,0.9999998807907104,1.5134560271690134e-12,True,True,True,0.9999998807907104,0.9999998807907104
val,7d0b4717-b247-444e-8b05-90884c31d795___Rutg._HL 2444_90deg.JPG,Peach___healthy,Peach___healthy,1.0,Peach___healthy,1.0,4.3431924723336124e-13,True,True,True,1.0,1.0
val,7ff2a455-a9d4-43ca-9c1b-6819adaa3c59___Rutg._HL 3623.JPG,Peach___healthy,Peach___healthy,1.0,Peach___healthy,1.0,1.1013412404281553e-12,True,True,True,1.0,1.0
val,93419b00-008e-4b29-bb93-b9e2769aa450___Rutg._HL 3627_90deg.JPG,Peach___healthy,Peach___healthy,0.9999998807907104,Peach___healthy,0.9999998807907104,3.510081114654895e-12,True,True,True,0.9999998807907104,0.9999998807907104
val,a36b7c13-2c97-497c-a168-b6a68a6a95a4___Rutg._HL 3679.JPG,Peach___healthy,Peach___healthy,1.0,Peach___healthy,1.0,3.481659405224491e-13,True,True,True,1.0,1.0
val,c30346cc-a496-461d-a14c-cd1a4716ebdd___Rutg._HL 2407_90deg.JPG,Peach___healthy,Peach___healthy,1.0,Peach___healthy,1.0,8.43769498715119e-14,True,True,True,1.0,1.0
val,d4135e72-f37e-480c-8e8d-318c8f559302___Rutg._HL 3756.JPG,Peach___healthy,Peach___healthy,1.0,Peach___healthy,1.0,5.190292640122607e-15,True,True,True,1.0,1.0
val,d9822f7b-564d-4d8a-8aa5-e8b30eb4884b___Rutg._HL 3681_90deg.JPG,Peach___healthy,Peach___healthy,0.9999997615814209,Peach___healthy,0.9999997615814209,1.3358203432289883e-12,True,True,True,0.9999997615814209,0.9999997615814209
val,e95e665b-4b1d-4442-a047-7c03c58ce7c6___Rutg._HL 3537.JPG,Peach___healthy,Peach___healthy,0.9999998807907104,Peach___healthy,0.9999998807907104,1.1439738045737613e-12,True,True,True,0.9999998807907104,0.9999998807907104
val,f1b4be89-0313-4fa4-b04e-1e3e126ee8fb___Rutg._HL 3528_90deg.JPG,Peach___healthy,Peach___healthy,1.0,Peach___healthy,1.0,3.090860900556436e-13,True,True,True,1.0,1.0
val,01613cd0-d3cd-4e96-945c-a312002037bf___JR_B.Spot 3262.JPG,"Pepper,_bell___Bacterial_spot","Pepper,_bell___Bacterial_spot",0.9999641180038452,"Pepper,_bell___Bacterial_spot",0.9999641180038452,2.9103830456733704e-11,True,True,True,0.9999641180038452,0.9999641180038452
val,12f47cff-1a75-47ec-99d2-01720786e478___NREC_B.Spot 1859.JPG,"Pepper,_bell___Bacterial_spot","Pepper,_bell___Bacterial_spot",1.0,"Pepper,_bell___Bacterial_spot",1.0,1.021405182655144e-14,True,True,True,1.0,1.0
val,188f102a-6f64-4180-9d38-f98b61aaec60___JR_B.Spot 9014_flipTB.JPG,"Pepper,_bell___Bacterial_spot","Pepper,_bell___Bacterial_spot",1.0,"Pepper,_bell___Bacterial_spot",1.0,3.375077994860476e-14,True,True,True,1.0,1.0
val,2b710a19-f4cd-4bcf-afbf-e48face96045___NREC_B.Spot 1931.JPG,"Pepper,_bell___Bacterial_spot","Pepper,_bell___Bacterial_spot",1.0,"Pepper,_bell___Bacterial_spot",1.0,4.440892098500626e-14,True,True,True,1.0,1.0
val,389480c3-0209-45e3-b3ee-2447b22de68f___JR_B.Spot 9016_180deg.JPG,"Pepper,_bell___Bacterial_spot","Pepper,_bell___Bacterial_spot",1.0,"Pepper,_bell___Bacterial_spot",1.0,5.898059818321144e-16,True,True,True,1.0,1.0
val,46372226-cfbe-4206-951b-93b8b411d2e7___JR_B.Spot 8890_flipTB.JPG,"Pepper,_bell___Bacterial_spot","Pepper,_bell___Bacterial_spot",1.0,"Pepper,_bell___Bacterial_spot",1.0,1.8385293287792592e-13,True,True,True,1.0,1.0
val,58797902-c466-4226-b913-dcd09c9e026f___NREC_B.Spot 1844_flipTB.JPG,"Pepper,_bell___Bacterial_spot","Pepper,_bell___Bacterial_spot",0.9999862909317017,"Pepper,_bell___Bacterial_spot",0.9999862909317017,7.366907084360719e-11,True,True,True,0.9999862909317017,0.9999862909317017
val,6a457821-e634-425c-90f0-a4bbd76b5722___JR_B.Spot 3159.JPG,"Pepper,_bell___Bacterial_spot","Pepper,_bell___Bacterial_spot",1.0,"Pepper,_bell___Bacterial_spot",1.0,2.456368441983159e-15,True,True,True,1.0,1.0
val,8048788f-facf-475b-8728-4724d98f4df9___JR_B.Spot 3216_180deg.JPG,"Pepper,_bell___Bacterial_spot","Pepper,_bell___Bacterial_spot",0.9999951124191284,"Pepper,_bell___Bacterial_spot",0.9999951124191284,9.458744898438454e-11,True,True,True,0.9999951124191284,0.9999951124191284
val,94b1fbe4-4a9d-4237-a6ca-41a6db87d654___JR_B.Spot 3242.JPG,"Pepper,_bell___Bacterial_spot","Pepper,_bell___Bacterial_spot",1.0,"Pepper,_bell___Bacterial_spot",1.0,8.881784197001252e-14,True,True,True,1.0,1.0
val,a1e5160a-2a84-4b52-b765-4fbc507682a8___JR_B.Spot 3266_flipTB.JPG,"Pepper,_bell___Bacterial_spot","Pepper,_bell___Bacterial_spot",1.0,"Pepper,_bell___Bacterial_spot",1.0,1.9184653865522705e-13,True,True,True,1.0,1.0
val,a82938f7-bbd4-4ccd-8482-f596735744a5___JR_B.Spot 3305_flipTB.JPG,"Pepper,_bell___Bacterial_spot","Pepper,_bell___Bacterial_spot",1.0,"Pepper,_bell___Bacterial_spot",1.0,2.4313884239290928e-14,True,True,True,1.0,1.0
val,b27e9697-adcc-41bb-becb-7bc34bbf3cee___JR_B.Spot 3264_flipTB.JPG,"Pepper,_bell___Bacterial_spot","Pepper,_bell___Bacterial_spot",1.0,"Pepper,_bell___Bacterial_spot",1.0,4.085620730620576e-14,True,True,True,1.0,1.0
val,ba9e7d81-876f-4c05-9578-ddd45d8b3526___JR_B.Spot 3330_flipTB.JPG,"Pepper,_bell___Bacterial_spot","Pepper,_bell___Bacterial_spot",0.9999998807907104,"Pepper,_bell___Bacterial_spot",0.9999998807907104,2.4584778657299466e-12,True,True,True,0.9999998807907104,0.9999998807907104
val,c169d60e-df5f-4b67-b58b-b07b7d20e5bc___JR_B.Spot 8885_flipTB.JPG,"Pepper,_bell___Bacterial_spot","Pepper,_bell___Bacterial_spot",1.0,"Pepper,_bell___Bacterial_spot",1.0,6.189493362285248e-15,True,True,True,1.0,1.0
val,c9e13908-bce6-4ad7-831f-a4a408cabf72___JR_B.Spot 3198_flipTB.JPG,"Pepper,_bell___Bacterial_spot","Pepper,_bell___Bacterial_spot",1.0,"Pepper,_bell___Bacterial_spot",1.0,7.008282842946301e-15,True,True,True,1.0,1.0
val,d613de53-a4c4-49af-a909-29c4354c5ff2___NREC_B.Spot 9224_flipTB.JPG,"Pepper,_bell___Bacterial_spot","Pepper,_bell___Bacterial_spot",1.0,"Pepper,_bell___Bacterial_spot",1.0,1.4654943925052066e-14,True,True,True,1.0,1.0
val,e05d9bf6-8d96-4fb5-8ea4-b9bab9e9bb8f___JR_B.Spot 3142_flipTB.JPG,"Pepper,_bell___Bacterial_spot","Pepper,_bell___Bacterial_spot",0.9999998807907104,"Pepper,_bell___Bacterial_spot",0.9999998807907104,2.7213786779611837e-12,True,True,True,0.9999998807907104,0.9999998807907104
val,e96d2d14-4400-4c28-894e-be7c071743f4___NREC_B.Spot 9175_flipTB.JPG,"Pepper,_bell___Bacterial_spot","Pepper,_bell___Bacterial_spot",0.9999369382858276,"Pepper,_bell___Bacterial_spot",0.9999369382858276,1.3096723705530167e-09,True,True,True,0.9999369382858276,0.9999369382858276
val,f2e21841-962e-4044-bb5d-efd8af95df74___NREC_B.Spot 1893_flipTB.JPG,"Pepper,_bell___Bacterial_spot","Pepper,_bell___Bacterial_spot",0.9999994039535522,"Pepper,_bell___Bacterial_spot",0.9999994039535522,3.950617610826157e-12,True,True,True,0.9999994039535522,0.9999994039535522
val,00208a93-7687-4e8c-b79e-3138687e0f38___JR_HL 7955.JPG,Pepper___healthy,Pepper___healthy,1.0,Pepper___healthy,1.0,2.4646951146678475e-14,True,True,True,1.0,1.0
val,0d4f19fe-9e85-4689-9c99-0b01a58db9f4___JR_HL 8032_newPixel25.JPG,Pepper___healthy,Pepper___healthy,0.9999985694885254,Pepper___healthy,0.9999985694885254,3.2741809263825417e-11,True,True,True,0.9999985694885254,0.9999985694885254
val,1aaaa11e-ec45-4d6d-ab7f-1d3ea053d14d___JR_HL 5937.JPG,Pepper___healthy,Pepper___healthy,0.9999948740005493,Pepper___healthy,0.9999948740005493,1.1050360626541078e-10,True,True,True,0.9999948740005493,0.9999948740005493
val,1bfbdcd9-68ae-4676-9693-5f02fd310860___JR_HL 8715_newPixel25.JPG,Pepper___healthy,Pepper___healthy,0.9943698048591614,Pepper___healthy,0.9943695664405823,2.384185791015625e-07,True,True,True,0.9943698048591614,0.9943695664405823
val,228e2afd-54a4-4097-8489-916c608361a9___JR_HL 7690.JPG,Pepper___healthy,Pepper___healthy,1.0,Pepper___healthy,1.0,3.9968028886505635e-14,True,True,True,1.0,1.0
val,2d7a6a97-2425-4644-8821-2788ac9d0d18___JR_HL 8157.JPG,Pepper___healthy,Pepper___healthy,1.0,Pepper___healthy,1.0,2.2648549702353193e-13,True,True,True,1.0,1.0
val,3a559a37-6880-497c-9b19-cc9c00657f6b___JR_HL 8048_flipTB.JPG,Pepper___healthy,Pepper___healthy,1.0,Pepper___healthy,1.0,3.019806626980426e-14,True,True,True,1.0,1.0
val,3bf92c1d-5e79-4c88-98b1-3fdfea7645a6___JR_HL 8162_180deg.JPG,Pepper___healthy,Pepper___healthy,0.9999992847442627,Pepper___healthy,0.9999992847442627,3.3651303965598345e-11,True,True,True,0.9999992847442627,0.9999992847442627
val,3e26a2d8-a7f6-4d3f-bcb7-63ab63b0ff39___JR_HL 8043.JPG,Pepper___healthy,Pepper___healthy,0.9999476671218872,Pepper___healthy,0.9999476671218872,2.6557245291769505e-10,True,True,True,0.9999476671218872,0.9999476671218872
val,4f770d4f-fd8b-4987-8a9b-e813e0c7a61b___JR_HL 8093_flipTB.JPG,Pepper___healthy,Pepper___healthy,0.9999998807907104,Pepper___healthy,0.9999998807907104,2.8421709430404007e-13,True,True,True,0.9999998807907104,0.9999998807907104
val,5a204a79-b860-4364-a3c3-df8f67751eb8___JR_HL 8748_flipTB.JPG,Pepper___healthy,Pepper___healthy,0.99992835521698,Pepper___healthy,0.9999284744262695,1.1920928955078125e-07,True,True,True,0.99992835521698,0.9999284744262695
val,5d5bbf38-ae12-4229-b6cb-54f0d2583628___JR_HL 8797_180deg.JPG,Pepper___healthy,Pepper___healthy,0.9999985694885254,Pepper___healthy,0.9999986886978149,1.1920928955078125e-07,True,True,True,0.9999985694885254,0.9999986886978149
val,63109480-7b83-4d2f-89e2-96a3307137b2___JR_HL 5976.JPG,Pepper___healthy,Pepper___healthy,0.9999953508377075,Pepper___healthy,0.9999953508377075,2.97859514830634e-11,True,True,True,0.9999953508377075,0.9999953508377075
val,6ca296db-0f5c-4002-bbb9-ef4a4d60aea7___JR_HL 5847_flipTB.JPG,Pepper___healthy,Pepper___healthy,0.9997770190238953,Pepper___healthy,0.9997771382331848,1.1920928955078125e-07,True,True,True,0.9997770190238953,0.9997771382331848
val,8665928b-77f2-483b-88eb-c7c08b3a6bde___JR_HL 7938.JPG,Pepper___healthy,Pepper___healthy,0.9999995231628418,Pepper___healthy,0.9999995231628418,7.105427357601002e-12,True,True,True,0.9999995231628418,0.9999995231628418
val,99af85d7-aac5-46e9-b60e-ef4f6a8e0898___JR_HL 7697.JPG,Pepper___healthy,Pepper___healthy,1.0,Pepper___healthy,1.0,3.3928415632544784e-13,True,True,True,1.0,1.0
val,ae172a8d-9d33-453e-b219-a300516bc06e___JR_HL 8313.JPG,Pepper___healthy,Pepper___healthy,0.9999997615814209,Pepper___healthy,0.9999997615814209,6.338041202980094e-12,True,True,True,0.9999997615814209,0.9999997615814209
val,c6a65a3f-c1cc-419f-9c44-50dcacf560b0___JR_HL 8298.JPG,Pepper___healthy,Pepper___healthy,0.978690505027771,Pepper___healthy,0.9786906242370605,1.1920928955078125e-07,True,True,True,0.978690505027771,0.9786906242370605
val,d93007b0-adaa-43d4-80be-d796d59944e6___JR_HL 7683.JPG,Pepper___healthy,Pepper___healthy,0.9999954700469971,Pepper___healthy,0.9999954700469971,6.548361852765083e-11,True,True,True,0.9999954700469971,0.9999954700469971
val,ec7ed2b4-40e4-4b95-8728-70472c7fc459___JR_HL 8723.JPG,Pepper___healthy,Pepper___healthy,0.9999991655349731,Pepper___healthy,0.9999991655349731,1.1425527191022411e-11,True,True,True,0.9999991655349731,0.9999991655349731
val,00d8f10f-5038-4e0f-bb58-0b885ddc0cc5___RS_Early.B 8722.JPG,Potato___Early_blight,Potato___Early_blight,0.9999616146087646,Potato___Early_blight,0.9999616146087646,7.312337402254343e-10,True,True,True,0.9999616146087646,0.9999616146087646
val,12f7b8bd-7aab-48de-ba2e-d2562408542f___RS_Early.B 7386.JPG,Potato___Early_blight,Potato___Early_blight,0.9999992847442627,Potato___Early_blight,0.9999992847442627,5.9685589803848416e-12,True,True,True,0.9999992847442627,0.9999992847442627
val,25642761-2905-48af-b8da-1064a0f6b876___RS_Early.B 6831.JPG,Potato___Early_blight,Potato___Early_blight,0.9999983310699463,Potato___Early_blight,0.9999983310699463,4.1382008930668235e-11,True,True,True,0.9999983310699463,0.9999983310699463
val,38aa30f4-14d5-446f-80c3-ec60ce67ccc3___RS_Early.B 6789_180deg.JPG,Potato___Early_blight,Potato___Early_blight,1.0,Potato___Early_blight,1.0,1.687538997430238e-14,True,True,True,1.0,1.0
val,49b24f9e-12d4-4f32-8bc8-482d66514a17___RS_Early.B 8037.JPG,Potato___Early_blight,Potato___Early_blight,1.0,Potato___Early_blight,1.0,1.0625181290357943e-17,True,True,True,1.0,1.0
val,585062b6-d5a4-4677-8b7f-773257399423___RS_Early.B 8558_flipTB.JPG,Potato___Early_blight,Potato___Early_blight,0.9999992847442627,Potato___Early_blight,0.9999992847442627,4.490630090003833e-12,True,True,True,0.9999992847442627,0.9999992847442627
val,66642302-1334-4c23-8613-f98387352360___RS_Early.B 8766_flipTB.JPG,Potato___Early_blight,Potato___Early_blight,0.9999852180480957,Potato___Early_blight,0.9999852180480957,4.092726157978177e-11,True,True,True,0.9999852180480957,0.9999852180480957
val,74316ef6-7cce-4ed9-8fbf-9bf42d14657c___RS_Early.B 7352_flipTB.JPG,Potato___Early_blight,Potato___Early_blight,0.9999957084655762,Potato___Early_blight,0.9999957084655762,6.45741238258779e-11,True,True,True,0.9999957084655762,0.9999957084655762
val,900514b4-8768-4370-bc53-998e390644db___RS_Early.B 7788_180deg.JPG,Potato___Early_blight,Potato___Early_blight,1.0,Potato___Early_blight,1.0,4.6407322429331543e-14,True,True,True,1.0,1.0
val,99d75573-472e-4f57-ab82-b49b78853d03___RS_Early.B 7847_180deg.JPG,Potato___Early_blight,Potato___Early_blight,1.0,Potato___Early_blight,1.0,1.1435297153639112e-14,True,True,True,1.0,1.0
val,aa342b8f-88f5-4d9d-9740-4b1b4147c590___RS_Early.B 7939_flipTB.JPG,Potato___Early_blight,Potato___Early_blight,1.0,Potato___Early_blight,1.0,1.8984813721090177e-14,True,True,True,1.0,1.0
val,b1b55149-b5bc-460e-87af-a745fb01855d___RS_Early.B 7477_flipTB.JPG,Potato___Early_blight,Potato___Early_blight,1.0,Potato___Early_blight,1.0,2.7000623958883807e-13,True,True,True,1.0,1.0
val,b954c296-ae18-4efb-8a8c-450486faa919___RS_Early.B 6998_flipTB.JPG,Potato___Early_blight,Potato___Early_blight,1.0,Potato___Early_blight,1.0,8.881784197001252e-16,True,True,True,1.0,1.0
val,c3356ff5-91b3-4673-b1d2-d47195b162cd___RS_Early.B 8352_flipTB.JPG,Potato___Early_blight,Potato___Early_blight,0.9999997615814209,Potato___Early_blight,0.9999997615814209,4.263256414560601e-12,True,True,True,0.9999997615814209,0.9999997615814209
val,c7f27f40-6634-4118-9990-6897e0c68579___RS_Early.B 7197_flipTB.JPG,Potato___Early_blight,Potato___Early_blight,1.0,Potato___Early_blight,1.0,7.194245199571014e-13,True,True,True,1.0,1.0
val,d1184bb1-defe-44b3-aa71-d03fe11bf535___RS_Early.B 8787_flipTB.JPG,Potato___Early_blight,Potato___Early_blight,0.9999996423721313,Potato___Early_blight,0.9999996423721313,1.4495071809506044e-11,True,True,True,0.9999996423721313,0.9999996423721313
val,db79941d-3ca1-42f1-b06e-d150a49d476a___RS_Early.B 8742_flipTB.JPG,Potato___Early_blight,Potato___Early_blight,0.9993657469749451,Potato___Early_blight,0.9993657469749451,6.402842700481415e-09,True,True,True,0.9993657469749451,0.9993657469749451
val,e50e7166-a67d-4207-a49c-0240b0218d48___RS_Early.B 8907_flipTB.JPG,Potato___Early_blight,Potato___Early_blight,1.0,Potato___Early_blight,1.0,3.89910326248355e-13,True,True,True,1.0,1.0
val,f069744b-375b-4fee-b1f9-23963195e936___RS_Early.B 6837_flipTB.JPG,Potato___Early_blight,Potato___Early_blight,0.9999998807907104,Potato___Early_blight,0.9999998807907104,1.5276668818842154e-12,True,True,True,0.9999998807907104,0.9999998807907104
val,f89d5362-f38f-4acf-8fca-2ea154c07cce___RS_Early.B 7018_flipTB.JPG,Potato___Early_blight,Potato___Early_blight,1.0,Potato___Early_blight,1.0,1.412203687323199e-13,True,True,True,1.0,1.0
val,03da9931-e514-4cc7-b04a-8f474a133ce5___RS_HL 1830.JPG,Potato___healthy,Potato___healthy,0.999984860420227,Potato___healthy,0.9999849796295166,1.1920928955078125e-07,True,True,True,0.999984860420227,0.9999849796295166
val,0be9d721-82f5-42c3-b535-7494afe01dbe___RS_HL 1814_new30degFlipLR.JPG,Potato___healthy,Potato___healthy,0.9999996423721313,Potato___healthy,0.9999996423721313,1.1581846592889633e-12,True,True,True,0.9999996423721313,0.9999996423721313
val,1106c3fc-92cb-41a6-a6c6-8f08b9b45108___RS_HL 1914_180deg.JPG,Potato___healthy,Potato___healthy,0.9999865293502808,Potato___healthy,0.9999865293502808,3.601599019020796e-10,True,True,True,0.9999865293502808,0.9999865293502808
val,1f9870b3-899e-46fb-98c9-cfc2ce92895b___RS_HL 1816_new30degFlipTB.JPG,Potato___healthy,Potato___healthy,1.0,Potato___healthy,1.0,4.418687638008123e-14,True,True,True,1.0,1.0
val,23f4d3b1-23f4-43fb-96c2-dae37224ec74___RS_HL 1803_270deg.JPG,Potato___healthy,Potato___healthy,0.999992847442627,Potato___healthy,0.999992847442627,1.432454155292362e-10,True,True,True,0.999992847442627,0.999992847442627
val,2dee1571-ef6b-40ef-8c46-334e89aad3f1___RS_HL 1950_new90degFlipLR.JPG,Potato___healthy,Potato___healthy,1.0,Potato___healthy,1.0,7.743805596760467e-15,True,True,True,1.0,1.0
val,30126310-39de-4c02-b10a-23409417a4f6___RS_HL 1826_90deg.JPG,Potato___healthy,Potato___healthy,0.9999998807907104,Potato___healthy,0.9999998807907104,6.252776074688882e-13,True,True,True,0.9999998807907104,0.9999998807907104
val,3a1dbeee-089c-43f0-8f51-a92d3687a515___RS_HL 1754_new90degFlipTB.JPG,Potato___healthy,Potato___healthy,0.9999837875366211,Potato___healthy,0.9999837875366211,4.602043190971017e-10,True,True,True,0.9999837875366211,0.9999837875366211
val,45bc0b37-ca59-4a89-8531-705af42a6fd5___RS_HL 1946_flipLR.JPG,Potato___healthy,Potato___healthy,0.9999979734420776,Potato___healthy,0.9999979734420776,1.5234036254696548e-11,True,True,True,0.9999979734420776,0.9999979734420776
val,52dd2fdd-6966-450c-a42b-ee14428d4271___RS_HL 1955_newGGR.JPG,Potato___healthy,Potato___healthy,0.9999847412109375,Potato___healthy,0.999984860420227,1.1920928955078125e-07,True,True,True,0.9999847412109375,0.999984860420227
val,57e262fc-e0ba-44db-a967-5ba6f1826e49___RS_HL 1897_flipTB.JPG,Potato___healthy,Potato___healthy,0.9983097314834595,Potato___healthy,0.998309850692749,1.1920928955078125e-07,True,True,True,0.9983097314834595,0.998309850692749
val,58a98860-86d8-41e7-9f8c-cc2ca5e90012___RS_HL 1758_newGRR.JPG,Potato___healthy,Potato___healthy,1.0,Potato___healthy,1.0,6.8575787409708155e-18,True,True,True,1.0,1.0
val,5e19b1f4-fd65-4c4d-bcd2-18c8c519eddb___RS_HL 1965_new200degFlipLR.JPG,Potato___healthy,Potato___healthy,1.0,Potato___healthy,1.0,2.2967738821932926e-15,True,True,True,1.0,1.0
val,71c06efe-089f-49b3-beed-095bd7640e32___RS_HL 1947_newPixel25.JPG,Potato___healthy,Potato___healthy,0.9999992847442627,Potato___healthy,0.9999992847442627,1.5347723092418164e-11,True,True,True,0.9999992847442627,0.9999992847442627
val,a1abff90-34e5-464d-b4d3-0c09f5924900___RS_HL 5414_new200degFlipTB.JPG,Potato___healthy,Potato___healthy,0.9997949004173279,Potato___healthy,0.9997949004173279,3.055902197957039e-09,True,True,True,0.9997949004173279,0.9997949004173279
val,b4031970-60ea-4739-9fed-6c81be1bad1c___RS_HL 1752.JPG,Potato___healthy,Potato___healthy,0.9999581575393677,Potato___healthy,0.9999582767486572,1.1920928955078125e-07,True,True,True,0.9999581575393677,0.9999582767486572
val,b925ad3e-fc49-497d-a6eb-115f0de20800___RS_HL 4170_new30degFlipLR.JPG,Potato___healthy,Potato___healthy,1.0,Potato___healthy,1.0,1.5765166949677223e-13,True,True,True,1.0,1.0
val,d287be3d-cac6-4485-8c31-674fb8b459be___RS_HL 1973_180deg.JPG,Potato___healthy,Potato___healthy,0.9998037219047546,Potato___healthy,0.9998037219047546,3.0122464522719383e-09,True,True,True,0.9998037219047546,0.9998037219047546
val,e693354a-053c-4093-8642-cc8f5f9eb2cc___RS_HL 1746_new30degFlipTB.JPG,Potato___healthy,Potato___healthy,1.0,Potato___healthy,1.0,2.0472512574087887e-13,True,True,True,1.0,1.0
val,f4b5ec24-d318-4309-8294-9126450d5d7f___RS_HL 1824_270deg.JPG,Potato___healthy,Potato___healthy,0.9999996423721313,Potato___healthy,0.9999997615814209,1.1920928955078125e-07,True,True,True,0.9999996423721313,0.9999997615814209
val,0085ef03-aec3-431a-99a1-de286e10c0cf___RS_LB 2949.JPG,Potato___Late_blight,Potato___Late_blight,0.9999920129776001,Potato___Late_blight,0.9999920129776001,2.5647750589996576e-10,True,True,True,0.9999920129776001,0.9999920129776001
val,145216a1-aab7-4f40-851d-a56c436ad0e3___RS_LB 2715_180deg.JPG,Potato___Late_blight,Potato___Late_blight,1.0,Potato___Late_blight,1.0,1.1275702593849246e-16,True,True,True,1.0,1.0
val,227f2f04-4d59-48d9-958d-5cccc70d3f2b___RS_LB 2772_180deg.JPG,Potato___Late_blight,Potato___Late_blight,1.0,Potato___Late_blight,1.0,3.597122599785507e-14,True,True,True,1.0,1.0
val,37075adc-dd51-4a5b-8a6c-0649cb98516b___RS_LB 2678.JPG,Potato___Late_blight,Potato___Late_blight,1.0,Potato___Late_blight,1.0,7.460698725481052e-14,True,True,True,1.0,1.0
val,44722935-fb60-4ecf-8503-f8258aa4e3e7___RS_LB 3225.JPG,Potato___Late_blight,Potato___Late_blight,1.0,Potato___Late_blight,1.0,9.325873406851315e-15,True,True,True,1.0,1.0
val,4ce7142d-29a5-4fa0-8559-f9a2e6a3f62d___RS_LB 3189.JPG,Potato___Late_blight,Potato___Late_blight,0.9999998807907104,Potato___Late_blight,0.9999998807907104,9.805489753489383e-13,True,True,True,0.9999998807907104,0.9999998807907104
val,62d41420-8e32-47d2-9a37-698c07f7dc16___RS_LB 2543_flipTB.JPG,Potato___Late_blight,Potato___Late_blight,0.9999997615814209,Potato___Late_blight,0.9999997615814209,5.3717030823463574e-12,True,True,True,0.9999997615814209,0.9999997615814209
val,72b12e17-d76f-4254-a4af-3ed3c3859500___RS_LB 3334_flipTB.JPG,Potato___Late_blight,Potato___Late_blight,0.9999518394470215,Potato___Late_blight,0.9999518394470215,2.6921043172478676e-10,True,True,True,0.9999518394470215,0.9999518394470215
val,86323439-ca8d-4819-ae81-800e50f85770___RS_LB 2826_flipTB.JPG,Potato___Late_blight,Potato___Late_blight,0.9999996423721313,Potato___Late_blight,0.9999996423721313,1.0032863428932615e-11,True,True,True,0.9999996423721313,0.9999996423721313
val,95816fab-df6d-4730-8f52-4b64aac47e3d___RS_LB 3056_180deg.JPG,Potato___Late_blight,Potato___Late_blight,1.0,Potato___Late_blight,1.0,9.974659986866641e-17,True,True,True,1.0,1.0
val,a34d3777-22c7-4723-8b85-f766e042c121___RS_LB 4375_flipTB.JPG,Potato___Late_blight,Potato___Late_blight,0.999992847442627,Potato___Late_blight,0.999992847442627,8.640199666842818e-11,True,True,True,0.999992847442627,0.999992847442627
val,ae52f85f-bce0-4fb9-a109-009e099a72e6___RS_LB 4972_flipTB.JPG,Potato___Late_blight,Potato___Late_blight,0.9999998807907104,Potato___Late_blight,0.9999998807907104,3.694822225952521e-13,True,True,True,0.9999998807907104,0.9999998807907104
val,b5f127d1-1b1a-4baa-9158-58cf4b679990___RS_LB 4488_flipTB.JPG,Potato___Late_blight,Potato___Late_blight,0.9999998807907104,Potato___Late_blight,0.9999998807907104,2.4371615836571436e-12,True,True,True,0.9999998807907104,0.9999998807907104
val,bf6ce80d-ca31-4d72-b56a-dbd6e6f2847a___RS_LB 4022_flipTB.JPG,Potato___Late_blight,Potato___Late_blight,0.9999121427536011,Potato___Late_blight,0.9999121427536011,7.566995918750763e-10,True,True,True,0.9999121427536011,0.9999121427536011
val,c6c8843f-6b36-472a-9a87-bf1a235e08b6___RS_LB 5136_flipTB.JPG,Potato___Late_blight,Potato___Late_blight,1.0,Potato___Late_blight,1.0,4.742872761198669e-13,True,True,True,1.0,1.0
val,ce5ec29b-599c-4c69-ba4d-04df7ab1c46f___RS_LB 4945_flipTB.JPG,Potato___Late_blight,Potato___Late_blight,1.0,Potato___Late_blight,1.0,3.219646771412954e-15,True,True,True,1.0,1.0
val,d7e7afff-cb91-4209-bf42-ce579f273cce___RS_LB 4468_flipTB.JPG,Potato___Late_blight,Potato___Late_blight,0.9999841451644897,Potato___Late_blight,0.9999841451644897,2.9103830456733704e-11,True,True,True,0.9999841451644897,0.9999841451644897
val,e12ede80-8428-4424-b95d-5d3267d112a8___RS_LB 3079_flipTB.JPG,Potato___Late_blight,Potato___Late_blight,1.0,Potato___Late_blight,1.0,5.898059818321144e-17,True,True,True,1.0,1.0
val,e9cc84b7-fc38-4e65-a129-c7a63df76780___RS_LB 2705_flipTB.JPG,Potato___Late_blight,Potato___Late_blight,0.9999366998672485,Potato___Late_blight,0.9999366998672485,8.440110832452774e-10,True,True,True,0.9999366998672485,0.9999366998672485
val,f5f41985-23db-4902-96a1-db4d7f95a26a___RS_LB 3177_flipTB.JPG,Potato___Late_blight,Potato___Late_blight,1.0,Potato___Late_blight,1.0,4.4231285301066237e-13,True,True,True,1.0,1.0
val,04908211-66c9-42f8-a9b1-9d29a686f131___Mary_HL 9175.JPG,Raspberry___healthy,Raspberry___healthy,0.9999817609786987,Raspberry___healthy,0.9999816417694092,1.1920928955078125e-07,True,True,True,0.9999817609786987,0.9999816417694092
val,0c656dec-85e0-44cb-865c-d5b56e851160___Mary_HL 6236_new30degFlipLR.JPG,Raspberry___healthy,Raspberry___healthy,1.0,Raspberry___healthy,1.0,3.197442310920451e-13,True,True,True,1.0,1.0
val,171d7187-e001-4e08-b98d-58a9c8d90734___Mary_HL 9352_270deg.JPG,Raspberry___healthy,Raspberry___healthy,0.9999996423721313,Raspberry___healthy,0.9999996423721313,2.1600499167107046e-12,True,True,True,0.9999996423721313,0.9999996423721313
val,1bed2618-6c49-46c3-a8be-53fc4f924662___Mary_HL 6345.JPG,Raspberry___healthy,Raspberry___healthy,1.0,Raspberry___healthy,1.0,1.2212453270876722e-15,True,True,True,1.0,1.0
val,1e954b37-9988-4554-bb78-d7180e427d36___Mary_HL 9178_new30degFlipLR.JPG,Raspberry___healthy,Raspberry___healthy,0.9999997615814209,Raspberry___healthy,0.9999997615814209,5.6701310313655995e-12,True,True,True,0.9999997615814209,0.9999997615814209
val,351b6286-11bf-41f4-9b36-aa2869a11252___Mary_HL 6372_270deg.JPG,Raspberry___healthy,Raspberry___healthy,1.0,Raspberry___healthy,1.0,2.220446049250313e-16,True,True,True,1.0,1.0
val,463042b8-3b99-473c-b59e-756f6eaf4400___Mary_HL 9221.JPG,Raspberry___healthy,Raspberry___healthy,1.0,Raspberry___healthy,1.0,1.4566126083082054e-13,True,True,True,1.0,1.0
val,4c3285d2-1ba0-4147-afd9-1869ee19ec4c___Mary_HL 6229_new30degFlipLR.JPG,Raspberry___healthy,Raspberry___healthy,0.9999996423721313,Raspberry___healthy,0.9999996423721313,2.8137492336099967e-12,True,True,True,0.9999996423721313,0.9999996423721313
val,50c0401f-40bc-4591-a171-18c9ad56a2a1___Mary_HL 6334_270deg.JPG,Raspberry___healthy,Raspberry___healthy,1.0,Raspberry___healthy,1.0,4.156675004196586e-13,True,True,True,1.0,1.0
val,60b355c2-b031-49e3-bc98-dc5d6bd3f6b1___Mary_HL 9288.JPG,Raspberry___healthy,Raspberry___healthy,1.0,Raspberry___healthy,1.0,8.021361352916756e-15,True,True,True,1.0,1.0
val,68c91797-4323-4a34-a203-8393cdf3889b___Mary_HL 9143_new30degFlipLR.JPG,Raspberry___healthy,Raspberry___healthy,1.0,Raspberry___healthy,1.0,6.661338147750939e-15,True,True,True,1.0,1.0
val,78f64c25-c927-4d0c-ac9d-3138ea00c978___Mary_HL 9166_270deg.JPG,Raspberry___healthy,Raspberry___healthy,0.9999988079071045,Raspberry___healthy,0.9999988079071045,1.602984411874786e-11,True,True,True,0.9999988079071045,0.9999988079071045
val,7e8bebcf-87e6-4bc3-9c5c-494b7d5909c6___Mary_HL 6285.JPG,Raspberry___healthy,Raspberry___healthy,1.0,Raspberry___healthy,1.0,2.708944180085382e-14,True,True,True,1.0,1.0
val,8fb1b24f-806a-40f3-abf6-a02790512dc5___Mary_HL 6232_new30degFlipLR.JPG,Raspberry___healthy,Raspberry___healthy,0.9999996423721313,Raspberry___healthy,0.9999996423721313,3.808509063674137e-12,True,True,True,0.9999996423721313,0.9999996423721313
val,9fef3df4-201a-4c35-ba56-1142ccebeba0___Mary_HL 9230_270deg.JPG,Raspberry___healthy,Raspberry___healthy,0.9999972581863403,Raspberry___healthy,0.9999972581863403,6.821210263296962e-12,True,True,True,0.9999972581863403,0.9999972581863403
val,c1311840-6ce5-4d86-a282-b483d67a0155___Mary_HL 9227.JPG,Raspberry___healthy,Raspberry___healthy,0.9999958276748657,Raspberry___healthy,0.9999958276748657,9.322320693172514e-12,True,True,True,0.9999958276748657,0.9999958276748657
val,ce22675d-02b8-4fbb-a5bb-3f720091d257___Mary_HL 6217_new30degFlipLR.JPG,Raspberry___healthy,Raspberry___healthy,1.0,Raspberry___healthy,1.0,2.2370993946196904e-14,True,True,True,1.0,1.0
val,d9d314cb-8870-463d-92fc-2561070b7580___Mary_HL 9176_270deg.JPG,Raspberry___healthy,Raspberry___healthy,1.0,Raspberry___healthy,1.0,9.094947017729282e-13,True,True,True,1.0,1.0
val,e0d8dbe2-f447-43d3-8f50-0c4c69ecc9ff___Mary_HL 9248.JPG,Raspberry___healthy,Raspberry___healthy,0.999997615814209,Raspberry___healthy,0.9999977350234985,1.1920928955078125e-07,True,True,True,0.999997615814209,0.9999977350234985
val,e9a17bb8-bf48-41b4-b106-0b1dae3456d5___Mary_HL 9168_new30degFlipLR.JPG,Raspberry___healthy,Raspberry___healthy,0.9999871253967285,Raspberry___healthy,0.9999872446060181,1.1920928955078125e-07,True,True,True,0.9999871253967285,0.9999872446060181
val,aug_0_1031.jpg,Rice___Bacterial_leaf_blight,Rice___Bacterial_leaf_blight,0.96235591173172,Rice___Bacterial_leaf_blight,0.9623559713363647,1.424923539161682e-07,True,True,True,0.96235591173172,0.9623559713363647
val,aug_0_1351.jpg,Rice___Bacterial_leaf_blight,Rice___Bacterial_leaf_blight,0.947425127029419,Rice___Bacterial_leaf_blight,0.9474251866340637,8.940696716308594e-08,True,True,True,0.947425127029419,0.9474251866340637
val,aug_0_1595.jpg,Rice___Bacterial_leaf_blight,Rice___Bacterial_leaf_blight,0.9077449440956116,Rice___Bacterial_leaf_blight,0.9077435731887817,1.4454126358032227e-06,True,True,True,0.9077449440956116,0.9077435731887817
val,aug_0_1889.jpg,Rice___Bacterial_leaf_blight,Rice___Bacterial_leaf_blight,0.8728538155555725,Rice___Bacterial_leaf_blight,0.8728543519973755,5.960464477539062e-07,True,True,True,0.8728538155555725,0.8728543519973755
val,aug_0_292.jpg,Rice___Bacterial_leaf_blight,Rice___Bacterial_leaf_blight,0.8108617663383484,Rice___Bacterial_leaf_blight,0.8108618855476379,3.8743019104003906e-07,True,True,True,0.8108617663383484,0.8108618855476379
val,aug_0_322.jpg,Rice___Bacterial_leaf_blight,Rice___Bacterial_leaf_blight,0.9917972087860107,Rice___Bacterial_leaf_blight,0.9917972087860107,8.381903171539307e-08,True,True,True,0.9917972087860107,0.9917972087860107
val,aug_0_3393.jpg,Rice___Bacterial_leaf_blight,Rice___Bacterial_leaf_blight,0.5336242914199829,Rice___Bacterial_leaf_blight,0.5336268544197083,2.562999725341797e-06,True,True,True,0.5336242914199829,0.5336268544197083
val,aug_0_3844.jpg,Rice___Bacterial_leaf_blight,Rice___Bacterial_leaf_blight,0.9824984073638916,Rice___Bacterial_leaf_blight,0.9824984073638916,4.284083843231201e-08,True,True,True,0.9824984073638916,0.9824984073638916
val,aug_0_3963.jpg,Rice___Bacterial_leaf_blight,Rice___Bacterial_leaf_blight,0.9768650531768799,Rice___Bacterial_leaf_blight,0.9768651723861694,2.1420419216156006e-07,True,True,True,0.9768650531768799,0.9768651723861694
val,aug_0_4159.jpg,Rice___Bacterial_leaf_blight,Rice___Bacterial_leaf_blight,0.9423956871032715,Rice___Bacterial_leaf_blight,0.9423965215682983,8.493661880493164e-07,True,True,True,0.9423956871032715,0.9423965215682983
val,aug_0_4309.jpg,Rice___Bacterial_leaf_blight,Rice___Bacterial_leaf_blight,0.9598175883293152,Rice___Bacterial_leaf_blight,0.9598173499107361,2.384185791015625e-07,True,True,True,0.9598175883293152,0.9598173499107361
val,aug_0_4822.jpg,Rice___Bacterial_leaf_blight,Rice___Bacterial_leaf_blight,0.7539309859275818,Rice___Bacterial_leaf_blight,0.7539281249046326,2.86102294921875e-06,True,True,True,0.7539309859275818,0.7539281249046326
val,aug_0_5249.jpg,Rice___Bacterial_leaf_blight,Rice___Brown_spot,0.44529983401298523,Rice___Brown_spot,0.4452977478504181,2.086162567138672e-06,True,False,False,0.4297778010368347,0.42977985739707947
val,aug_0_5441.jpg,Rice___Bacterial_leaf_blight,Rice___Bacterial_leaf_blight,0.9908017516136169,Rice___Bacterial_leaf_blight,0.9908017516136169,7.450580596923828e-09,True,True,True,0.9908017516136169,0.9908017516136169
val,aug_0_5803.jpg,Rice___Bacterial_leaf_blight,Rice___Bacterial_leaf_blight,0.9040311574935913,Rice___Bacterial_leaf_blight,0.9040313363075256,1.7881393432617188e-07,True,True,True,0.9040311574935913,0.9040313363075256
val,aug_0_6127.jpg,Rice___Bacterial_leaf_blight,Rice___Bacterial_leaf_blight,0.9680846929550171,Rice___Bacterial_leaf_blight,0.9680846929550171,5.4016709327697754e-08,True,True,True,0.9680846929550171,0.9680846929550171
val,aug_0_6564.jpg,Rice___Bacterial_leaf_blight,Rice___Bacterial_leaf_blight,0.9384308457374573,Rice___Bacterial_leaf_blight,0.9384311437606812,2.980232238769531e-07,True,True,True,0.9384308457374573,0.9384311437606812
val,IMG_20231014_172819.jpg,Rice___Bacterial_leaf_blight,Rice___Bacterial_leaf_blight,0.9999510049819946,Rice___Bacterial_leaf_blight,0.9999510049819946,4.019966581836343e-10,True,True,True,0.9999510049819946,0.9999510049819946
val,IMG_20231014_173253.jpg,Rice___Bacterial_leaf_blight,Rice___Bacterial_leaf_blight,0.9995142221450806,Rice___Bacterial_leaf_blight,0.9995142221450806,5.209585651755333e-09,True,True,True,0.9995142221450806,0.9995142221450806
val,IMG_20231014_173606.jpg,Rice___Bacterial_leaf_blight,Rice___Bacterial_leaf_blight,0.9875372052192688,Rice___Bacterial_leaf_blight,0.9875372052192688,1.210719347000122e-08,True,True,True,0.9875372052192688,0.9875372052192688
val,20231006_165615.jpg,Rice___Brown_spot,Rice___Brown_spot,0.9862481951713562,Rice___Brown_spot,0.9862481951713562,1.0826624929904938e-08,True,True,True,0.9862481951713562,0.9862481951713562
val,aug_0_4689.jpg,Rice___Brown_spot,Rice___Brown_spot,0.5363118648529053,Rice___Brown_spot,0.5363139510154724,2.115964889526367e-06,True,True,True,0.5363118648529053,0.5363139510154724
val,aug_0_4917.jpg,Rice___Brown_spot,Rice___Brown_spot,0.9898914098739624,Rice___Brown_spot,0.9898914098739624,7.450580596923828e-09,True,True,True,0.9898914098739624,0.9898914098739624
val,aug_0_5116.jpg,Rice___Brown_spot,Rice___Brown_spot,0.9992733597755432,Rice___Brown_spot,0.9992733597755432,2.546585164964199e-09,True,True,True,0.9992733597755432,0.9992733597755432
val,aug_0_5282.jpg,Rice___Brown_spot,Rice___Brown_spot,0.999539852142334,Rice___Brown_spot,0.999539852142334,4.045432433485985e-09,True,True,True,0.999539852142334,0.999539852142334
val,aug_0_5582.jpg,Rice___Brown_spot,Rice___Brown_spot,0.9999946355819702,Rice___Brown_spot,0.9999946355819702,2.955857780762017e-11,True,True,True,0.9999946355819702,0.9999946355819702
val,aug_0_5800.jpg,Rice___Brown_spot,Rice___Brown_spot,0.9990715980529785,Rice___Brown_spot,0.9990715980529785,4.307366907596588e-09,True,True,True,0.9990715980529785,0.9990715980529785
val,aug_0_6188.jpg,Rice___Brown_spot,Rice___Brown_spot,0.9894571900367737,Rice___Brown_spot,0.9894570708274841,1.1920928955078125e-07,True,True,True,0.9894571900367737,0.9894570708274841
val,aug_0_6317.jpg,Rice___Brown_spot,Rice___Brown_spot,0.9987937211990356,Rice___Brown_spot,0.9987938404083252,1.1920928955078125e-07,True,True,True,0.9987937211990356,0.9987938404083252
val,aug_0_6572.jpg,Rice___Brown_spot,Rice___Brown_spot,0.9992815852165222,Rice___Brown_spot,0.9992814660072327,1.1920928955078125e-07,True,True,True,0.9992815852165222,0.9992814660072327
val,aug_0_6724.jpg,Rice___Brown_spot,Rice___Brown_spot,0.9986080527305603,Rice___Brown_spot,0.9986080527305603,7.8580342233181e-09,True,True,True,0.9986080527305603,0.9986080527305603
val,aug_0_7074.jpg,Rice___Brown_spot,Rice___Brown_spot,0.99955815076828,Rice___Brown_spot,0.99955815076828,3.026798367500305e-09,True,True,True,0.99955815076828,0.99955815076828
val,aug_0_7452.jpg,Rice___Brown_spot,Rice___Brown_spot,0.9999469518661499,Rice___Brown_spot,0.9999469518661499,6.584741640836e-10,True,True,True,0.9999469518661499,0.9999469518661499
val,aug_0_7708.jpg,Rice___Brown_spot,Rice___Brown_spot,0.9930329322814941,Rice___Brown_spot,0.9930330514907837,1.1920928955078125e-07,True,True,True,0.9930329322814941,0.9930330514907837
val,aug_0_7806.jpg,Rice___Brown_spot,Rice___Brown_spot,0.9999083280563354,Rice___Brown_spot,0.9999083280563354,5.311449058353901e-10,True,True,True,0.9999083280563354,0.9999083280563354
val,aug_0_8240.jpg,Rice___Brown_spot,Rice___Brown_spot,0.9998897314071655,Rice___Brown_spot,0.9998897314071655,2.510205376893282e-10,True,True,True,0.9998897314071655,0.9998897314071655
val,Brown_spot (113).jpg,Rice___Brown_spot,Rice___Brown_spot,0.9998419284820557,Rice___Brown_spot,0.9998418092727661,1.1920928955078125e-07,True,True,True,0.9998419284820557,0.9998418092727661
val,Brown_spot (173).jpg,Rice___Brown_spot,Rice___Brown_spot,0.9999994039535522,Rice___Brown_spot,0.9999994039535522,2.2168933355715126e-12,True,True,True,0.9999994039535522,0.9999994039535522
val,Brown_spot (199).jpg,Rice___Brown_spot,Rice___Brown_spot,0.9999899864196777,Rice___Brown_spot,0.9999899864196777,1.4097167877480388e-10,True,True,True,0.9999899864196777,0.9999899864196777
val,IMG_20231014_172422.jpg,Rice___Brown_spot,Rice___Brown_spot,0.9894881248474121,Rice___Brown_spot,0.989487886428833,2.384185791015625e-07,True,True,True,0.9894881248474121,0.989487886428833
val,20231006_165517(0).jpg,Rice___healthy,Rice___healthy,0.9999072551727295,Rice___healthy,0.9999071359634399,1.1920928955078125e-07,True,True,True,0.9999072551727295,0.9999071359634399
val,aug_0_1372.jpg,Rice___healthy,Rice___healthy,0.9995294809341431,Rice___healthy,0.9995293617248535,1.1920928955078125e-07,True,True,True,0.9995294809341431,0.9995293617248535
val,aug_0_1688.jpg,Rice___healthy,Rice___healthy,0.9999995231628418,Rice___healthy,0.9999995231628418,1.0089706847793423e-11,True,True,True,0.9999995231628418,0.9999995231628418
val,aug_0_191.jpg,Rice___healthy,Rice___healthy,1.0,Rice___healthy,1.0,2.0605739337042905e-13,True,True,True,1.0,1.0
val,aug_0_26.jpg,Rice___healthy,Rice___healthy,0.9999957084655762,Rice___healthy,0.9999957084655762,3.2741809263825417e-11,True,True,True,0.9999957084655762,0.9999957084655762
val,aug_0_574.jpg,Rice___healthy,Rice___healthy,0.999415397644043,Rice___healthy,0.999415397644043,1.5934347175061703e-09,True,True,True,0.999415397644043,0.999415397644043
val,aug_0_7.jpg,Rice___healthy,Rice___healthy,0.9996781349182129,Rice___healthy,0.9996781349182129,4.220055416226387e-09,True,True,True,0.9996781349182129,0.9996781349182129
val,aug_0_7385.jpg,Rice___healthy,Rice___healthy,0.9995101690292358,Rice___healthy,0.9995101690292358,2.764863893389702e-09,True,True,True,0.9995101690292358,0.9995101690292358
val,aug_0_7514.jpg,Rice___healthy,Rice___healthy,1.0,Rice___healthy,1.0,6.838973831690964e-14,True,True,True,1.0,1.0
val,aug_0_7845.jpg,Rice___healthy,Rice___healthy,0.9999256134033203,Rice___healthy,0.9999256134033203,1.0222720447927713e-09,True,True,True,0.9999256134033203,0.9999256134033203
val,aug_0_7991.jpg,Rice___healthy,Rice___healthy,0.9998855590820312,Rice___healthy,0.9998855590820312,1.0186340659856796e-10,True,True,True,0.9998855590820312,0.9998855590820312
val,aug_0_8554.jpg,Rice___healthy,Rice___healthy,0.9999964237213135,Rice___healthy,0.9999963045120239,1.1920928955078125e-07,True,True,True,0.9999964237213135,0.9999963045120239
val,aug_0_9039.jpg,Rice___healthy,Rice___healthy,0.9999864101409912,Rice___healthy,0.9999864101409912,3.228706191293895e-10,True,True,True,0.9999864101409912,0.9999864101409912
val,aug_0_930.jpg,Rice___healthy,Rice___healthy,0.999320387840271,Rice___healthy,0.999320387840271,1.367880031466484e-09,True,True,True,0.999320387840271,0.999320387840271
val,aug_0_9653.jpg,Rice___healthy,Rice___healthy,0.9999998807907104,Rice___healthy,0.9999998807907104,6.714628852932947e-13,True,True,True,0.9999998807907104,0.9999998807907104
val,aug_0_9991.jpg,Rice___healthy,Rice___healthy,0.9999395608901978,Rice___healthy,0.9999395608901978,4.256435204297304e-10,True,True,True,0.9999395608901978,0.9999395608901978
val,Healthy_rice_leaf (136).jpg,Rice___healthy,Rice___healthy,0.999924898147583,Rice___healthy,0.9999250173568726,1.1920928955078125e-07,True,True,True,0.999924898147583,0.9999250173568726
val,Healthy_rice_leaf (172).jpg,Rice___healthy,Rice___healthy,0.9999855756759644,Rice___healthy,0.9999855756759644,8.185452315956354e-12,True,True,True,0.9999855756759644,0.9999855756759644
val,Healthy_rice_leaf (35).jpg,Rice___healthy,Rice___healthy,0.9999997615814209,Rice___healthy,0.9999997615814209,1.3642420526593924e-12,True,True,True,0.9999997615814209,0.9999997615814209
val,Healthy_rice_leaf (56).jpg,Rice___healthy,Rice___healthy,0.9981369972229004,Rice___healthy,0.9981369972229004,2.176966518163681e-08,True,True,True,0.9981369972229004,0.9981369972229004
val,aug_0_146.jpg,Rice___Leaf_blast,Rice___Leaf_blast,0.963911771774292,Rice___Leaf_blast,0.963911771774292,1.30385160446167e-07,True,True,True,0.963911771774292,0.963911771774292
val,aug_0_317.jpg,Rice___Leaf_blast,Rice___Leaf_scald,0.5531296133995056,Rice___Leaf_scald,0.5531270503997803,2.562999725341797e-06,True,False,False,0.3561338782310486,0.35613593459129333
val,aug_0_6920.jpg,Rice___Leaf_blast,Rice___Leaf_blast,0.9980639815330505,Rice___Leaf_blast,0.9980639815330505,3.015156835317612e-08,True,True,True,0.9980639815330505,0.9980639815330505
val,aug_0_7058.jpg,Rice___Leaf_blast,Rice___Leaf_blast,0.9303478598594666,Rice___Leaf_blast,0.9303469061851501,9.98377799987793e-07,True,True,True,0.9303478598594666,0.9303469061851501
val,aug_0_7185.jpg,Rice___Leaf_blast,Rice___Leaf_blast,0.9998142123222351,Rice___Leaf_blast,0.9998140931129456,1.1920928955078125e-07,True,True,True,0.9998142123222351,0.9998140931129456
val,aug_0_7474.jpg,Rice___Leaf_blast,Rice___Leaf_blast,0.9952228665351868,Rice___Leaf_blast,0.9952228665351868,3.725290298461914e-09,True,True,True,0.9952228665351868,0.9952228665351868
val,aug_0_7628.jpg,Rice___Leaf_blast,Rice___Leaf_blast,0.9992819428443909,Rice___Leaf_blast,0.9992819428443909,5.9371814131736755e-09,True,True,True,0.9992819428443909,0.9992819428443909
val,aug_0_7913.jpg,Rice___Leaf_blast,Rice___Leaf_blast,0.9965912103652954,Rice___Leaf_blast,0.9965912103652954,1.2689270079135895e-08,True,True,True,0.9965912103652954,0.9965912103652954
val,aug_0_8042.jpg,Rice___Leaf_blast,Rice___Leaf_blast,0.9962261915206909,Rice___Leaf_blast,0.9962260723114014,1.1920928955078125e-07,True,True,True,0.9962261915206909,0.9962260723114014
val,aug_0_8300.jpg,Rice___Leaf_blast,Rice___Leaf_blast,0.9882078766822815,Rice___Leaf_blast,0.9882078766822815,1.2293457984924316e-07,True,True,True,0.9882078766822815,0.9882078766822815
val,aug_0_8391.jpg,Rice___Leaf_blast,Rice___Leaf_blast,0.9987970590591431,Rice___Leaf_blast,0.9987971782684326,1.1920928955078125e-07,True,True,True,0.9987970590591431,0.9987971782684326
val,aug_0_8665.jpg,Rice___Leaf_blast,Rice___Leaf_blast,0.5018840432167053,Rice___Leaf_blast,0.5018823742866516,1.6689300537109375e-06,True,True,True,0.5018840432167053,0.5018823742866516
val,aug_0_8872.jpg,Rice___Leaf_blast,Rice___Leaf_blast,0.7835108637809753,Rice___Leaf_blast,0.7835128307342529,1.9669532775878906e-06,True,True,True,0.7835108637809753,0.7835128307342529
val,aug_0_9030.jpg,Rice___Leaf_blast,Rice___Leaf_blast,0.9245578646659851,Rice___Leaf_blast,0.9245578050613403,1.0803341865539551e-07,True,True,True,0.9245578646659851,0.9245578050613403
val,aug_0_9238.jpg,Rice___Leaf_blast,Rice___Leaf_blast,0.7016069889068604,Rice___Leaf_blast,0.7016070485115051,3.427267074584961e-07,True,True,True,0.7016069889068604,0.7016070485115051
val,aug_0_9492.jpg,Rice___Leaf_blast,Rice___Leaf_blast,0.9524631500244141,Rice___Leaf_blast,0.9524637460708618,5.960464477539062e-07,True,True,True,0.9524631500244141,0.9524637460708618
val,aug_0_9768.jpg,Rice___Leaf_blast,Rice___Leaf_blast,0.9866053462028503,Rice___Leaf_blast,0.9866053462028503,5.21540641784668e-08,True,True,True,0.9866053462028503,0.9866053462028503
val,IMG_20231014_171542.jpg,Rice___Leaf_blast,Rice___Leaf_blast,0.8946102261543274,Rice___Leaf_blast,0.8946104049682617,2.7567148208618164e-07,True,True,True,0.8946102261543274,0.8946104049682617
val,IMG_20231014_172553.jpg,Rice___Leaf_blast,Rice___Leaf_blast,0.765283465385437,Rice___Leaf_blast,0.7652843594551086,1.0728836059570312e-06,True,True,True,0.765283465385437,0.7652843594551086
val,IMG_20231018_143157.jpg,Rice___Leaf_blast,Rice___Leaf_blast,0.8589480519294739,Rice___Leaf_blast,0.8589482307434082,1.7881393432617188e-07,True,True,True,0.8589480519294739,0.8589482307434082
val,aug_0_1012.jpg,Rice___Leaf_scald,Rice___Leaf_scald,0.8422026634216309,Rice___Leaf_scald,0.8422020673751831,7.264316082000732e-07,True,True,True,0.8422026634216309,0.8422020673751831
val,aug_0_1275.jpg,Rice___Leaf_scald,Rice___Leaf_scald,0.9850823879241943,Rice___Leaf_scald,0.9850821495056152,2.384185791015625e-07,True,True,True,0.9850823879241943,0.9850821495056152
val,aug_0_1570.jpg,Rice___Leaf_scald,Rice___Leaf_scald,0.9799315333366394,Rice___Leaf_scald,0.979931652545929,1.1920928955078125e-07,True,True,True,0.9799315333366394,0.979931652545929
val,aug_0_1799.jpg,Rice___Leaf_scald,Rice___Leaf_blast,0.5496965646743774,Rice___Leaf_blast,0.5496968626976013,2.980232238769531e-07,True,False,False,0.40089723467826843,0.4008970260620117
val,aug_0_1933.jpg,Rice___Leaf_scald,Rice___Leaf_scald,0.9999898672103882,Rice___Leaf_scald,0.9999898672103882,9.595169103704393e-11,True,True,True,0.9999898672103882,0.9999898672103882
val,aug_0_2266.jpg,Rice___Leaf_scald,Rice___Leaf_scald,0.9945831894874573,Rice___Leaf_scald,0.9945830702781677,1.1920928955078125e-07,True,True,True,0.9945831894874573,0.9945830702781677
val,aug_0_2458.jpg,Rice___Leaf_scald,Rice___Leaf_scald,0.8764078617095947,Rice___Leaf_scald,0.8764104247093201,2.562999725341797e-06,True,True,True,0.8764078617095947,0.8764104247093201
val,aug_0_2903.jpg,Rice___Leaf_scald,Rice___Leaf_scald,0.9981716871261597,Rice___Leaf_scald,0.9981715679168701,1.1920928955078125e-07,True,True,True,0.9981716871261597,0.9981715679168701
val,aug_0_3001.jpg,Rice___Leaf_scald,Rice___Leaf_scald,0.9994760155677795,Rice___Leaf_scald,0.99947589635849,1.1920928955078125e-07,True,True,True,0.9994760155677795,0.99947589635849
val,aug_0_3199.jpg,Rice___Leaf_scald,Rice___Leaf_scald,0.9707264304161072,Rice___Leaf_scald,0.9707258343696594,5.960464477539062e-07,True,True,True,0.9707264304161072,0.9707258343696594
val,aug_0_3341.jpg,Rice___Leaf_scald,Rice___Leaf_scald,0.44832533597946167,Rice___Leaf_scald,0.4483247995376587,5.364418029785156e-07,True,True,True,0.44832533597946167,0.4483247995376587
val,aug_0_3688.jpg,Rice___Leaf_scald,Rice___Leaf_scald,0.9999939203262329,Rice___Leaf_scald,0.9999939203262329,2.864908310584724e-11,True,True,True,0.9999939203262329,0.9999939203262329
val,aug_0_48.jpg,Rice___Leaf_scald,Rice___Leaf_scald,0.9999704360961914,Rice___Leaf_scald,0.999970555305481,1.1920928955078125e-07,True,True,True,0.9999704360961914,0.999970555305481
val,aug_0_5318.jpg,Rice___Leaf_scald,Rice___Leaf_scald,0.999998927116394,Rice___Leaf_scald,0.999998927116394,1.801936377887614e-11,True,True,True,0.999998927116394,0.999998927116394
val,aug_0_5463.jpg,Rice___Leaf_scald,Rice___Leaf_scald,0.9873924851417542,Rice___Leaf_scald,0.9873926043510437,1.1920928955078125e-07,True,True,True,0.9873924851417542,0.9873926043510437
val,aug_0_5880.jpg,Rice___Leaf_scald,Rice___Leaf_scald,0.9982051849365234,Rice___Leaf_scald,0.998205304145813,1.1920928955078125e-07,True,True,True,0.9982051849365234,0.998205304145813
val,aug_0_6198.jpg,Rice___Leaf_scald,Rice___Leaf_scald,0.9814265370368958,Rice___Leaf_scald,0.9814261794090271,3.5762786865234375e-07,True,True,True,0.9814265370368958,0.9814261794090271
val,aug_0_970.jpg,Rice___Leaf_scald,Rice___Leaf_scald,0.9585301280021667,Rice___Leaf_scald,0.9585302472114563,1.1920928955078125e-07,True,True,True,0.9585301280021667,0.9585302472114563
val,Leaf_scald (46).jpg,Rice___Leaf_scald,Rice___Leaf_scald,0.5994023084640503,Rice___Leaf_scald,0.5994001626968384,2.2351741790771484e-06,True,True,True,0.5994023084640503,0.5994001626968384
val,Leaf_scald (71).jpg,Rice___Leaf_scald,Rice___Leaf_scald,0.9730019569396973,Rice___Leaf_scald,0.9730023145675659,3.5762786865234375e-07,True,True,True,0.9730019569396973,0.9730023145675659
val,aug_0_106.jpg,Rice___Sheath_blight,Rice___Sheath_blight,0.9994731545448303,Rice___Sheath_blight,0.9994731545448303,1.5832483768463135e-08,True,True,True,0.9994731545448303,0.9994731545448303
val,aug_0_327.jpg,Rice___Sheath_blight,Rice___Sheath_blight,0.9992533326148987,Rice___Sheath_blight,0.9992532134056091,1.1920928955078125e-07,True,True,True,0.9992533326148987,0.9992532134056091
val,aug_0_535.jpg,Rice___Sheath_blight,Rice___Sheath_blight,0.7785772681236267,Rice___Sheath_blight,0.778579831123352,2.5779008865356445e-06,True,True,True,0.7785772681236267,0.778579831123352
val,aug_0_7966.jpg,Rice___Sheath_blight,Rice___Sheath_blight,0.9996953010559082,Rice___Sheath_blight,0.9996953010559082,4.94765117764473e-10,True,True,True,0.9996953010559082,0.9996953010559082
val,aug_0_8098.jpg,Rice___Sheath_blight,Rice___Sheath_blight,0.6545899510383606,Rice___Sheath_blight,0.6545899510383606,5.699694156646729e-07,True,True,True,0.6545899510383606,0.6545899510383606
val,aug_0_8310.jpg,Rice___Sheath_blight,Rice___Sheath_blight,0.9120556116104126,Rice___Sheath_blight,0.912056028842926,4.6938657760620117e-07,True,True,True,0.9120556116104126,0.912056028842926
val,aug_0_8528.jpg,Rice___Sheath_blight,Rice___Sheath_blight,0.9815256595611572,Rice___Sheath_blight,0.9815255403518677,1.1920928955078125e-07,True,True,True,0.9815256595611572,0.9815255403518677
val,aug_0_8989.jpg,Rice___Sheath_blight,Rice___Sheath_blight,0.9999160766601562,Rice___Sheath_blight,0.9999160766601562,1.8844730220735073e-09,True,True,True,0.9999160766601562,0.9999160766601562
val,aug_0_9073.jpg,Rice___Sheath_blight,Rice___Sheath_blight,0.9997566342353821,Rice___Sheath_blight,0.9997567534446716,1.1920928955078125e-07,True,True,True,0.9997566342353821,0.9997567534446716
val,aug_0_93.jpg,Rice___Sheath_blight,Rice___Sheath_blight,0.9999582767486572,Rice___Sheath_blight,0.9999582767486572,6.184563972055912e-11,True,True,True,0.9999582767486572,0.9999582767486572
val,aug_0_9431.jpg,Rice___Sheath_blight,Rice___Sheath_blight,0.6699066758155823,Rice___Sheath_blight,0.6699059009552002,1.2889504432678223e-06,True,True,True,0.6699066758155823,0.6699059009552002
val,aug_0_9867.jpg,Rice___Sheath_blight,Rice___Sheath_blight,0.9999958276748657,Rice___Sheath_blight,0.9999958276748657,1.0913936421275139e-11,True,True,True,0.9999958276748657,0.9999958276748657
val,IMG_20231014_171004.jpg,Rice___Sheath_blight,Rice___Sheath_blight,0.9999375343322754,Rice___Sheath_blight,0.9999375343322754,4.911271389573812e-10,True,True,True,0.9999375343322754,0.9999375343322754
val,IMG_20231014_171117.jpg,Rice___Sheath_blight,Rice___Sheath_blight,0.5902746915817261,Rice___Sheath_blight,0.590277373790741,2.682209014892578e-06,True,True,True,0.5902746915817261,0.590277373790741
val,IMG_20231014_172929.jpg,Rice___Sheath_blight,Rice___Sheath_blight,0.9994623064994812,Rice___Sheath_blight,0.9994623064994812,1.0360963642597198e-08,True,True,True,0.9994623064994812,0.9994623064994812
val,IMG_20231018_142904.jpg,Rice___Sheath_blight,Rice___Sheath_blight,0.9963231086730957,Rice___Sheath_blight,0.9963232278823853,1.1920928955078125e-07,True,True,True,0.9963231086730957,0.9963232278823853
val,Sheath_Blight (105).jpg,Rice___Sheath_blight,Rice___Sheath_blight,1.0,Rice___Sheath_blight,1.0,1.078248601515952e-12,True,True,True,1.0,1.0
val,Sheath_Blight (28).jpg,Rice___Sheath_blight,Rice___Sheath_blight,0.9906490445137024,Rice___Sheath_blight,0.9906490445137024,1.30385160446167e-08,True,True,True,0.9906490445137024,0.9906490445137024
val,Sheath_Blight (50).jpg,Rice___Sheath_blight,Rice___Sheath_blight,0.9999997615814209,Rice___Sheath_blight,0.9999997615814209,2.9700686354772188e-12,True,True,True,0.9999997615814209,0.9999997615814209
val,Sheath_Blight (73).jpg,Rice___Sheath_blight,Rice___Sheath_blight,0.9999645948410034,Rice___Sheath_blight,0.9999645948410034,1.6552803572267294e-10,True,True,True,0.9999645948410034,0.9999645948410034
val,007734dd-ed98-4b69-b489-f7f98f18f065___RS_HL 2864.JPG,Soybean___healthy,Soybean___healthy,1.0,Soybean___healthy,1.0,2.1316282072803006e-13,True,True,True,1.0,1.0
val,31065ceb-7756-40c3-917b-ebd9df7b7874___RS_HL 5270.JPG,Soybean___healthy,Soybean___healthy,1.0,Soybean___healthy,1.0,1.27675647831893e-15,True,True,True,1.0,1.0
val,54324891-30a3-4d9f-9772-f26f8e52ec91___RS_HL 5790 1.JPG,Soybean___healthy,Soybean___healthy,1.0,Soybean___healthy,1.0,9.75781955236954e-19,True,True,True,1.0,1.0
val,72155a46-f0cf-4a34-a420-afd4a1a6f3ba___RS_HL 5738 1.JPG,Soybean___healthy,Soybean___healthy,1.0,Soybean___healthy,1.0,3.497202527569243e-15,True,True,True,1.0,1.0
val,8415b734-3764-47a6-9926-1e72764c031e___RS_HL 5178.JPG,Soybean___healthy,Soybean___healthy,1.0,Soybean___healthy,1.0,7.438494264988549e-15,True,True,True,1.0,1.0
val,a21acb7a-d58f-445b-99e7-a013ade1be88___RS_HL 3687.JPG,Soybean___healthy,Soybean___healthy,1.0,Soybean___healthy,1.0,1.491862189340054e-16,True,True,True,1.0,1.0
val,a8b9613c-8c2d-4645-a1b7-41f1eea2d03a___RS_HL 3882.JPG,Soybean___healthy,Soybean___healthy,0.9999972581863403,Soybean___healthy,0.9999972581863403,6.662048690486699e-11,True,True,True,0.9999972581863403,0.9999972581863403
val,aec2578c-c81d-4ece-b2f5-293581a1c9da___RS_HL 3722.JPG,Soybean___healthy,Soybean___healthy,1.0,Soybean___healthy,1.0,5.5289106626332796e-14,True,True,True,1.0,1.0
val,b3e3e409-a953-4b6c-8c4a-cdd507104d7d___RS_HL 5578 1.JPG,Soybean___healthy,Soybean___healthy,1.0,Soybean___healthy,1.0,2.032879073410321e-18,True,True,True,1.0,1.0
val,b9235dc0-104c-4bc1-894f-bb492618f1dd___RS_HL 6521.JPG,Soybean___healthy,Soybean___healthy,1.0,Soybean___healthy,1.0,1.7433970933566911e-16,True,True,True,1.0,1.0
val,bf2ba7b6-4605-445c-80b3-4aa2879dcdd8___RS_HL 6112.JPG,Soybean___healthy,Soybean___healthy,1.0,Soybean___healthy,1.0,9.622294280808852e-18,True,True,True,1.0,1.0
val,c4042d57-5f0f-4d1e-a26d-31906452ec91___RS_HL 5565.JPG,Soybean___healthy,Soybean___healthy,1.0,Soybean___healthy,1.0,7.105427357601002e-14,True,True,True,1.0,1.0
val,cbe4eac0-dd7f-4a84-9fde-ad432fcde88a___RS_HL 5689 1.JPG,Soybean___healthy,Soybean___healthy,1.0,Soybean___healthy,1.0,2.4424906541753444e-14,True,True,True,1.0,1.0
val,d306dd53-d4c6-4048-b1ff-e58aa9b240a5___RS_HL 4823.JPG,Soybean___healthy,Soybean___healthy,1.0,Soybean___healthy,1.0,4.683753385137379e-16,True,True,True,1.0,1.0
val,d766588d-0e66-484f-8d2a-74ea603a5c68___RS_HL 5924.JPG,Soybean___healthy,Soybean___healthy,1.0,Soybean___healthy,1.0,8.44593492366208e-17,True,True,True,1.0,1.0
val,dd357a76-aec4-47c5-8a63-d7c6497cea28___RS_HL 5969.JPG,Soybean___healthy,Soybean___healthy,1.0,Soybean___healthy,1.0,9.690056916589196e-19,True,True,True,1.0,1.0
val,e4920e1c-87c3-411a-9872-a549c058422b___RS_HL 5811.JPG,Soybean___healthy,Soybean___healthy,0.9999994039535522,Soybean___healthy,0.9999994039535522,9.805489753489383e-13,True,True,True,0.9999994039535522,0.9999994039535522
val,ed73360c-d06b-4185-9f7b-2897ab559c25___RS_HL 5534 1.JPG,Soybean___healthy,Soybean___healthy,1.0,Soybean___healthy,1.0,1.3808398868775384e-15,True,True,True,1.0,1.0
val,f2a9e5b6-26cb-42b3-9fe2-297cbd3e3cce___RS_HL 7268.JPG,Soybean___healthy,Soybean___healthy,0.9999988079071045,Soybean___healthy,0.9999988079071045,1.4779288903810084e-11,True,True,True,0.9999988079071045,0.9999988079071045
val,f779cfd8-959f-4b9c-ac53-1482f049b516___RS_HL 7163.JPG,Soybean___healthy,Soybean___healthy,1.0,Soybean___healthy,1.0,7.115076756936123e-20,True,True,True,1.0,1.0
val,0056878d-a244-4653-ad56-7e97080c7fd2___UMD_Powd.M 9962.JPG,Squash___Powdery_mildew,Squash___Powdery_mildew,1.0,Squash___Powdery_mildew,1.0,9.190307477709159e-20,True,True,True,1.0,1.0
val,1002886b-4fb9-4ae0-abdc-cca1dfea2837___UMD_Powd.M 0441.JPG,Squash___Powdery_mildew,Squash___Powdery_mildew,1.0,Squash___Powdery_mildew,1.0,3.5128150388530344e-17,True,True,True,1.0,1.0
val,1a22345b-f5a7-43c7-b30d-30eb259e6412___MD_Powd.M 1003_flipLR.JPG,Squash___Powdery_mildew,Squash___Powdery_mildew,1.0,Squash___Powdery_mildew,1.0,6.315477654728063e-18,True,True,True,1.0,1.0
val,209c7bad-a129-46d4-a793-2b0322ed4e87___MD_Powd.M 0654.JPG,Squash___Powdery_mildew,Squash___Powdery_mildew,1.0,Squash___Powdery_mildew,1.0,3.6193270602780103e-14,True,True,True,1.0,1.0
val,2f4ed346-89bb-4ab6-aa0e-1f0195f3dd12___MD_Powd.M 0519.JPG,Squash___Powdery_mildew,Squash___Powdery_mildew,1.0,Squash___Powdery_mildew,1.0,4.7488055154865094e-17,True,True,True,1.0,1.0
val,3b44d041-8020-470f-8321-54a03e9f3273___UMD_Powd.M 0694_flipLR.JPG,Squash___Powdery_mildew,Squash___Powdery_mildew,1.0,Squash___Powdery_mildew,1.0,6.609296443471635e-16,True,True,True,1.0,1.0
val,4348728d-ace4-4c62-937f-e0b168428cca___UMD_Powd.M 0341.JPG,Squash___Powdery_mildew,Squash___Powdery_mildew,1.0,Squash___Powdery_mildew,1.0,7.112366251504909e-16,True,True,True,1.0,1.0
val,4b0118f8-d897-4cf5-a9c9-81c23a7fe57f___UMD_Powd.M 0611.JPG,Squash___Powdery_mildew,Squash___Powdery_mildew,1.0,Squash___Powdery_mildew,1.0,1.929879867024198e-17,True,True,True,1.0,1.0
val,55f21162-fdd6-4ffd-a13c-87d89695a1aa___UMD_Powd.M 0068.JPG,Squash___Powdery_mildew,Squash___Powdery_mildew,1.0,Squash___Powdery_mildew,1.0,2.3678975447083417e-16,True,True,True,1.0,1.0
val,69a0cc06-c82e-489f-82b3-945f85fb8355___MD_Powd.M 0035.JPG,Squash___Powdery_mildew,Squash___Powdery_mildew,1.0,Squash___Powdery_mildew,1.0,7.047314121155779e-19,True,True,True,1.0,1.0
val,720cd856-0200-4dca-9264-ca765954ee1b___UMD_Powd.M 0165.JPG,Squash___Powdery_mildew,Squash___Powdery_mildew,0.9999991655349731,Squash___Powdery_mildew,0.9999992847442627,1.1920928955078125e-07,True,True,True,0.9999991655349731,0.9999992847442627
val,813794f3-8d27-426a-a7c9-c107527a3b1a___UMD_Powd.M 9723.JPG,Squash___Powdery_mildew,Squash___Powdery_mildew,1.0,Squash___Powdery_mildew,1.0,1.3278267374516872e-13,True,True,True,1.0,1.0
val,92c5dd28-ea56-4d45-a61b-1d95dbe84425___UMD_Powd.M 9835.JPG,Squash___Powdery_mildew,Squash___Powdery_mildew,1.0,Squash___Powdery_mildew,1.0,3.414601568618898e-21,True,True,True,1.0,1.0
val,a2deac7a-324b-449a-a8d6-3fea9134a7a2___MD_Powd.M 0787.JPG,Squash___Powdery_mildew,Squash___Powdery_mildew,0.9999988079071045,Squash___Powdery_mildew,0.9999988079071045,1.1652900866465643e-11,True,True,True,0.9999988079071045,0.9999988079071045
val,ae87fc38-6e47-49d2-8039-6049e6cabb13___MD_Powd.M 0902.JPG,Squash___Powdery_mildew,Squash___Powdery_mildew,1.0,Squash___Powdery_mildew,1.0,7.28583859910259e-16,True,True,True,1.0,1.0
val,be1b72ef-e169-4ffb-b872-05e89ef420a7___UMD_Powd.M 0277.JPG,Squash___Powdery_mildew,Squash___Powdery_mildew,1.0,Squash___Powdery_mildew,1.0,5.963111948670274e-19,True,True,True,1.0,1.0
val,cc3d281d-fb67-4063-8348-0f05f4155c73___MD_Powd.M 1056.JPG,Squash___Powdery_mildew,Squash___Powdery_mildew,1.0,Squash___Powdery_mildew,1.0,5.702903427273753e-17,True,True,True,1.0,1.0
val,d9e98756-64fe-4de4-862e-3293eb8a73d5___MD_Powd.M 0552.JPG,Squash___Powdery_mildew,Squash___Powdery_mildew,1.0,Squash___Powdery_mildew,1.0,3.144186300207963e-18,True,True,True,1.0,1.0
val,e549aa4b-ab3b-44c4-8fa8-8e317a55c1a2___MD_Powd.M 0146.JPG,Squash___Powdery_mildew,Squash___Powdery_mildew,1.0,Squash___Powdery_mildew,1.0,7.993605777301127e-15,True,True,True,1.0,1.0
val,f259fc4b-6111-42c2-91d3-290a6a63820b___MD_Powd.M 0155 copy.jpg,Squash___Powdery_mildew,Squash___Powdery_mildew,1.0,Squash___Powdery_mildew,1.0,4.805184028455756e-16,True,True,True,1.0,1.0
val,01e591c9-e3e7-4edc-8211-13081f4d5e7a___RS_HL 1979.JPG,Strawberry___healthy,Strawberry___healthy,0.9999991655349731,Strawberry___healthy,0.9999992847442627,1.1920928955078125e-07,True,True,True,0.9999991655349731,0.9999992847442627
val,08dd3504-4ea2-4afb-89ac-c666f3016b94___RS_HL 4619_90deg.JPG,Strawberry___healthy,Strawberry___healthy,1.0,Strawberry___healthy,1.0,4.128641872824801e-16,True,True,True,1.0,1.0
val,1a119565-0295-4692-95cd-fbc32728f855___RS_HL 1853_180deg.JPG,Strawberry___healthy,Strawberry___healthy,1.0,Strawberry___healthy,1.0,5.861977570020827e-14,True,True,True,1.0,1.0
val,1eb7dc9e-fbbb-4a62-8a71-eed5f2cb6845___RS_HL 4614_new30degFlipLR.JPG,Strawberry___healthy,Strawberry___healthy,1.0,Strawberry___healthy,0.9999998807907104,1.1920928955078125e-07,True,True,True,1.0,0.9999998807907104
val,2df352eb-8c72-4a03-9cd6-b94e38e41bb3___RS_HL 1967_270deg.JPG,Strawberry___healthy,Strawberry___healthy,0.9999995231628418,Strawberry___healthy,0.9999995231628418,5.6274984672199935e-12,True,True,True,0.9999995231628418,0.9999995231628418
val,3cffaab3-eb47-4ba7-8596-35445be017fc___RS_HL 2217.JPG,Strawberry___healthy,Strawberry___healthy,0.9999958276748657,Strawberry___healthy,0.9999958276748657,6.230038707144558e-11,True,True,True,0.9999958276748657,0.9999958276748657
val,4197c213-9bf6-4b26-aff1-77a73c45ae1a___RS_HL 2117_90deg.JPG,Strawberry___healthy,Strawberry___healthy,1.0,Strawberry___healthy,1.0,1.0302869668521453e-13,True,True,True,1.0,1.0
val,5275777b-d89b-47b1-9dc6-15c832167a41___RS_HL 4408_180deg.JPG,Strawberry___healthy,Strawberry___healthy,1.0,Strawberry___healthy,1.0,8.977193988179977e-17,True,True,True,1.0,1.0
val,65880698-1582-43e9-86c4-3dfcea34ee8d___RS_HL 1654_new30degFlipLR.JPG,Strawberry___healthy,Strawberry___healthy,1.0,Strawberry___healthy,1.0,3.885780586188048e-15,True,True,True,1.0,1.0
val,6a575843-9563-4d8d-a54a-0512c08ed6e3___RS_HL 4398_270deg.JPG,Strawberry___healthy,Strawberry___healthy,0.9999926090240479,Strawberry___healthy,0.9999926090240479,2.1373125491663814e-11,True,True,True,0.9999926090240479,0.9999926090240479
val,768de271-ba00-4cfe-b785-ccc7deedbcce___RS_HL 2081.JPG,Strawberry___healthy,Strawberry___healthy,1.0,Strawberry___healthy,1.0,8.277822871605167e-13,True,True,True,1.0,1.0
val,83361629-2e1b-425f-ab08-bb9a5e997985___RS_HL 1849_90deg.JPG,Strawberry___healthy,Strawberry___healthy,1.0,Strawberry___healthy,1.0,9.343636975245317e-13,True,True,True,1.0,1.0
val,a17e91e2-3daf-4f30-8976-9ea23b6bdf94___RS_HL 2053_180deg.JPG,Strawberry___healthy,Strawberry___healthy,0.9999996423721313,Strawberry___healthy,0.9999996423721313,1.1368683772161603e-12,True,True,True,0.9999996423721313,0.9999996423721313
val,ab2c9916-41d9-4b71-a678-896575726cf4___RS_HL 1713_new30degFlipLR.JPG,Strawberry___healthy,Strawberry___healthy,0.999854326248169,Strawberry___healthy,0.999854326248169,3.055902197957039e-09,True,True,True,0.999854326248169,0.999854326248169
val,b7006ce4-c162-4b5c-bd74-78ea0a63a558___RS_HL 1939_270deg.JPG,Strawberry___healthy,Strawberry___healthy,1.0,Strawberry___healthy,1.0,1.4099832412739488e-14,True,True,True,1.0,1.0
val,c1ccdd49-6389-40eb-b841-c77ab6568014___RS_HL 2056.JPG,Strawberry___healthy,Strawberry___healthy,1.0,Strawberry___healthy,1.0,2.007283228522283e-13,True,True,True,1.0,1.0
val,d13a70dd-9812-4b62-a8f4-3764a50abda3___RS_HL 1796_90deg.JPG,Strawberry___healthy,Strawberry___healthy,0.9999986886978149,Strawberry___healthy,0.9999988079071045,1.1920928955078125e-07,True,True,True,0.9999986886978149,0.9999988079071045
val,dc05a60e-5939-4e59-bfee-890db52986cc___RS_HL 2014_180deg.JPG,Strawberry___healthy,Strawberry___healthy,0.9999997615814209,Strawberry___healthy,0.9999997615814209,3.069544618483633e-12,True,True,True,0.9999997615814209,0.9999997615814209
val,ed89a94c-9730-4607-8ad4-c23ffb0a8ffb___RS_HL 4532_new30degFlipLR.JPG,Strawberry___healthy,Strawberry___healthy,1.0,Strawberry___healthy,1.0,3.066991105526995e-15,True,True,True,1.0,1.0
val,f90cc425-5b46-4abd-b58a-11306f471542___RS_HL 4337_270deg.JPG,Strawberry___healthy,Strawberry___healthy,1.0,Strawberry___healthy,1.0,2.192690473634684e-15,True,True,True,1.0,1.0
val,0024203d-6e4c-490f-b9a8-e5926df0b76e___RS_L.Scorch 0795.JPG,Strawberry___Leaf_scorch,Strawberry___Leaf_scorch,1.0,Strawberry___Leaf_scorch,1.0,6.261267546103788e-18,True,True,True,1.0,1.0
val,1388ef9c-6d08-4c30-8966-e43d7e299aa7___RS_L.Scorch 0071.JPG,Strawberry___Leaf_scorch,Strawberry___Leaf_scorch,1.0,Strawberry___Leaf_scorch,1.0,8.592302216947623e-18,True,True,True,1.0,1.0
val,201f9b9c-8b54-422a-8f2a-5d4934341ac9___RS_L.Scorch 0907.JPG,Strawberry___Leaf_scorch,Strawberry___Leaf_scorch,1.0,Strawberry___Leaf_scorch,1.0,1.7763568394002505e-13,True,True,True,1.0,1.0
val,2a986b90-e7a3-4cc3-be5f-a11808071417___RS_L.Scorch 0942.JPG,Strawberry___Leaf_scorch,Strawberry___Leaf_scorch,1.0,Strawberry___Leaf_scorch,1.0,2.222614453595284e-18,True,True,True,1.0,1.0
val,36972d78-29ec-43b7-aa31-c9e2a08e4c35___RS_L.Scorch 1012.JPG,Strawberry___Leaf_scorch,Strawberry___Leaf_scorch,1.0,Strawberry___Leaf_scorch,1.0,8.659739592076221e-15,True,True,True,1.0,1.0
val,47a98502-4839-44cd-b855-fd4d3f9f1810___RS_L.Scorch 0120.JPG,Strawberry___Leaf_scorch,Strawberry___Leaf_scorch,1.0,Strawberry___Leaf_scorch,1.0,5.4752209710517974e-18,True,True,True,1.0,1.0
val,5879315d-20ab-4f95-8a38-3459fd973d5a___RS_L.Scorch 1208.JPG,Strawberry___Leaf_scorch,Strawberry___Leaf_scorch,1.0,Strawberry___Leaf_scorch,1.0,1.0657707355532509e-16,True,True,True,1.0,1.0
val,66eb909e-8046-44cd-95eb-d78ba3f91ccf___RS_L.Scorch 1124.JPG,Strawberry___Leaf_scorch,Strawberry___Leaf_scorch,1.0,Strawberry___Leaf_scorch,1.0,2.067790383364354e-15,True,True,True,1.0,1.0
val,7014ff4d-61a0-427b-8ef0-390eb0ed0120___RS_L.Scorch 1069.JPG,Strawberry___Leaf_scorch,Strawberry___Leaf_scorch,0.9999991655349731,Strawberry___Leaf_scorch,0.9999991655349731,1.0118128557223827e-11,True,True,True,0.9999991655349731,0.9999991655349731
val,7bbe5315-950e-4e0e-9285-84ff29dbf64a___RS_L.Scorch 1104.JPG,Strawberry___Leaf_scorch,Strawberry___Leaf_scorch,1.0,Strawberry___Leaf_scorch,1.0,1.3877787807814457e-17,True,True,True,1.0,1.0
val,815aa30d-7b13-4f1b-8fd6-eae08e7b88e6___RS_L.Scorch 1042.JPG,Strawberry___Leaf_scorch,Strawberry___Leaf_scorch,1.0,Strawberry___Leaf_scorch,1.0,7.049916206369744e-15,True,True,True,1.0,1.0
val,8d86053c-8689-4eb5-beed-6bc0d817237d___RS_L.Scorch 1084.JPG,Strawberry___Leaf_scorch,Strawberry___Leaf_scorch,1.0,Strawberry___Leaf_scorch,1.0,2.194425197110661e-16,True,True,True,1.0,1.0
val,97bcae7e-cee8-4537-aad3-2732e6f1ad88___RS_L.Scorch 1302.JPG,Strawberry___Leaf_scorch,Strawberry___Leaf_scorch,1.0,Strawberry___Leaf_scorch,1.0,8.021361352916756e-15,True,True,True,1.0,1.0
val,aa6f0946-8281-41d0-b5c7-778fe456ff1f___RS_L.Scorch 1046.JPG,Strawberry___Leaf_scorch,Strawberry___Leaf_scorch,1.0,Strawberry___Leaf_scorch,1.0,1.3704315460216776e-16,True,True,True,1.0,1.0
val,b4087a7d-dc29-482f-9be0-ccb61e885577___RS_L.Scorch 1412.JPG,Strawberry___Leaf_scorch,Strawberry___Leaf_scorch,1.0,Strawberry___Leaf_scorch,1.0,5.666578317686799e-13,True,True,True,1.0,1.0
val,bf6d0b94-c850-473c-8725-fddf57f19ac5___RS_L.Scorch 1142.JPG,Strawberry___Leaf_scorch,Strawberry___Leaf_scorch,1.0,Strawberry___Leaf_scorch,1.0,6.783462680459706e-14,True,True,True,1.0,1.0
val,ce8fc718-8129-4da7-8b13-c65f173d2f9d___RS_L.Scorch 1002.JPG,Strawberry___Leaf_scorch,Strawberry___Leaf_scorch,1.0,Strawberry___Leaf_scorch,1.0,2.6020852139652106e-15,True,True,True,1.0,1.0
val,df2ced06-ab91-45fa-be81-42b0458aacd2___RS_L.Scorch 1617.JPG,Strawberry___Leaf_scorch,Strawberry___Leaf_scorch,1.0,Strawberry___Leaf_scorch,1.0,1.4377388168895777e-14,True,True,True,1.0,1.0
val,e9e6f06a-c84c-4b86-8017-845d15da112a___RS_L.Scorch 1443.JPG,Strawberry___Leaf_scorch,Strawberry___Leaf_scorch,1.0,Strawberry___Leaf_scorch,1.0,4.354155924701786e-16,True,True,True,1.0,1.0
val,f72c3e45-ee30-480d-8682-1c216866cdae___RS_L.Scorch 0948.JPG,Strawberry___Leaf_scorch,Strawberry___Leaf_scorch,1.0,Strawberry___Leaf_scorch,1.0,4.9873299934333204e-18,True,True,True,1.0,1.0
val,0045ba29-ed1b-43b4-afde-719cc7adefdb___GCREC_Bact.Sp 6254.JPG,Tomato___Bacterial_spot,Tomato___Bacterial_spot,1.0,Tomato___Bacterial_spot,1.0,5.382361223382759e-13,True,True,True,1.0,1.0
val,0f6384da-7338-4309-b6b2-0d4b1dfe9de3___GCREC_Bact.Sp 6039.JPG,Tomato___Bacterial_spot,Tomato___Bacterial_spot,0.9999971389770508,Tomato___Bacterial_spot,0.9999971389770508,3.9108272176235914e-11,True,True,True,0.9999971389770508,0.9999971389770508
val,17bcc3fa-9905-4fcf-938b-c5e63e214718___GCREC_Bact.Sp 6329.JPG,Tomato___Bacterial_spot,Tomato___Bacterial_spot,1.0,Tomato___Bacterial_spot,1.0,1.545430450278218e-13,True,True,True,1.0,1.0
val,23ee3cb6-dba9-479c-ae1e-ea34028f8066___GCREC_Bact.Sp 5753.JPG,Tomato___Bacterial_spot,Tomato___Bacterial_spot,0.9999691247940063,Tomato___Bacterial_spot,0.9999691247940063,1.964508555829525e-10,True,True,True,0.9999691247940063,0.9999691247940063
val,32231fc1-ec78-45c6-9c7a-8412a7e38a25___GCREC_Bact.Sp 6143.JPG,Tomato___Bacterial_spot,Tomato___Bacterial_spot,1.0,Tomato___Bacterial_spot,1.0,2.5673907444456745e-15,True,True,True,1.0,1.0
val,3f75dffc-41bb-4db0-bc3f-a8879e1f4523___GCREC_Bact.Sp 3601.JPG,Tomato___Bacterial_spot,Tomato___Bacterial_spot,0.9999749660491943,Tomato___Bacterial_spot,0.9999749660491943,7.621565600857139e-10,True,True,True,0.9999749660491943,0.9999749660491943
val,4d0a8955-1ad3-4181-9d08-4bedf2cdc4b6___GCREC_Bact.Sp 3657.JPG,Tomato___Bacterial_spot,Tomato___Bacterial_spot,0.9999992847442627,Tomato___Bacterial_spot,0.9999992847442627,2.7284841053187847e-12,True,True,True,0.9999992847442627,0.9999992847442627
val,5d1f3889-f029-4ebd-834d-9e39d775b070___GCREC_Bact.Sp 5996.JPG,Tomato___Bacterial_spot,Tomato___Bacterial_spot,0.9999897480010986,Tomato___Bacterial_spot,0.9999898672103882,1.1920928955078125e-07,True,True,True,0.9999897480010986,0.9999898672103882
val,6d0cbb2e-599e-4637-bb5f-8641dc17e6fb___GCREC_Bact.Sp 3386.JPG,Tomato___Bacterial_spot,Tomato___Bacterial_spot,0.9997019171714783,Tomato___Bacterial_spot,0.9997019171714783,3.259629011154175e-09,True,True,True,0.9997019171714783,0.9997019171714783
val,7791a7b8-52b2-42fa-8aee-71fcae8d9ee4___GCREC_Bact.Sp 6374.JPG,Tomato___Bacterial_spot,Tomato___Bacterial_spot,0.9999973773956299,Tomato___Bacterial_spot,0.9999974966049194,1.1920928955078125e-07,True,True,True,0.9999973773956299,0.9999974966049194
val,83e484bc-0e3e-4e57-b5a4-9e8d85f03cfb___GCREC_Bact.Sp 3837.JPG,Tomato___Bacterial_spot,Tomato___Bacterial_spot,0.9999799728393555,Tomato___Bacterial_spot,0.999980092048645,1.1920928955078125e-07,True,True,True,0.9999799728393555,0.999980092048645
val,8c9f86a5-70df-4ab0-bb33-1bd4ea9cb91e___UF.GRC_BS_Lab Leaf 0846.JPG,Tomato___Bacterial_spot,Tomato___Bacterial_spot,1.0,Tomato___Bacterial_spot,1.0,9.325873406851315e-14,True,True,True,1.0,1.0
val,965f8fae-c0d9-44a1-a203-3335b5f1fb74___GCREC_Bact.Sp 3391.JPG,Tomato___Bacterial_spot,Tomato___Bacterial_spot,0.9999998807907104,Tomato___Bacterial_spot,0.9999998807907104,2.6858515411731787e-12,True,True,True,0.9999998807907104,0.9999998807907104
val,a4106180-8662-4e07-b7dd-3a80c7fd08dd___GCREC_Bact.Sp 6230.JPG,Tomato___Bacterial_spot,Tomato___Bacterial_spot,0.9999885559082031,Tomato___Bacterial_spot,0.9999885559082031,1.4915713109076023e-10,True,True,True,0.9999885559082031,0.9999885559082031
val,b2e02801-9306-4703-b1cd-d9247fa17a11___GCREC_Bact.Sp 6296.JPG,Tomato___Bacterial_spot,Tomato___Bacterial_spot,0.9999998807907104,Tomato___Bacterial_spot,0.9999998807907104,1.3926637620897964e-12,True,True,True,0.9999998807907104,0.9999998807907104
val,be485aa1-5ab6-45d4-931c-e9d90a7b5488___GCREC_Bact.Sp 3455.JPG,Tomato___Bacterial_spot,Tomato___Bacterial_spot,0.9999916553497314,Tomato___Bacterial_spot,0.9999915361404419,1.1920928955078125e-07,True,True,True,0.9999916553497314,0.9999915361404419
val,d2cbc8f4-b632-47de-bc45-edeb4f0911f1___GCREC_Bact.Sp 5994.JPG,Tomato___Bacterial_spot,Tomato___Bacterial_spot,0.9994295239448547,Tomato___Bacterial_spot,0.9994295239448547,1.0069925338029861e-08,True,True,True,0.9994295239448547,0.9994295239448547
val,dc0911a0-8c66-412c-82ec-6070f2ca0b8b___GCREC_Bact.Sp 6011.JPG,Tomato___Bacterial_spot,Tomato___Bacterial_spot,0.9999934434890747,Tomato___Bacterial_spot,0.9999934434890747,3.728928277269006e-11,True,True,True,0.9999934434890747,0.9999934434890747
val,e797fd83-e984-4df6-a3a2-c19a95d19576___GCREC_Bact.Sp 3425.JPG,Tomato___Bacterial_spot,Tomato___Bacterial_spot,0.9999997615814209,Tomato___Bacterial_spot,0.9999997615814209,3.836930773104541e-12,True,True,True,0.9999997615814209,0.9999997615814209
val,f6084490-18e3-489a-9144-4584db9c1d38___GCREC_Bact.Sp 3049.JPG,Tomato___Bacterial_spot,Tomato___Bacterial_spot,0.9999983310699463,Tomato___Bacterial_spot,0.9999983310699463,1.375610736431554e-11,True,True,True,0.9999983310699463,0.9999983310699463
val,00c5c908-fc25-4710-a109-db143da23112___RS_Erly.B 7778.JPG,Tomato___Early_blight,Tomato___Early_blight,0.9903745651245117,Tomato___Early_blight,0.9903746247291565,5.960464477539063e-08,True,True,True,0.9903745651245117,0.9903746247291565
val,11922494-321b-4742-afbe-f6db6a8b4005___RS_Erly.B 9392_flipTB.JPG,Tomato___Early_blight,Tomato___Early_blight,0.9993347525596619,Tomato___Early_blight,0.9993347525596619,2.4156179279088974e-09,True,True,True,0.9993347525596619,0.9993347525596619
val,239213d8-587b-48a8-bfdf-03157ba8e95d___RS_Erly.B 6385.JPG,Tomato___Early_blight,Tomato___Early_blight,0.9999874830245972,Tomato___Early_blight,0.9999874830245972,1.4370016288012266e-10,True,True,True,0.9999874830245972,0.9999874830245972
val,29345423-647e-4e1b-81f4-16d8cfc0e137___RS_Erly.B 7422_flipTB.JPG,Tomato___Early_blight,Tomato___Early_blight,0.9999994039535522,Tomato___Early_blight,0.9999994039535522,2.7284841053187847e-12,True,True,True,0.9999994039535522,0.9999994039535522
val,3592b22c-09cd-4005-97c4-cdd11318cce0___RS_Erly.B 9391_180deg.JPG,Tomato___Early_blight,Tomato___Early_blight,0.9992535710334778,Tomato___Early_blight,0.9992534518241882,1.1920928955078125e-07,True,True,True,0.9992535710334778,0.9992534518241882
val,42c0d61f-b28e-43e9-9fa3-bb03c6ec086a___RS_Erly.B 9601_180deg.JPG,Tomato___Early_blight,Tomato___Early_blight,0.9999605417251587,Tomato___Early_blight,0.9999605417251587,1.0732037480920553e-10,True,True,True,0.9999605417251587,0.9999605417251587
val,579c6b36-c17e-4510-a1ba-31cabbb0951f___RS_Erly.B 7517.JPG,Tomato___Early_blight,Tomato___Early_blight,0.9999997615814209,Tomato___Early_blight,0.9999997615814209,3.538502824085299e-12,True,True,True,0.9999997615814209,0.9999997615814209
val,65bcbda1-eee5-4bab-ab07-128c2a2f8ed4___RS_Erly.B 7461.JPG,Tomato___Early_blight,Tomato___Early_blight,1.0,Tomato___Early_blight,1.0,2.042810365310288e-14,True,True,True,1.0,1.0
val,7621d943-ed1a-4ffb-8fa4-8c12d50424de___RS_Erly.B 8322.JPG,Tomato___Early_blight,Tomato___Early_blight,0.989963948726654,Tomato___Early_blight,0.989963948726654,7.450580596923828e-08,True,True,True,0.989963948726654,0.989963948726654
val,90b9c783-480b-4f9b-a97a-d632f60a8f24___RS_Erly.B 9566.JPG,Tomato___Early_blight,Tomato___Early_blight,0.9999986886978149,Tomato___Early_blight,0.9999986886978149,4.1950443119276315e-11,True,True,True,0.9999986886978149,0.9999986886978149
val,a1d275d1-5405-4829-9328-4225ffe69506___RS_Erly.B 7515.JPG,Tomato___Early_blight,Tomato___Early_blight,0.9999901056289673,Tomato___Early_blight,0.9999901056289673,2.1373125491663814e-10,True,True,True,0.9999901056289673,0.9999901056289673
val,a87f4fa1-5d7b-42e9-81ed-127aa62ad1e6___RS_Erly.B 8258_180deg.JPG,Tomato___Early_blight,Tomato___Early_blight,1.0,Tomato___Early_blight,1.0,5.88418203051333e-15,True,True,True,1.0,1.0
val,b24f8f98-4bfe-4605-85f5-738fc09e58fe___RS_Erly.B 6406_flipTB.JPG,Tomato___Early_blight,Tomato___Early_blight,0.9191220998764038,Tomato___Early_blight,0.919121503829956,6.07222318649292e-07,True,True,True,0.9191220998764038,0.919121503829956
val,bb843f3f-a4cd-4a42-94ff-152199d78895___RS_Erly.B 7381.JPG,Tomato___Early_blight,Tomato___Early_blight,0.6687738299369812,Tomato___Early_blight,0.6687721610069275,1.6689300537109375e-06,True,True,True,0.6687738299369812,0.6687721610069275
val,c29f66a1-5df9-4bd7-a6cd-89a0d4a4cba5___RS_Erly.B 9608_180deg.JPG,Tomato___Early_blight,Tomato___Early_blight,0.9999996423721313,Tomato___Early_blight,0.9999996423721313,4.931166586175095e-12,True,True,True,0.9999996423721313,0.9999996423721313
val,cab96269-77a2-47cd-bfdf-02ad2535293d___RS_Erly.B 8439_flipTB.JPG,Tomato___Early_blight,Tomato___Early_blight,0.9999276399612427,Tomato___Early_blight,0.9999276399612427,4.001776687800884e-10,True,True,True,0.9999276399612427,0.9999276399612427
val,dbbc206a-90ab-4b29-abe0-5613028278be___RS_Erly.B 8409.JPG,Tomato___Early_blight,Tomato___Early_blight,0.9999629259109497,Tomato___Early_blight,0.9999629259109497,1.2005330063402653e-10,True,True,True,0.9999629259109497,0.9999629259109497
val,e63371a7-2fb1-4446-9fb2-6d679485d2b0___RS_Erly.B 8415_180deg.JPG,Tomato___Early_blight,Tomato___Early_blight,0.9996716976165771,Tomato___Early_blight,0.9996716976165771,8.09086486697197e-09,True,True,True,0.9996716976165771,0.9996716976165771
val,f0763973-1898-4ae6-9350-c9b61976c600___RS_Erly.B 6456_flipTB.JPG,Tomato___Early_blight,Tomato___Early_blight,0.9985851049423218,Tomato___Early_blight,0.9985851049423218,1.3387762010097504e-08,True,True,True,0.9985851049423218,0.9985851049423218
val,f93578b3-4b98-4b13-95c3-495c656963f4___RS_Erly.B 8340.JPG,Tomato___Early_blight,Tomato___Early_blight,0.9403770565986633,Tomato___Early_blight,0.9403771162033081,1.7136335372924805e-07,True,True,True,0.9403770565986633,0.9403771162033081
val,000bf685-b305-408b-91f4-37030f8e62db___GH_HL Leaf 308.1.JPG,Tomato___healthy,Tomato___healthy,0.9999984502792358,Tomato___healthy,0.9999984502792358,2.9558577807620168e-12,True,True,True,0.9999984502792358,0.9999984502792358
val,0764cff7-f198-467a-9afd-d9f0c7bcf7c9___RS_HL 0443.JPG,Tomato___healthy,Tomato___healthy,0.9999994039535522,Tomato___healthy,0.9999994039535522,2.5693225325085223e-11,True,True,True,0.9999994039535522,0.9999994039535522
val,0e3feb72-86e5-41c2-a7ca-3295800e5777___RS_HL 0158_newPixel25.JPG,Tomato___healthy,Tomato___healthy,0.9998924732208252,Tomato___healthy,0.9998924732208252,1.6880221664905548e-09,True,True,True,0.9998924732208252,0.9998924732208252
val,166b90f5-3bba-4aea-9bc4-212efb57a504___RS_HL 0377.JPG,Tomato___healthy,Tomato___healthy,1.0,Tomato___healthy,1.0,2.8727020762175925e-15,True,True,True,1.0,1.0
val,1ca23194-53c1-44a9-973a-39aa073f4a33___RS_HL 0058_flipTB.JPG,Tomato___healthy,Tomato___healthy,1.0,Tomato___healthy,1.0,4.0245584642661925e-16,True,True,True,1.0,1.0
val,1f43d81a-6889-4613-a727-f92a75cf9861___RS_HL 0297.JPG,Tomato___healthy,Tomato___healthy,1.0,Tomato___healthy,1.0,1.3213713977167085e-19,True,True,True,1.0,1.0
val,28200010-ba2b-41f7-9dff-94d86019488e___GH_HL Leaf 366.JPG,Tomato___healthy,Tomato___healthy,1.0,Tomato___healthy,1.0,1.6431300764452317e-14,True,True,True,1.0,1.0
val,2d66100e-9a61-412b-95da-2b852de7a447___RS_HL 9950.JPG,Tomato___healthy,Tomato___healthy,1.0,Tomato___healthy,1.0,5.134781488891349e-15,True,True,True,1.0,1.0
val,3b0d89df-61d0-407f-9a26-661c8bb730cf___GH_HL Leaf 242.JPG,Tomato___healthy,Tomato___healthy,0.9999998807907104,Tomato___healthy,0.9999998807907104,2.1742607714259066e-12,True,True,True,0.9999998807907104,0.9999998807907104
val,3e6c73ad-cfcb-4614-b927-150c2c642c9e___RS_HL 0074_new30degFlipLR.JPG,Tomato___healthy,Tomato___healthy,1.0,Tomato___healthy,1.0,2.9398705692074145e-13,True,True,True,1.0,1.0
val,4946ed4e-9003-485c-830f-1ef42bf78185___RS_HL 0191.JPG,Tomato___healthy,Tomato___healthy,1.0,Tomato___healthy,1.0,1.3633538742396922e-13,True,True,True,1.0,1.0
val,4d374048-0e08-4a09-ae57-e83f8e64082b___RS_HL 0564.JPG,Tomato___healthy,Tomato___healthy,1.0,Tomato___healthy,1.0,7.37188088351104e-14,True,True,True,1.0,1.0
val,5f887895-963a-4a96-8962-5af383dbe29a___GH_HL Leaf 425.1.JPG,Tomato___healthy,Tomato___healthy,1.0,Tomato___healthy,1.0,2.3447910280083306e-13,True,True,True,1.0,1.0
val,776714ac-7a89-4449-bde9-9b9911f1a371___RS_HL 9886.JPG,Tomato___healthy,Tomato___healthy,1.0,Tomato___healthy,1.0,7.806255641895632e-16,True,True,True,1.0,1.0
val,8c43c178-69de-4e23-a075-1f0bdbf586db___RS_HL 0637.JPG,Tomato___healthy,Tomato___healthy,1.0,Tomato___healthy,1.0,8.520961713998076e-15,True,True,True,1.0,1.0
val,a1aa732c-1c39-4c6b-b5d1-e0ea7a8587a5___RS_HL 0565.JPG,Tomato___healthy,Tomato___healthy,1.0,Tomato___healthy,1.0,2.688821387764051e-16,True,True,True,1.0,1.0
val,b67b2bfe-af4a-45ce-8df0-ab679ac9c559___RS_HL 9797.JPG,Tomato___healthy,Tomato___healthy,1.0,Tomato___healthy,1.0,1.0026701691145945e-15,True,True,True,1.0,1.0
val,ca6ad351-41f5-4893-8188-1c1c4b4184b4___GH_HL Leaf 496.4.JPG,Tomato___healthy,Tomato___healthy,0.999752938747406,Tomato___healthy,0.999752938747406,4.656612873077393e-10,True,True,True,0.999752938747406,0.999752938747406
val,da5c938a-1baf-46cb-b1e6-c3bfef99b816___RS_HL 9981.JPG,Tomato___healthy,Tomato___healthy,1.0,Tomato___healthy,1.0,2.3803181647963356e-13,True,True,True,1.0,1.0
val,ebdffabc-9920-4d0b-9f7d-7fb3ee5b731e___RS_HL 0099.JPG,Tomato___healthy,Tomato___healthy,1.0,Tomato___healthy,1.0,5.3179682879545e-14,True,True,True,1.0,1.0
val,00355ec2-f12c-4015-b8f9-94354f69ce22___RS_Late.B 5311.JPG,Tomato___Late_blight,Tomato___Late_blight,0.9999982118606567,Tomato___Late_blight,0.9999982118606567,6.661338147750939e-16,True,True,True,0.9999982118606567,0.9999982118606567
val,0ab1cab4-a0c9-4323-9a64-cdafa4342a9b___GHLB2 Leaf 8918.JPG,Tomato___Late_blight,Tomato___Late_blight,1.0,Tomato___Late_blight,1.0,6.661338147750939e-14,True,True,True,1.0,1.0
val,0f575c94-5c7d-4058-9e65-9046572f9370___GHLB2 Leaf 8956.JPG,Tomato___Late_blight,Tomato___Late_blight,1.0,Tomato___Late_blight,1.0,4.298783551348606e-13,True,True,True,1.0,1.0
val,19f3e2cd-2900-4043-bb15-31a0098d26b9___RS_Late.B 5197.JPG,Tomato___Late_blight,Tomato___Late_blight,0.8245631456375122,Tomato___Late_blight,0.8245632648468018,1.341104507446289e-07,True,True,True,0.8245631456375122,0.8245632648468018
val,2325473b-e5b1-42b2-a569-647f3db554bb___GHLB2 Leaf 157.JPG,Tomato___Late_blight,Tomato___Late_blight,1.0,Tomato___Late_blight,1.0,2.6645352591003757e-14,True,True,True,1.0,1.0
val,31df9041-c8b0-4ebb-93f7-cdac5338723b___GHLB Leaf 3.1 Day 1.JPG,Tomato___Late_blight,Tomato___Late_blight,0.999957799911499,Tomato___Late_blight,0.9999576807022095,1.1920928955078125e-07,True,True,True,0.999957799911499,0.9999576807022095
val,3d89871d-557a-414e-b726-8f4ba18d30e4___GHLB2 Leaf 8922.JPG,Tomato___Late_blight,Tomato___Late_blight,1.0,Tomato___Late_blight,1.0,3.6415315207705135e-14,True,True,True,1.0,1.0
val,43eb2436-bdba-4f67-8f51-d92c8f040690___GHLB2ES Leaf 141.1.JPG,Tomato___Late_blight,Tomato___Late_blight,0.9999537467956543,Tomato___Late_blight,0.9999537467956543,3.7834979593753815e-10,True,True,True,0.9999537467956543,0.9999537467956543
val,507c7851-098d-456f-b7c6-49754caa5ee8___GHLB2 Leaf 9082.JPG,Tomato___Late_blight,Tomato___Late_blight,1.0,Tomato___Late_blight,1.0,9.769962616701378e-14,True,True,True,1.0,1.0
val,61237cd7-ac87-4720-90ed-299e39f520e1___RS_Late.B 5005.JPG,Tomato___Late_blight,Tomato___Late_blight,0.9999998807907104,Tomato___Late_blight,0.9999998807907104,2.3305801732931286e-12,True,True,True,0.9999998807907104,0.9999998807907104
val,6fc04152-9f3d-46c0-93b9-a0d23edcd1e2___GHLB2 Leaf 84.4.JPG,Tomato___Late_blight,Tomato___Late_blight,0.9999786615371704,Tomato___Late_blight,0.9999786615371704,7.275957614183426e-11,True,True,True,0.9999786615371704,0.9999786615371704
val,7eb30afe-7975-487a-8dd2-bf72634967a8___GHLB2ES Leaf 136.1_flipLR.JPG,Tomato___Late_blight,Tomato___Late_blight,1.0,Tomato___Late_blight,1.0,4.796163466380676e-14,True,True,True,1.0,1.0
val,873aa4b3-61f8-473a-8fd3-b39ede9376c4___RS_Late.B 4829.JPG,Tomato___Late_blight,Tomato___Late_blight,0.9998478889465332,Tomato___Late_blight,0.9998478889465332,2.837623469531536e-10,True,True,True,0.9998478889465332,0.9998478889465332
val,94610792-2d20-4889-9d10-f513c061a88d___RS_Late.B 5317.JPG,Tomato___Late_blight,Tomato___Late_blight,0.9999998807907104,Tomato___Late_blight,0.9999998807907104,6.536993168992922e-13,True,True,True,0.9999998807907104,0.9999998807907104
val,a0fe466c-9953-4458-9621-65377e474227___RS_Late.B 6973.JPG,Tomato___Late_blight,Tomato___Late_blight,0.9996471405029297,Tomato___Late_blight,0.9996470212936401,1.1920928955078125e-07,True,True,True,0.9996471405029297,0.9996470212936401
val,b07f5c6e-2e85-4b45-a166-522cc484619c___RS_Late.B 6276.JPG,Tomato___Late_blight,Tomato___Late_blight,0.999946117401123,Tomato___Late_blight,0.999946117401123,5.165929906070232e-10,True,True,True,0.999946117401123,0.999946117401123
val,bf0b58c2-1d95-4f37-80ea-1bcd82e9c59b___GHLB2 Leaf 145.4.JPG,Tomato___Late_blight,Tomato___Late_blight,0.9999997615814209,Tomato___Late_blight,0.9999997615814209,4.760636329592671e-12,True,True,True,0.9999997615814209,0.9999997615814209
val,cc5c76c0-2858-483e-8f1e-4e472116725b___RS_Late.B 5629.JPG,Tomato___Late_blight,Tomato___Late_blight,0.9998983144760132,Tomato___Late_blight,0.9998981952667236,1.1920928955078125e-07,True,True,True,0.9998983144760132,0.9998981952667236
val,d7b354a6-7044-408d-85ee-b34576e901a4___RS_Late.B 4872.JPG,Tomato___Late_blight,Tomato___Late_blight,0.9999996423721313,Tomato___Late_blight,0.9999995231628418,1.1920928955078125e-07,True,True,True,0.9999996423721313,0.9999995231628418
val,eb7dd120-4002-4c01-a06a-1b32ad93a7a3___GHLB2 Leaf 9110.JPG,Tomato___Late_blight,Tomato___Late_blight,0.9999998807907104,Tomato___Late_blight,0.9999998807907104,2.877698079828406e-13,True,True,True,0.9999998807907104,0.9999998807907104
val,022a4dfb-84cc-45cb-81c5-a620817e31cb___Crnl_L.Mold 6926.JPG,Tomato___Leaf_Mold,Tomato___Leaf_Mold,0.9999970197677612,Tomato___Leaf_Mold,0.9999969005584717,1.1920928955078125e-07,True,True,True,0.9999970197677612,0.9999969005584717
val,128f8a8f-257f-4fb1-b4c3-4eeb524af355___Crnl_L.Mold 8985_flipTB.JPG,Tomato___Leaf_Mold,Tomato___Leaf_Mold,1.0,Tomato___Leaf_Mold,1.0,5.273559366969494e-16,True,True,True,1.0,1.0
val,241287d9-30c8-4463-999c-821fd32ba894___Crnl_L.Mold 6583_flipTB.JPG,Tomato___Leaf_Mold,Tomato___Leaf_Mold,0.9999381303787231,Tomato___Leaf_Mold,0.9999381303787231,3.601599019020796e-10,True,True,True,0.9999381303787231,0.9999381303787231
val,41836b15-e96b-4d31-98c5-f9078970dd21___Crnl_L.Mold 6530.JPG,Tomato___Leaf_Mold,Tomato___Leaf_Mold,0.9999934434890747,Tomato___Leaf_Mold,0.9999934434890747,3.092281986027956e-11,True,True,True,0.9999934434890747,0.9999934434890747
val,460faa12-8c7a-458b-a6a1-90c71cc73fad___Crnl_L.Mold 9102.JPG,Tomato___Leaf_Mold,Tomato___Leaf_Mold,0.9999791383743286,Tomato___Leaf_Mold,0.9999791383743286,7.821654435247183e-11,True,True,True,0.9999791383743286,0.9999791383743286
val,51189dab-468d-4304-8368-d0e4e3247194___Crnl_L.Mold 6667.JPG,Tomato___Leaf_Mold,Tomato___Leaf_Mold,0.9999983310699463,Tomato___Leaf_Mold,0.9999983310699463,1.7848833522293717e-11,True,True,True,0.9999983310699463,0.9999983310699463
val,629b73e7-834a-4b53-a164-bdc3a2030417___Crnl_L.Mold 8816.JPG,Tomato___Leaf_Mold,Tomato___Leaf_Mold,0.9999996423721313,Tomato___Leaf_Mold,0.9999995231628418,1.1920928955078125e-07,True,True,True,0.9999996423721313,0.9999995231628418
val,70e4ee54-f85e-461b-a35b-e35deb567620___Crnl_L.Mold 6516_180deg.JPG,Tomato___Leaf_Mold,Tomato___Leaf_Mold,0.999976396560669,Tomato___Leaf_Mold,0.999976396560669,8.913048077374697e-11,True,True,True,0.999976396560669,0.999976396560669
val,86bcc70f-66dd-40ec-8bf5-d260f58cb25d___Crnl_L.Mold 7004.JPG,Tomato___Leaf_Mold,Tomato___Leaf_Mold,0.9942814111709595,Tomato___Leaf_Mold,0.9942814111709595,2.0256265997886658e-08,True,True,True,0.9942814111709595,0.9942814111709595
val,91fca18d-8401-46d7-a173-cc549261b37f___Crnl_L.Mold 8662_flipTB.JPG,Tomato___Leaf_Mold,Tomato___Leaf_Mold,0.9999997615814209,Tomato___Leaf_Mold,0.9999997615814209,2.0179413695586845e-12,True,True,True,0.9999997615814209,0.9999997615814209
val,a3e7a5cc-1dbc-4492-8a07-15c12c97493f___Crnl_L.Mold 6548_180deg.JPG,Tomato___Leaf_Mold,Tomato___Leaf_Mold,1.0,Tomato___Leaf_Mold,1.0,4.413136522884997e-15,True,True,True,1.0,1.0
val,af1c1bf4-43b5-47ff-aade-ebd32635f77a___Crnl_L.Mold 7045_180deg.JPG,Tomato___Leaf_Mold,Tomato___Leaf_Mold,1.0,Tomato___Leaf_Mold,1.0,2.398081733190338e-14,True,True,True,1.0,1.0
val,b5bff13f-7b25-4725-af06-11769005cda1___Crnl_L.Mold 8930_180deg.JPG,Tomato___Leaf_Mold,Tomato___Leaf_Mold,0.999996542930603,Tomato___Leaf_Mold,0.999996542930603,8.458300726488233e-11,True,True,True,0.999996542930603,0.999996542930603
val,bd7a67e8-4478-4e01-833a-5a89ee777543___Crnl_L.Mold 7021_180deg.JPG,Tomato___Leaf_Mold,Tomato___Leaf_Mold,0.9999898672103882,Tomato___Leaf_Mold,0.9999898672103882,1.3733369996771216e-10,True,True,True,0.9999898672103882,0.9999898672103882
val,c6583f61-77e9-4417-aed3-44198e567580___Crnl_L.Mold 8947_180deg.JPG,Tomato___Leaf_Mold,Tomato___Leaf_Mold,0.9999994039535522,Tomato___Leaf_Mold,0.9999995231628418,1.1920928955078125e-07,True,True,True,0.9999994039535522,0.9999995231628418
val,cc4dfd3c-fca5-43ce-8532-dc78020d9f62___Crnl_L.Mold 9156_180deg.JPG,Tomato___Leaf_Mold,Tomato___Leaf_Mold,1.0,Tomato___Leaf_Mold,1.0,3.316791286067655e-15,True,True,True,1.0,1.0
val,d47ea382-40cb-4126-a2bc-6578c30f9b78___Crnl_L.Mold 6801_180deg.JPG,Tomato___Leaf_Mold,Tomato___Leaf_Mold,0.9999998807907104,Tomato___Leaf_Mold,0.9999998807907104,1.0800249583553523e-12,True,True,True,0.9999998807907104,0.9999998807907104
val,e5296fcd-8354-4c8c-8e91-777fe4d9555b___Crnl_L.Mold 8973_180deg.JPG,Tomato___Leaf_Mold,Tomato___Leaf_Mold,0.999998927116394,Tomato___Leaf_Mold,0.9999990463256836,1.1920928955078125e-07,True,True,True,0.999998927116394,0.9999990463256836
val,f1cba359-4553-46a7-a1b3-3b6dbbcb81ae___Crnl_L.Mold 7151_180deg.JPG,Tomato___Leaf_Mold,Tomato___Leaf_Mold,1.0,Tomato___Leaf_Mold,1.0,1.0547118733938987e-15,True,True,True,1.0,1.0
val,f7a5605e-ac92-4352-9ae7-1338aa77e8d1___Crnl_L.Mold 6630_180deg.JPG,Tomato___Leaf_Mold,Tomato___Leaf_Mold,0.9999988079071045,Tomato___Leaf_Mold,0.9999986886978149,1.1920928955078125e-07,True,True,True,0.9999988079071045,0.9999986886978149
val,0025c401-7785-49c5-8bef-780a8a0d3652___Matt.S_CG 2694.JPG,Tomato___Septoria_leaf_spot,Tomato___Septoria_leaf_spot,0.9999991655349731,Tomato___Septoria_leaf_spot,0.9999992847442627,1.1920928955078125e-07,True,True,True,0.9999991655349731,0.9999992847442627
val,0ab271a7-765e-4675-8bfc-e249c0c86fdd___Keller.St_CG 1778_180deg.JPG,Tomato___Septoria_leaf_spot,Tomato___Septoria_leaf_spot,0.9999890327453613,Tomato___Septoria_leaf_spot,0.9999890327453613,1.014086592476815e-10,True,True,True,0.9999890327453613,0.9999890327453613
val,1747b1ad-eb6e-457b-a979-cead92fc123e___Matt.S_CG 7591.JPG,Tomato___Septoria_leaf_spot,Tomato___Septoria_leaf_spot,0.9999864101409912,Tomato___Septoria_leaf_spot,0.9999864101409912,5.184119800105691e-11,True,True,True,0.9999864101409912,0.9999864101409912
val,1f01e6fc-e4a2-4f40-bd17-bb3852cef631___Keller.St_CG 1825.JPG,Tomato___Septoria_leaf_spot,Tomato___Septoria_leaf_spot,0.9999994039535522,Tomato___Septoria_leaf_spot,0.9999994039535522,3.254285729781259e-12,True,True,True,0.9999994039535522,0.9999994039535522
val,2567c820-aa63-490c-8e47-921b85164728___Matt.S_CG 7447.JPG,Tomato___Septoria_leaf_spot,Tomato___Septoria_leaf_spot,0.9999992847442627,Tomato___Septoria_leaf_spot,0.9999992847442627,3.979039320256561e-13,True,True,True,0.9999992847442627,0.9999992847442627
val,305388b4-9b47-499c-bbd5-4bf9db035da9___Matt.S_CG 2569.JPG,Tomato___Septoria_leaf_spot,Tomato___Septoria_leaf_spot,0.9999972581863403,Tomato___Septoria_leaf_spot,0.9999972581863403,1.4210854715202004e-11,True,True,True,0.9999972581863403,0.9999972581863403
val,3ba26d58-4f12-49ac-b818-e32b953a81ee___JR_Sept.L.S 2655.JPG,Tomato___Septoria_leaf_spot,Tomato___Septoria_leaf_spot,0.9999969005584717,Tomato___Septoria_leaf_spot,0.9999969005584717,1.2050804798491299e-11,True,True,True,0.9999969005584717,0.9999969005584717
val,459141fb-4e81-4e44-a66a-0d4a629fa755___Matt.S_CG 2516.JPG,Tomato___Septoria_leaf_spot,Tomato___Septoria_leaf_spot,0.9999978542327881,Tomato___Septoria_leaf_spot,0.9999980926513672,2.384185791015625e-07,True,True,True,0.9999978542327881,0.9999980926513672
val,4d4d398a-daf4-4013-9f92-f39dd34abf35___Keller.St_CG 2010_180deg.JPG,Tomato___Septoria_leaf_spot,Tomato___Septoria_leaf_spot,0.9993606209754944,Tomato___Septoria_leaf_spot,0.9993607401847839,1.1920928955078125e-07,True,True,True,0.9993606209754944,0.9993607401847839
val,571f27fb-8d57-4d5e-8963-928e9960b18b___Keller.St_CG 1833.JPG,Tomato___Septoria_leaf_spot,Tomato___Septoria_leaf_spot,0.9999876022338867,Tomato___Septoria_leaf_spot,0.9999877214431763,1.1920928955078125e-07,True,True,True,0.9999876022338867,0.9999877214431763
val,6dd10d1f-99af-4292-be90-aa038682da34___Matt.S_CG 1006.JPG,Tomato___Septoria_leaf_spot,Tomato___Septoria_leaf_spot,0.9999998807907104,Tomato___Septoria_leaf_spot,0.9999998807907104,1.5845103007450234e-12,True,True,True,0.9999998807907104,0.9999998807907104
val,7dd7354c-7c02-4086-8b19-e6d8d4083c29___Matt.S_CG 6250.JPG,Tomato___Septoria_leaf_spot,Tomato___Septoria_leaf_spot,1.0,Tomato___Septoria_leaf_spot,1.0,9.14823772291129e-14,True,True,True,1.0,1.0
val,8ea5ab78-1e1f-4f6b-97b0-84550af26040___Keller.St_CG 2039.JPG,Tomato___Septoria_leaf_spot,Tomato___Septoria_leaf_spot,0.9999076128005981,Tomato___Septoria_leaf_spot,0.9999074935913086,1.1920928955078125e-07,True,True,True,0.9999076128005981,0.9999074935913086
val,a1769cf0-7a8b-480e-865e-608b5e14534f___Keller.St_CG 1893.JPG,Tomato___Septoria_leaf_spot,Tomato___Septoria_leaf_spot,0.9997356534004211,Tomato___Septoria_leaf_spot,0.9997356534004211,2.6193447411060333e-09,True,True,True,0.9997356534004211,0.9997356534004211
val,afe0abc2-6168-4d8c-9b47-3eb99644c0b6___Matt.S_CG 7782.JPG,Tomato___Septoria_leaf_spot,Tomato___Septoria_leaf_spot,0.9998952150344849,Tomato___Septoria_leaf_spot,0.9998952150344849,1.9572325982153416e-09,True,True,True,0.9998952150344849,0.9998952150344849
val,bef6003b-6464-4498-9b5d-c69ded9cea76___Matt.S_CG 7771.JPG,Tomato___Septoria_leaf_spot,Tomato___Septoria_leaf_spot,0.9464792609214783,Tomato___Septoria_leaf_spot,0.9464797973632812,5.364418029785156e-07,True,True,True,0.9464792609214783,0.9464797973632812
val,ca93b31d-6ade-47db-a05a-312fc23b5e5e___Matt.S_CG 5988.JPG,Tomato___Septoria_leaf_spot,Tomato___Septoria_leaf_spot,0.9999361038208008,Tomato___Septoria_leaf_spot,0.9999362230300903,1.1920928955078125e-07,True,True,True,0.9999361038208008,0.9999362230300903
val,d8c33d6a-3aad-4714-9eec-3353a008e67f___Keller.St_CG 1980.JPG,Tomato___Septoria_leaf_spot,Tomato___Septoria_leaf_spot,0.9999998807907104,Tomato___Septoria_leaf_spot,1.0,1.1920928955078125e-07,True,True,True,0.9999998807907104,1.0
val,e55e5031-3f13-4784-b8fc-6663323fc073___Keller.St_CG 1877.JPG,Tomato___Septoria_leaf_spot,Tomato___Septoria_leaf_spot,0.9999997615814209,Tomato___Septoria_leaf_spot,0.9999998807907104,1.1920928955078125e-07,True,True,True,0.9999997615814209,0.9999998807907104
val,f4c72190-f1cf-4421-9cb1-bc69b5b621dd___JR_Sept.L.S 2509.JPG,Tomato___Septoria_leaf_spot,Tomato___Septoria_leaf_spot,0.9999997615814209,Tomato___Septoria_leaf_spot,0.9999997615814209,8.668621376273222e-12,True,True,True,0.9999997615814209,0.9999997615814209
val,003a5321-0430-42dd-a38d-30ac4563f4ba___Com.G_TgS_FL 8121.JPG,Tomato___Target_Spot,Tomato___Target_Spot,0.9999887943267822,Tomato___Target_Spot,0.9999887943267822,5.5933924159035087e-11,True,True,True,0.9999887943267822,0.9999887943267822
val,0b0e5158-180e-487c-b4a7-1ee496473147___Com.G_TgS_FL 9932_180deg.JPG,Tomato___Target_Spot,Tomato___Target_Spot,0.9990779161453247,Tomato___Target_Spot,0.9990777969360352,1.1920928955078125e-07,True,True,True,0.9990779161453247,0.9990777969360352
val,13eeb215-0df7-48c3-a6ed-5bc0db687a5f___Com.G_TgS_FL 9723.JPG,Tomato___Target_Spot,Tomato___Target_Spot,0.9999892711639404,Tomato___Target_Spot,0.99998939037323,1.1920928955078125e-07,True,True,True,0.9999892711639404,0.99998939037323
val,1ae385d6-0c21-402d-b291-d3b7c0ed57c5___Com.G_TgS_FL 8131_newPixel25.JPG,Tomato___Target_Spot,Tomato___Target_Spot,0.9999995231628418,Tomato___Target_Spot,0.9999995231628418,3.268496584496461e-12,True,True,True,0.9999995231628418,0.9999995231628418
val,1ec7a39a-7eec-434e-94ae-c6d32923b1e2___Com.G_TgS_FL 1107_flipTB.JPG,Tomato___Target_Spot,Tomato___Target_Spot,0.9984647035598755,Tomato___Target_Spot,0.998464822769165,1.1920928955078125e-07,True,True,True,0.9984647035598755,0.998464822769165
val,2bf19a03-71d0-4c97-9dc2-eadaeefac5e6___Com.G_TgS_FL 1002_newPixel25.JPG,Tomato___Target_Spot,Tomato___Target_Spot,0.9982596039772034,Tomato___Target_Spot,0.9982594847679138,1.1920928955078125e-07,True,True,True,0.9982596039772034,0.9982594847679138
val,32a507e6-d184-43bc-85d9-75f8e6cce8b9___Com.G_TgS_FL 9887.JPG,Tomato___Target_Spot,Tomato___Target_Spot,0.9999080896377563,Tomato___Target_Spot,0.9999080896377563,2.1827872842550278e-10,True,True,True,0.9999080896377563,0.9999080896377563
val,40d81563-afde-4956-a67d-695d22449170___Com.G_TgS_FL 7993.JPG,Tomato___Target_Spot,Tomato___Target_Spot,0.9999998807907104,Tomato___Target_Spot,0.9999998807907104,5.329070518200751e-13,True,True,True,0.9999998807907104,0.9999998807907104
val,4da7287d-0928-413c-8dbe-965e6db6c8bd___Com.G_TgS_FL 9666_new30degFlipLR.JPG,Tomato___Target_Spot,Tomato___Target_Spot,0.9999943971633911,Tomato___Target_Spot,0.9999943971633911,1.1323209037072957e-10,True,True,True,0.9999943971633911,0.9999943971633911
val,599977a3-0c46-46f5-aa5c-ed293caf7a09___Com.G_TgS_FL 9806.JPG,Tomato___Target_Spot,Tomato___Target_Spot,0.9989318251609802,Tomato___Target_Spot,0.9989318251609802,8.498318493366241e-09,True,True,True,0.9989318251609802,0.9989318251609802
val,5d25ccac-17ed-43eb-a510-f030932706ba___Com.G_TgS_FL 7888_flipTB.JPG,Tomato___Target_Spot,Tomato___Target_Spot,0.9999778270721436,Tomato___Target_Spot,0.9999779462814331,1.1920928955078125e-07,True,True,True,0.9999778270721436,0.9999779462814331
val,60f7f336-fe1c-46fa-bd8b-96320bb959cd___Com.G_TgS_FL 9750.JPG,Tomato___Target_Spot,Tomato___Target_Spot,0.9999765157699585,Tomato___Target_Spot,0.9999765157699585,5.002220859751105e-11,True,True,True,0.9999765157699585,0.9999765157699585
val,6a512ebc-696c-43a8-b03a-23acabaa5b52___Com.G_TgS_FL 9738_180deg.JPG,Tomato___Target_Spot,Tomato___Target_Spot,0.9999932050704956,Tomato___Target_Spot,0.9999932050704956,9.731593308970332e-11,True,True,True,0.9999932050704956,0.9999932050704956
val,6edeac14-5ac4-4810-a3c0-ff35feb176fb___Com.G_TgS_FL 7911_newPixel25.JPG,Tomato___Target_Spot,Tomato___Target_Spot,0.9999862909317017,Tomato___Target_Spot,0.9999864101409912,1.1920928955078125e-07,True,True,True,0.9999862909317017,0.9999864101409912
val,8b006696-91e3-473a-844f-ceae651cdff8___Com.G_TgS_FL 0673.JPG,Tomato___Target_Spot,Tomato___Target_Spot,0.9191191792488098,Tomato___Target_Spot,0.9191185235977173,8.121132850646973e-07,True,True,True,0.9191191792488098,0.9191185235977173
val,a1baad36-b4e1-48d2-9d4f-99c561613ab1___Com.G_TgS_FL 8036.JPG,Tomato___Target_Spot,Tomato___Target_Spot,1.0,Tomato___Target_Spot,1.0,2.4424906541753444e-13,True,True,True,1.0,1.0
val,b9ca3f45-dbc3-43ac-b345-4b81c5fcb2b6___Com.G_TgS_FL 7916.JPG,Tomato___Target_Spot,Tomato___Target_Spot,0.9999538660049438,Tomato___Target_Spot,0.9999537467956543,1.1920928955078125e-07,True,True,True,0.9999538660049438,0.9999537467956543
val,cf8b97c9-823f-44de-a22e-1c666900a6f1___Com.G_TgS_FL 8017.JPG,Tomato___Target_Spot,Tomato___Target_Spot,0.9999996423721313,Tomato___Target_Spot,0.9999996423721313,1.0231815394945443e-12,True,True,True,0.9999996423721313,0.9999996423721313
val,e20383b7-7f4c-4fb4-bcab-9db5df104d8b___Com.G_TgS_FL 9911.JPG,Tomato___Target_Spot,Tomato___Target_Spot,0.9999960660934448,Tomato___Target_Spot,0.9999961853027344,1.1920928955078125e-07,True,True,True,0.9999960660934448,0.9999961853027344
val,f2bd96d9-8610-42aa-9630-a4998bac7f42___Com.G_TgS_FL 0931.JPG,Tomato___Target_Spot,Tomato___Target_Spot,0.9999997615814209,Tomato___Target_Spot,0.9999997615814209,4.121147867408581e-12,True,True,True,0.9999997615814209,0.9999997615814209
val,01b32f27-2b9b-4961-805b-8066bf4d90f1___PSU_CG 2417.JPG,Tomato___Tomato_mosaic_virus,Tomato___Tomato_mosaic_virus,0.9999994039535522,Tomato___Tomato_mosaic_virus,0.9999994039535522,5.7127635955112055e-12,True,True,True,0.9999994039535522,0.9999994039535522
val,0befa341-0db3-49f4-b4fc-beeb05854bff___PSU_CG 2338_new30degFlipLR.JPG,Tomato___Tomato_mosaic_virus,Tomato___Tomato_mosaic_virus,1.0,Tomato___Tomato_mosaic_virus,1.0,4.996003610813204e-16,True,True,True,1.0,1.0
val,14c21616-aa9e-4d85-8aff-bdf7f4cf3720___PSU_CG 2079_270deg.JPG,Tomato___Tomato_mosaic_virus,Tomato___Tomato_mosaic_virus,1.0,Tomato___Tomato_mosaic_virus,1.0,6.772360450213455e-15,True,True,True,1.0,1.0
val,1cee26b4-0ba1-4371-8c7e-c641e6ca311d___PSU_CG 2283.JPG,Tomato___Tomato_mosaic_virus,Tomato___Tomato_mosaic_virus,0.9999998807907104,Tomato___Tomato_mosaic_virus,0.9999998807907104,2.3590018827235326e-12,True,True,True,0.9999998807907104,0.9999998807907104
val,21fe0741-4ff6-4f8f-8969-6b8bdeea58fa___PSU_CG 2278_new30degFlipLR.JPG,Tomato___Tomato_mosaic_virus,Tomato___Tomato_mosaic_virus,0.9999998807907104,Tomato___Tomato_mosaic_virus,0.9999998807907104,2.7284841053187847e-12,True,True,True,0.9999998807907104,0.9999998807907104
val,3117475d-3948-45a5-b2c7-630efb8bfab8___PSU_CG 2333_270deg.JPG,Tomato___Tomato_mosaic_virus,Tomato___Tomato_mosaic_virus,1.0,Tomato___Tomato_mosaic_virus,1.0,1.4210854715202004e-13,True,True,True,1.0,1.0
val,4571a1c4-3a67-4437-a5bf-8bc1a2af22e4___PSU_CG 2360.JPG,Tomato___Tomato_mosaic_virus,Tomato___Tomato_mosaic_virus,0.9999998807907104,Tomato___Tomato_mosaic_virus,0.9999998807907104,7.176481631177012e-13,True,True,True,0.9999998807907104,0.9999998807907104
val,503c6a57-2af3-48ed-b96f-e2cbf6fb5dd1___PSU_CG 2263_new30degFlipLR.JPG,Tomato___Tomato_mosaic_virus,Tomato___Tomato_mosaic_virus,1.0,Tomato___Tomato_mosaic_virus,1.0,1.457167719820518e-16,True,True,True,1.0,1.0
val,57b10f20-7819-40b1-924c-b484c42c515f___PSU_CG 2356_270deg.JPG,Tomato___Tomato_mosaic_virus,Tomato___Tomato_mosaic_virus,1.0,Tomato___Tomato_mosaic_virus,1.0,1.3444106938820255e-16,True,True,True,1.0,1.0
val,6065503d-0803-4697-90f7-8c7db1ee28ab___PSU_CG 2227.JPG,Tomato___Tomato_mosaic_virus,Tomato___Tomato_mosaic_virus,0.9999998807907104,Tomato___Tomato_mosaic_virus,0.9999998807907104,9.237055564881302e-13,True,True,True,0.9999998807907104,0.9999998807907104
val,67662638-1bfa-4ff6-8305-2d8544277ef0___PSU_CG 2222_new30degFlipLR.JPG,Tomato___Tomato_mosaic_virus,Tomato___Tomato_mosaic_virus,1.0,Tomato___Tomato_mosaic_virus,1.0,7.194245199571014e-14,True,True,True,1.0,1.0
val,75c566a5-8c20-4294-8138-4f06a3c2df7c___PSU_CG 2158_270deg.JPG,Tomato___Tomato_mosaic_virus,Tomato___Tomato_mosaic_virus,1.0,Tomato___Tomato_mosaic_virus,1.0,1.8474111129762605e-13,True,True,True,1.0,1.0
val,7a6e4837-d63d-465a-abae-ef857bf43e2d___PSU_CG 2117.JPG,Tomato___Tomato_mosaic_virus,Tomato___Tomato_mosaic_virus,0.9999977350234985,Tomato___Tomato_mosaic_virus,0.9999978542327881,1.1920928955078125e-07,True,True,True,0.9999977350234985,0.9999978542327881
val,8babd25a-f124-4d1f-a57a-5db347b34f0d___PSU_CG 2355_new30degFlipLR.JPG,Tomato___Tomato_mosaic_virus,Tomato___Tomato_mosaic_virus,1.0,Tomato___Tomato_mosaic_virus,1.0,2.6645352591003757e-15,True,True,True,1.0,1.0
val,99e849b4-3c38-4a96-ba96-14a133861e06___PSU_CG 2151_270deg.JPG,Tomato___Tomato_mosaic_virus,Tomato___Tomato_mosaic_virus,1.0,Tomato___Tomato_mosaic_virus,1.0,1.6696713456276768e-17,True,True,True,1.0,1.0
val,bd533964-8188-49ba-92e8-334cdc4ecb70___PSU_CG 2369.JPG,Tomato___Tomato_mosaic_virus,Tomato___Tomato_mosaic_virus,1.0,Tomato___Tomato_mosaic_virus,1.0,3.5349501104064984e-13,True,True,True,1.0,1.0
val,c9da2f9b-58f3-4715-8012-ee1fe722921f___PSU_CG 2199_new30degFlipLR.JPG,Tomato___Tomato_mosaic_virus,Tomato___Tomato_mosaic_virus,0.9999897480010986,Tomato___Tomato_mosaic_virus,0.9999897480010986,9.185896487906575e-11,True,True,True,0.9999897480010986,0.9999897480010986
val,d8106a03-3742-4e57-9ea7-d634b56c76cf___PSU_CG 2265_270deg.JPG,Tomato___Tomato_mosaic_virus,Tomato___Tomato_mosaic_virus,1.0,Tomato___Tomato_mosaic_virus,1.0,2.914335439641036e-15,True,True,True,1.0,1.0
val,eb04ce63-3a56-4ed4-abad-124215f10cae___PSU_CG 2264.JPG,Tomato___Tomato_mosaic_virus,Tomato___Tomato_mosaic_virus,0.9999998807907104,Tomato___Tomato_mosaic_virus,0.9999998807907104,1.8758328224066645e-12,True,True,True,0.9999998807907104,0.9999998807907104
val,f16eeb0f-5219-4a81-9941-351b3d9ba5fc___PSU_CG 2089_new30degFlipLR.JPG,Tomato___Tomato_mosaic_virus,Tomato___Tomato_mosaic_virus,1.0,Tomato___Tomato_mosaic_virus,1.0,1.4850343177386094e-12,True,True,True,1.0,1.0
val,01933767-8827-4a46-b089-76b1d8397eb6___YLCV_GCREC 2539.JPG,Tomato___Tomato_Yellow_Leaf_Curl_Virus,Tomato___Tomato_Yellow_Leaf_Curl_Virus,1.0,Tomato___Tomato_Yellow_Leaf_Curl_Virus,1.0,1.1657341758564144e-14,True,True,True,1.0,1.0
val,2703140f-6630-4a5b-bcc3-c2e638e9a8f0___YLCV_NREC 2457.JPG,Tomato___Tomato_Yellow_Leaf_Curl_Virus,Tomato___Tomato_Yellow_Leaf_Curl_Virus,0.9999014139175415,Tomato___Tomato_Yellow_Leaf_Curl_Virus,0.9999014139175415,3.2014213502407074e-10,True,True,True,0.9999014139175415,0.9999014139175415
val,53340e3e-368b-4139-8931-afa1c171dbda___YLCV_GCREC 2525.JPG,Tomato___Tomato_Yellow_Leaf_Curl_Virus,Tomato___Tomato_Yellow_Leaf_Curl_Virus,1.0,Tomato___Tomato_Yellow_Leaf_Curl_Virus,1.0,2.6201263381153694e-14,True,True,True,1.0,1.0
val,67907001-4326-4dcf-b60a-d9a59ffeb767___YLCV_GCREC 2167.JPG,Tomato___Tomato_Yellow_Leaf_Curl_Virus,Tomato___Tomato_Yellow_Leaf_Curl_Virus,1.0,Tomato___Tomato_Yellow_Leaf_Curl_Virus,1.0,3.872457909892546e-13,True,True,True,1.0,1.0
val,8402962c-0932-4399-8a60-171197bbb469___YLCV_GCREC 2805.JPG,Tomato___Tomato_Yellow_Leaf_Curl_Virus,Tomato___Tomato_Yellow_Leaf_Curl_Virus,1.0,Tomato___Tomato_Yellow_Leaf_Curl_Virus,1.0,7.667477763817487e-16,True,True,True,1.0,1.0
val,a13f6997-e1f9-49ac-8f8a-61bfbc0ba77f___YLCV_NREC 0194.JPG,Tomato___Tomato_Yellow_Leaf_Curl_Virus,Tomato___Tomato_Yellow_Leaf_Curl_Virus,1.0,Tomato___Tomato_Yellow_Leaf_Curl_Virus,1.0,6.1257422745431e-18,True,True,True,1.0,1.0
val,a7d66cfb-8c5d-48ea-ae2b-ca7ca7035f56___YLCV_NREC 2311.JPG,Tomato___Tomato_Yellow_Leaf_Curl_Virus,Tomato___Tomato_Yellow_Leaf_Curl_Virus,1.0,Tomato___Tomato_Yellow_Leaf_Curl_Virus,1.0,1.1191048088221578e-13,True,True,True,1.0,1.0
val,afe58ed7-783e-4e28-b729-f55dac6be091___YLCV_NREC 2647.JPG,Tomato___Tomato_Yellow_Leaf_Curl_Virus,Tomato___Tomato_Yellow_Leaf_Curl_Virus,0.9999526739120483,Tomato___Tomato_Yellow_Leaf_Curl_Virus,0.9999527931213379,1.1920928955078125e-07,True,True,True,0.9999526739120483,0.9999527931213379
val,b5edf5c4-d6d0-43da-8ffe-12f18faa0b59___YLCV_GCREC 2174.JPG,Tomato___Tomato_Yellow_Leaf_Curl_Virus,Tomato___Tomato_Yellow_Leaf_Curl_Virus,1.0,Tomato___Tomato_Yellow_Leaf_Curl_Virus,1.0,3.7730235602495554e-17,True,True,True,1.0,1.0
val,ba09834c-97ec-4225-8a19-66ddb3d4c06e___YLCV_GCREC 2382.JPG,Tomato___Tomato_Yellow_Leaf_Curl_Virus,Tomato___Tomato_Yellow_Leaf_Curl_Virus,0.9999978542327881,Tomato___Tomato_Yellow_Leaf_Curl_Virus,0.9999978542327881,4.729372449219227e-11,True,True,True,0.9999978542327881,0.9999978542327881
val,be6f6c78-2967-453f-baec-9aadf7554141___YLCV_GCREC 2559.JPG,Tomato___Tomato_Yellow_Leaf_Curl_Virus,Tomato___Tomato_Yellow_Leaf_Curl_Virus,0.9999997615814209,Tomato___Tomato_Yellow_Leaf_Curl_Virus,0.9999997615814209,2.8848035071860068e-12,True,True,True,0.9999997615814209,0.9999997615814209
val,c7a13d76-b20c-4ec5-be26-5d59eb5bb84e___YLCV_NREC 2869.JPG,Tomato___Tomato_Yellow_Leaf_Curl_Virus,Tomato___Tomato_Yellow_Leaf_Curl_Virus,1.0,Tomato___Tomato_Yellow_Leaf_Curl_Virus,1.0,1.2823075934420558e-14,True,True,True,1.0,1.0
val,d0100773-6346-4e0c-aa61-5e19ead5c30f___YLCV_GCREC 2215.JPG,Tomato___Tomato_Yellow_Leaf_Curl_Virus,Tomato___Tomato_Yellow_Leaf_Curl_Virus,0.9999980926513672,Tomato___Tomato_Yellow_Leaf_Curl_Virus,0.9999980926513672,5.832134775118902e-11,True,True,True,0.9999980926513672,0.9999980926513672
val,d4b90f0d-b374-4535-a0f2-939e40fcebf9___YLCV_GCREC 5453.JPG,Tomato___Tomato_Yellow_Leaf_Curl_Virus,Tomato___Tomato_Yellow_Leaf_Curl_Virus,1.0,Tomato___Tomato_Yellow_Leaf_Curl_Virus,1.0,3.7608262858090935e-19,True,True,True,1.0,1.0
val,dbb6cc9b-512f-426f-b76c-fcd61d9f4e19___YLCV_NREC 2987.JPG,Tomato___Tomato_Yellow_Leaf_Curl_Virus,Tomato___Tomato_Yellow_Leaf_Curl_Virus,1.0,Tomato___Tomato_Yellow_Leaf_Curl_Virus,1.0,6.158268339717665e-17,True,True,True,1.0,1.0
val,e2127684-aa48-4a4b-b569-1685a39ba5a3___YLCV_GCREC 2486.JPG,Tomato___Tomato_Yellow_Leaf_Curl_Virus,Tomato___Tomato_Yellow_Leaf_Curl_Virus,1.0,Tomato___Tomato_Yellow_Leaf_Curl_Virus,1.0,3.608224830031759e-15,True,True,True,1.0,1.0
val,e8a00295-fd3b-4fc4-895e-8e574aad6913___YLCV_GCREC 5429.JPG,Tomato___Tomato_Yellow_Leaf_Curl_Virus,Tomato___Tomato_Yellow_Leaf_Curl_Virus,1.0,Tomato___Tomato_Yellow_Leaf_Curl_Virus,1.0,1.7763568394002505e-13,True,True,True,1.0,1.0
val,eedf7b5f-d91d-46c4-9b0e-927ba6ed37ba___YLCV_NREC 0261.JPG,Tomato___Tomato_Yellow_Leaf_Curl_Virus,Tomato___Tomato_Yellow_Leaf_Curl_Virus,1.0,Tomato___Tomato_Yellow_Leaf_Curl_Virus,1.0,1.545430450278218e-12,True,True,True,1.0,1.0
val,f3449968-7d8a-4f77-b2c6-5d5d088d8b26___YLCV_NREC 2037.JPG,Tomato___Tomato_Yellow_Leaf_Curl_Virus,Tomato___Tomato_Yellow_Leaf_Curl_Virus,1.0,Tomato___Tomato_Yellow_Leaf_Curl_Virus,1.0,2.9837243786801082e-15,True,True,True,1.0,1.0
val,f9decc04-ee53-4f92-ae00-32c9d6394069___YLCV_NREC 2705.JPG,Tomato___Tomato_Yellow_Leaf_Curl_Virus,Tomato___Tomato_Yellow_Leaf_Curl_Virus,0.9999997615814209,Tomato___Tomato_Yellow_Leaf_Curl_Virus,0.9999997615814209,1.3073986337985843e-12,True,True,True,0.9999997615814209,0.9999997615814209
val,aphid_103.png,Wheat___aphid,Wheat___aphid,0.9343382120132446,Wheat___aphid,0.9343385100364685,2.980232238769531e-07,True,True,True,0.9343382120132446,0.9343385100364685
val,aphid_143.png,Wheat___aphid,Wheat___aphid,0.8903734683990479,Wheat___aphid,0.8903730511665344,4.172325134277344e-07,True,True,True,0.8903734683990479,0.8903730511665344
val,aphid_181.png,Wheat___aphid,Wheat___common_root_rot,0.6927123069763184,Wheat___common_root_rot,0.6927098631858826,2.4437904357910156e-06,True,False,False,0.08084293454885483,0.08084288239479065
val,aphid_203.png,Wheat___aphid,Wheat___aphid,0.9756571054458618,Wheat___aphid,0.9756573438644409,2.868473529815674e-07,True,True,True,0.9756571054458618,0.9756573438644409
val,aphid_247.png,Wheat___aphid,Wheat___mite,0.998672604560852,Wheat___mite,0.998672604560852,1.0244548320770264e-08,True,False,False,0.001327133853919804,0.0013271236093714833
val,aphid_299.png,Wheat___aphid,Wheat___blast,0.9892953038215637,Wheat___blast,0.9892954230308533,1.1920928955078125e-07,True,False,False,1.5056153642944992e-05,1.5055998119350988e-05
val,aphid_314.png,Wheat___aphid,Wheat___black_rust,0.35998043417930603,Wheat___black_rust,0.3599798381328583,6.258487701416016e-07,True,False,False,0.04369203746318817,0.04369194060564041
val,aphid_35.png,Wheat___aphid,Wheat___aphid,0.7841013669967651,Wheat___aphid,0.7841011881828308,2.980232238769531e-07,True,True,True,0.7841013669967651,0.7841011881828308
val,aphid_395.png,Wheat___aphid,Wheat___mite,0.6320300698280334,Wheat___mite,0.6320260763168335,4.082918167114258e-06,True,False,False,0.34367167949676514,0.34367576241493225
val,aphid_441.png,Wheat___aphid,Wheat___aphid,0.9798439741134644,Wheat___aphid,0.9798437356948853,2.384185791015625e-07,True,True,True,0.9798439741134644,0.9798437356948853
val,aphid_473.png,Wheat___aphid,Wheat___aphid,0.9985668063163757,Wheat___aphid,0.9985669255256653,1.1920928955078125e-07,True,True,True,0.9985668063163757,0.9985669255256653
val,aphid_53.png,Wheat___aphid,Wheat___aphid,0.999998927116394,Wheat___aphid,0.999998927116394,2.6147972675971687e-12,True,True,True,0.999998927116394,0.999998927116394
val,aphid_599.png,Wheat___aphid,Wheat___aphid,0.9798645973205566,Wheat___aphid,0.9798648357391357,2.384185791015625e-07,True,True,True,0.9798645973205566,0.9798648357391357
val,aphid_628.png,Wheat___aphid,Wheat___aphid,0.6310350298881531,Wheat___aphid,0.6310352683067322,9.5367431640625e-07,True,True,True,0.6310350298881531,0.6310352683067322
val,aphid_668.png,Wheat___aphid,Wheat___mite,0.46448856592178345,Wheat___mite,0.4644889831542969,1.1324882507324219e-06,True,False,False,0.010622767731547356,0.010622797533869743
val,aphid_703.png,Wheat___aphid,Wheat___aphid,0.41297465562820435,Wheat___aphid,0.4129801392555237,5.4836273193359375e-06,True,True,True,0.41297465562820435,0.4129801392555237
val,aphid_738.png,Wheat___aphid,Wheat___aphid,0.653006911277771,Wheat___aphid,0.6530066728591919,2.384185791015625e-07,True,True,True,0.653006911277771,0.6530066728591919
val,aphid_764.png,Wheat___aphid,Wheat___aphid,0.9476760029792786,Wheat___aphid,0.9476760029792786,5.21540641784668e-08,True,True,True,0.9476760029792786,0.9476760029792786
val,aphid_800.png,Wheat___aphid,Wheat___mite,0.5569422245025635,Wheat___mite,0.5569429397583008,1.385807991027832e-06,True,False,False,0.1245693787932396,0.12456799298524857
val,aphid_832.png,Wheat___aphid,Wheat___aphid,0.36017122864723206,Wheat___aphid,0.36016932129859924,1.9073486328125e-06,True,True,True,0.36017122864723206,0.36016932129859924
val,black_rust_11.png,Wheat___black_rust,Wheat___tan_spot,0.96101975440979,Wheat___tan_spot,0.9610201120376587,3.5762786865234375e-07,True,False,False,0.000591183197684586,0.0005911794141866267
val,black_rust_147.png,Wheat___black_rust,Wheat___tan_spot,0.36500945687294006,Wheat___tan_spot,0.3650095760822296,5.960464477539062e-07,True,False,False,0.09184430539608002,0.09184389561414719
val,black_rust_16.png,Wheat___black_rust,Wheat___brown_rust,0.42392030358314514,Wheat___brown_rust,0.42391732335090637,2.9802322387695312e-06,True,False,False,0.24469591677188873,0.2446981966495514
val,black_rust_182.png,Wheat___black_rust,Wheat___tan_spot,0.4143812954425812,Wheat___tan_spot,0.41437968611717224,2.086162567138672e-06,True,False,False,0.1810113787651062,0.18101103603839874
val,black_rust_207.png,Wheat___black_rust,Wheat___septoria,0.19677655398845673,Wheat___septoria,0.196775421500206,1.7881393432617188e-06,True,False,False,0.06065642833709717,0.060656432062387466
val,black_rust_219.png,Wheat___black_rust,Rice___Sheath_blight,0.7395175695419312,Rice___Sheath_blight,0.7395166754722595,8.940696716308594e-07,True,False,False,0.008778939954936504,0.008778958581387997
val,black_rust_239.png,Wheat___black_rust,Wheat___black_rust,0.9832870960235596,Wheat___black_rust,0.9832873344421387,2.384185791015625e-07,True,True,True,0.9832870960235596,0.9832873344421387
val,black_rust_269.png,Wheat___black_rust,Wheat___mildew,0.5695452094078064,Wheat___mildew,0.5695441365242004,1.0728836059570312e-06,True,False,False,0.00620823260396719,0.006208292208611965
val,black_rust_280.png,Wheat___black_rust,Wheat___mildew,0.3070668578147888,Wheat___mildew,0.30706602334976196,8.344650268554688e-07,True,False,False,0.29819729924201965,0.2981968820095062
val,black_rust_289.png,Wheat___black_rust,Wheat___black_rust,0.9818223714828491,Wheat___black_rust,0.9818222522735596,2.4028122425079346e-07,True,True,True,0.9818223714828491,0.9818222522735596
val,black_rust_311.png,Wheat___black_rust,Wheat___black_rust,0.999992847442627,Wheat___black_rust,0.999992847442627,1.6370904631912708e-11,True,True,True,0.999992847442627,0.999992847442627
val,black_rust_323.png,Wheat___black_rust,Wheat___black_rust,0.9360528588294983,Wheat___black_rust,0.9360525608062744,2.980232238769531e-07,True,True,True,0.9360528588294983,0.9360525608062744
val,black_rust_357.png,Wheat___black_rust,Wheat___black_rust,0.9629331827163696,Wheat___black_rust,0.9629330635070801,1.30385160446167e-07,True,True,True,0.9629331827163696,0.9629330635070801
val,black_rust_366.png,Wheat___black_rust,Wheat___black_rust,0.8892598748207092,Wheat___black_rust,0.8892598748207092,1.4901161193847656e-07,True,True,True,0.8892598748207092,0.8892598748207092
val,black_rust_374.png,Wheat___black_rust,Wheat___black_rust,0.9938812255859375,Wheat___black_rust,0.9938812255859375,3.637978807091713e-09,True,True,True,0.9938812255859375,0.9938812255859375
val,black_rust_405.png,Wheat___black_rust,Wheat___black_rust,0.843311607837677,Wheat___black_rust,0.84331214427948,5.364418029785156e-07,True,True,True,0.843311607837677,0.84331214427948
val,black_rust_431.png,Wheat___black_rust,Wheat___black_rust,0.7305014133453369,Wheat___black_rust,0.7305026650428772,1.2516975402832031e-06,True,True,True,0.7305014133453369,0.7305026650428772
val,black_rust_503.png,Wheat___black_rust,Wheat___healthy,0.5081657767295837,Wheat___healthy,0.5081688165664673,3.039836883544922e-06,True,False,False,0.43457427620887756,0.4345715343952179
val,black_rust_519.png,Wheat___black_rust,Wheat___tan_spot,0.30122750997543335,Wheat___tan_spot,0.30123037099838257,3.427267074584961e-06,True,False,False,0.1501217484474182,0.15012165904045105
val,black_rust_532.png,Wheat___black_rust,Wheat___black_rust,0.5599138736724854,Wheat___black_rust,0.5599141120910645,1.1324882507324219e-06,True,True,True,0.5599138736724854,0.5599141120910645
val,blast_103.png,Wheat___blast,Wheat___blast,0.9385623931884766,Wheat___blast,0.9385626316070557,2.384185791015625e-07,True,True,True,0.9385623931884766,0.9385626316070557
val,blast_127.png,Wheat___blast,Wheat___blast,0.988012433052063,Wheat___blast,0.9880125522613525,1.1920928955078125e-07,True,True,True,0.988012433052063,0.9880125522613525
val,blast_15.png,Wheat___blast,Wheat___blast,0.6230671405792236,Wheat___blast,0.6230658888816833,1.2516975402832031e-06,True,True,True,0.6230671405792236,0.6230658888816833
val,blast_170.png,Wheat___blast,Wheat___blast,0.9682743549346924,Wheat___blast,0.9682743549346924,9.685754776000977e-08,True,True,True,0.9682743549346924,0.9682743549346924
val,blast_188.png,Wheat___blast,Wheat___blast,0.9999997615814209,Wheat___blast,0.9999997615814209,5.8832938520936295e-12,True,True,True,0.9999997615814209,0.9999997615814209
val,blast_201.png,Wheat___blast,Wheat___blast,0.8175046443939209,Wheat___blast,0.8175061345100403,1.4901161193847656e-06,True,True,True,0.8175046443939209,0.8175061345100403
val,blast_224.png,Wheat___blast,Wheat___blast,0.9985008239746094,Wheat___blast,0.9985007047653198,1.1920928955078125e-07,True,True,True,0.9985008239746094,0.9985007047653198
val,blast_260.png,Wheat___blast,Wheat___blast,0.8822622895240784,Wheat___blast,0.8822629451751709,6.556510925292969e-07,True,True,True,0.8822622895240784,0.8822629451751709
val,blast_293.png,Wheat___blast,Wheat___blast,0.9378063082695007,Wheat___blast,0.9378063082695007,2.7939677238464355e-08,True,True,True,0.9378063082695007,0.9378063082695007
val,blast_309.png,Wheat___blast,Wheat___blast,0.9525333642959595,Wheat___blast,0.952533483505249,1.8533319234848022e-07,True,True,True,0.9525333642959595,0.952533483505249
val,blast_320.png,Wheat___blast,Wheat___blast,0.9999996423721313,Wheat___blast,0.9999996423721313,3.097966327914037e-12,True,True,True,0.9999996423721313,0.9999996423721313
val,blast_341.png,Wheat___blast,Wheat___blast,0.9999979734420776,Wheat___blast,0.9999979734420776,1.7621459846850485e-11,True,True,True,0.9999979734420776,0.9999979734420776
val,blast_360.png,Wheat___blast,Wheat___blast,1.0,Wheat___blast,1.0,4.263256414560601e-13,True,True,True,1.0,1.0
val,blast_379.png,Wheat___blast,Wheat___blast,0.9900591969490051,Wheat___blast,0.9900593757629395,1.7881393432617188e-07,True,True,True,0.9900591969490051,0.9900593757629395
val,blast_409.png,Wheat___blast,Wheat___blast,0.7690398097038269,Wheat___blast,0.7690388560295105,9.5367431640625e-07,True,True,True,0.7690398097038269,0.7690388560295105
val,blast_43.png,Wheat___blast,Wheat___blast,0.9867891669273376,Wheat___blast,0.9867889285087585,2.384185791015625e-07,True,True,True,0.9867891669273376,0.9867889285087585
val,blast_460.png,Wheat___blast,Wheat___tan_spot,0.6133066415786743,Wheat___tan_spot,0.6133022904396057,4.351139068603516e-06,True,False,False,0.15260891616344452,0.15261104702949524
val,blast_470.png,Wheat___blast,Wheat___blast,0.9569770097732544,Wheat___blast,0.9569775462150574,5.364418029785156e-07,True,True,True,0.9569770097732544,0.9569775462150574
val,blast_531.png,Wheat___blast,Wheat___aphid,0.22591830790042877,Wheat___aphid,0.22591803967952728,9.238719940185547e-07,True,False,False,0.04069473221898079,0.04069465026259422
val,blast_57.png,Wheat___blast,Wheat___black_rust,0.6750297546386719,Wheat___black_rust,0.6750297546386719,1.862645149230957e-07,True,False,False,0.20058642327785492,0.2005862444639206
val,brown_rust_10.png,Wheat___brown_rust,Wheat___black_rust,0.8827391266822815,Wheat___black_rust,0.882738471031189,7.897615432739258e-07,True,False,False,0.1000044047832489,0.10000519454479218
val,brown_rust_1083.png,Wheat___brown_rust,Wheat___brown_rust,0.9919939041137695,Wheat___brown_rust,0.9919939041137695,4.7963112592697144e-08,True,True,True,0.9919939041137695,0.9919939041137695
val,brown_rust_1170.png,Wheat___brown_rust,Wheat___brown_rust,0.997525155544281,Wheat___brown_rust,0.9975252747535706,1.1920928955078125e-07,True,True,True,0.997525155544281,0.9975252747535706
val,brown_rust_1242.png,Wheat___brown_rust,Wheat___tan_spot,0.5056664347648621,Wheat___tan_spot,0.505666196346283,2.384185791015625e-07,True,False,False,0.008957899175584316,0.008957916870713234
val,brown_rust_139.png,Wheat___brown_rust,Wheat___healthy,0.6630830764770508,Wheat___healthy,0.6630780696868896,5.125999450683594e-06,True,False,False,0.3337184488773346,0.3337235748767853
val,brown_rust_194.png,Wheat___brown_rust,Wheat___brown_rust,0.9706429839134216,Wheat___brown_rust,0.970643162727356,1.7881393432617188e-07,True,True,True,0.9706429839134216,0.970643162727356
val,brown_rust_256.png,Wheat___brown_rust,Wheat___brown_rust,0.9987502098083496,Wheat___brown_rust,0.9987503290176392,1.1920928955078125e-07,True,True,True,0.9987502098083496,0.9987503290176392
val,brown_rust_338.png,Wheat___brown_rust,Wheat___brown_rust,0.9994722008705139,Wheat___brown_rust,0.9994723200798035,1.1920928955078125e-07,True,True,True,0.9994722008705139,0.9994723200798035
val,brown_rust_365.png,Wheat___brown_rust,Wheat___brown_rust,0.9999997615814209,Wheat___brown_rust,0.9999997615814209,5.222489107836736e-13,True,True,True,0.9999997615814209,0.9999997615814209
val,brown_rust_4.png,Wheat___brown_rust,Wheat___black_rust,0.9957418441772461,Wheat___black_rust,0.9957418441772461,2.2118911147117615e-08,True,False,False,0.0008524546283297241,0.0008524389122612774
val,brown_rust_449.png,Wheat___brown_rust,Wheat___brown_rust,0.9999545812606812,Wheat___brown_rust,0.9999545812606812,5.929905455559492e-10,True,True,True,0.9999545812606812,0.9999545812606812
val,brown_rust_533.png,Wheat___brown_rust,Wheat___brown_rust,0.9996483325958252,Wheat___brown_rust,0.9996482133865356,1.1920928955078125e-07,True,True,True,0.9996483325958252,0.9996482133865356
val,brown_rust_606.png,Wheat___brown_rust,Wheat___brown_rust,0.9999551773071289,Wheat___brown_rust,0.9999551773071289,5.729816621169448e-11,True,True,True,0.9999551773071289,0.9999551773071289
val,brown_rust_65.png,Wheat___brown_rust,Wheat___brown_rust,0.7773403525352478,Wheat___brown_rust,0.7773412466049194,9.98377799987793e-07,True,True,True,0.7773403525352478,0.7773412466049194
val,brown_rust_725.png,Wheat___brown_rust,Wheat___brown_rust,0.9999903440475464,Wheat___brown_rust,0.9999903440475464,4.8203219193965197e-11,True,True,True,0.9999903440475464,0.9999903440475464
val,brown_rust_78.png,Wheat___brown_rust,Wheat___brown_rust,0.5273034572601318,Wheat___brown_rust,0.52730393409729,4.76837158203125e-07,True,True,True,0.5273034572601318,0.52730393409729
val,brown_rust_847.png,Wheat___brown_rust,Wheat___brown_rust,0.9994717240333557,Wheat___brown_rust,0.9994717240333557,7.62520357966423e-09,True,True,True,0.9994717240333557,0.9994717240333557
val,brown_rust_888.png,Wheat___brown_rust,Wheat___brown_rust,0.9982566237449646,Wheat___brown_rust,0.9982567429542542,1.1920928955078125e-07,True,True,True,0.9982566237449646,0.9982567429542542
val,brown_rust_962.png,Wheat___brown_rust,Wheat___brown_rust,0.9965243935585022,Wheat___brown_rust,0.9965242743492126,1.1920928955078125e-07,True,True,True,0.9965243935585022,0.9965242743492126
val,brown_rust_test_29.png,Wheat___brown_rust,Wheat___brown_rust,0.999990701675415,Wheat___brown_rust,0.999990701675415,2.8194335754960775e-11,True,True,True,0.999990701675415,0.999990701675415
val,common_root_rot_103.png,Wheat___common_root_rot,Wheat___common_root_rot,0.6378786563873291,Wheat___common_root_rot,0.6378772258758545,1.430511474609375e-06,True,True,True,0.6378786563873291,0.6378772258758545
val,common_root_rot_125.png,Wheat___common_root_rot,Wheat___healthy,0.9888713955879211,Wheat___healthy,0.9888712763786316,1.1920928955078125e-07,True,False,False,0.0028569605201482773,0.002856999635696411
val,common_root_rot_162.png,Wheat___common_root_rot,Wheat___common_root_rot,0.9831547737121582,Wheat___common_root_rot,0.9831547737121582,5.075708031654358e-08,True,True,True,0.9831547737121582,0.9831547737121582
val,common_root_rot_184.png,Wheat___common_root_rot,Wheat___common_root_rot,0.9131107926368713,Wheat___common_root_rot,0.9131103754043579,4.172325134277344e-07,True,True,True,0.9131107926368713,0.9131103754043579
val,common_root_rot_197.png,Wheat___common_root_rot,Wheat___common_root_rot,0.9666961431503296,Wheat___common_root_rot,0.9666956663131714,4.76837158203125e-07,True,True,True,0.9666961431503296,0.9666956663131714
val,common_root_rot_215.png,Wheat___common_root_rot,Wheat___common_root_rot,0.9371522068977356,Wheat___common_root_rot,0.9371522068977356,1.30385160446167e-08,True,True,True,0.9371522068977356,0.9371522068977356
val,common_root_rot_245.png,Wheat___common_root_rot,Wheat___mite,0.7407941818237305,Wheat___mite,0.7407931089401245,1.0728836059570312e-06,True,False,False,0.022648775950074196,0.022648710757493973
val,common_root_rot_260.png,Wheat___common_root_rot,Wheat___common_root_rot,0.8736180663108826,Wheat___common_root_rot,0.8736183047294617,2.384185791015625e-07,True,True,True,0.8736180663108826,0.8736183047294617
val,common_root_rot_297.png,Wheat___common_root_rot,Wheat___common_root_rot,0.3304024338722229,Wheat___common_root_rot,0.33040279150009155,1.0281801223754883e-06,True,True,True,0.3304024338722229,0.33040279150009155
val,common_root_rot_309.png,Wheat___common_root_rot,Wheat___common_root_rot,0.9409902095794678,Wheat___common_root_rot,0.9409902095794678,8.754432201385498e-08,True,True,True,0.9409902095794678,0.9409902095794678
val,common_root_rot_333.png,Wheat___common_root_rot,Wheat___tan_spot,0.4780607223510742,Wheat___tan_spot,0.4780607223510742,1.862645149230957e-06,True,False,False,0.20356561243534088,0.2035668045282364
val,common_root_rot_357.png,Wheat___common_root_rot,Wheat___common_root_rot,0.6342753767967224,Wheat___common_root_rot,0.6342726349830627,3.0249357223510742e-06,True,True,True,0.6342753767967224,0.6342726349830627
val,common_root_rot_370.png,Wheat___common_root_rot,Wheat___common_root_rot,0.9527102708816528,Wheat___common_root_rot,0.9527096152305603,6.556510925292969e-07,True,True,True,0.9527102708816528,0.9527096152305603
val,common_root_rot_406.png,Wheat___common_root_rot,Wheat___common_root_rot,0.995528519153595,Wheat___common_root_rot,0.995528519153595,5.005858838558197e-09,True,True,True,0.995528519153595,0.995528519153595
val,common_root_rot_432.png,Wheat___common_root_rot,Wheat___common_root_rot,0.6333826184272766,Wheat___common_root_rot,0.6333819031715393,7.152557373046875e-07,True,True,True,0.6333826184272766,0.6333819031715393
val,common_root_rot_45.png,Wheat___common_root_rot,Wheat___common_root_rot,0.3363586664199829,Wheat___common_root_rot,0.33635851740837097,1.9669532775878906e-06,True,True,True,0.3363586664199829,0.33635851740837097
val,common_root_rot_460.png,Wheat___common_root_rot,Wheat___common_root_rot,0.5387144088745117,Wheat___common_root_rot,0.538714587688446,5.885958671569824e-07,True,True,True,0.5387144088745117,0.538714587688446
val,common_root_rot_497.png,Wheat___common_root_rot,Wheat___common_root_rot,0.5784343481063843,Wheat___common_root_rot,0.5784380435943604,3.6954879760742188e-06,True,True,True,0.5784343481063843,0.5784380435943604
val,common_root_rot_526.png,Wheat___common_root_rot,Wheat___tan_spot,0.41101890802383423,Wheat___tan_spot,0.41101884841918945,3.0547380447387695e-07,True,False,False,0.22670958936214447,0.22670947015285492
val,common_root_rot_542.png,Wheat___common_root_rot,Wheat___common_root_rot,0.9894541501998901,Wheat___common_root_rot,0.9894540309906006,1.1920928955078125e-07,True,True,True,0.9894541501998901,0.9894540309906006
val,fusarium_head_blight_100.png,Wheat___fusarium_head_blight,Wheat___fusarium_head_blight,1.0,Wheat___fusarium_head_blight,1.0,6.118966010965066e-18,True,True,True,1.0,1.0
val,fusarium_head_blight_127.png,Wheat___fusarium_head_blight,Wheat___fusarium_head_blight,0.9999998807907104,Wheat___fusarium_head_blight,0.9999998807907104,1.4068746168049984e-12,True,True,True,0.9999998807907104,0.9999998807907104
val,fusarium_head_blight_159.png,Wheat___fusarium_head_blight,Wheat___fusarium_head_blight,1.0,Wheat___fusarium_head_blight,1.0,6.38378239159465e-16,True,True,True,1.0,1.0
val,fusarium_head_blight_182.png,Wheat___fusarium_head_blight,Wheat___fusarium_head_blight,1.0,Wheat___fusarium_head_blight,1.0,7.638334409421077e-14,True,True,True,1.0,1.0
val,fusarium_head_blight_196.png,Wheat___fusarium_head_blight,Wheat___fusarium_head_blight,0.43181076645851135,Wheat___fusarium_head_blight,0.43180957436561584,1.1920928955078125e-06,True,True,True,0.43181076645851135,0.43180957436561584
val,fusarium_head_blight_226.png,Wheat___fusarium_head_blight,Wheat___fusarium_head_blight,1.0,Wheat___fusarium_head_blight,1.0,1.231653667943533e-16,True,True,True,1.0,1.0
val,fusarium_head_blight_248.png,Wheat___fusarium_head_blight,Wheat___fusarium_head_blight,0.9999964237213135,Wheat___fusarium_head_blight,0.9999963045120239,1.1920928955078125e-07,True,True,True,0.9999964237213135,0.9999963045120239
val,fusarium_head_blight_291.png,Wheat___fusarium_head_blight,Wheat___fusarium_head_blight,1.0,Wheat___fusarium_head_blight,1.0,1.249000902703301e-16,True,True,True,1.0,1.0
val,fusarium_head_blight_300.png,Wheat___fusarium_head_blight,Wheat___fusarium_head_blight,1.0,Wheat___fusarium_head_blight,1.0,7.441963711940502e-16,True,True,True,1.0,1.0
val,fusarium_head_blight_325.png,Wheat___fusarium_head_blight,Wheat___fusarium_head_blight,0.7570548057556152,Wheat___fusarium_head_blight,0.7570542693138123,5.364418029785156e-07,True,True,True,0.7570548057556152,0.7570542693138123
val,fusarium_head_blight_345.png,Wheat___fusarium_head_blight,Wheat___fusarium_head_blight,0.9807621836662292,Wheat___fusarium_head_blight,0.9807624220848083,2.384185791015625e-07,True,True,True,0.9807621836662292,0.9807624220848083
val,fusarium_head_blight_389.png,Wheat___fusarium_head_blight,Wheat___smut,0.5444318652153015,Wheat___smut,0.5444309711456299,1.996755599975586e-06,True,False,False,0.32845327258110046,0.32845526933670044
val,fusarium_head_blight_428.png,Wheat___fusarium_head_blight,Wheat___fusarium_head_blight,1.0,Wheat___fusarium_head_blight,1.0,1.1600963245594897e-17,True,True,True,1.0,1.0
val,fusarium_head_blight_46.png,Wheat___fusarium_head_blight,Wheat___fusarium_head_blight,0.9999983310699463,Wheat___fusarium_head_blight,0.9999983310699463,3.211653165635653e-12,True,True,True,0.9999983310699463,0.9999983310699463
val,fusarium_head_blight_480.png,Wheat___fusarium_head_blight,Wheat___fusarium_head_blight,1.0,Wheat___fusarium_head_blight,1.0,2.6385076306971456e-19,True,True,True,1.0,1.0
val,fusarium_head_blight_529.png,Wheat___fusarium_head_blight,Wheat___fusarium_head_blight,1.0,Wheat___fusarium_head_blight,1.0,1.1796119636642288e-16,True,True,True,1.0,1.0
val,fusarium_head_blight_571.png,Wheat___fusarium_head_blight,Wheat___fusarium_head_blight,0.9999995231628418,Wheat___fusarium_head_blight,0.9999995231628418,4.547473508864641e-12,True,True,True,0.9999995231628418,0.9999995231628418
val,fusarium_head_blight_605.png,Wheat___fusarium_head_blight,Wheat___fusarium_head_blight,0.9999997615814209,Wheat___fusarium_head_blight,0.9999997615814209,2.4584778657299466e-12,True,True,True,0.9999997615814209,0.9999997615814209
val,fusarium_head_blight_86.png,Wheat___fusarium_head_blight,Wheat___fusarium_head_blight,0.9999997615814209,Wheat___fusarium_head_blight,0.9999997615814209,6.821210263296962e-13,True,True,True,0.9999997615814209,0.9999997615814209
val,fusarium_head_blight_test_18.png,Wheat___fusarium_head_blight,Wheat___fusarium_head_blight,0.8564214706420898,Wheat___fusarium_head_blight,0.8564211130142212,3.5762786865234375e-07,True,True,True,0.8564214706420898,0.8564211130142212
val,healthy_100.png,Wheat___healthy,Wheat___healthy,0.9127672910690308,Wheat___healthy,0.9127674698829651,1.9371509552001953e-07,True,True,True,0.9127672910690308,0.9127674698829651
val,healthy_141.png,Wheat___healthy,Wheat___healthy,1.0,Wheat___healthy,1.0,7.724940478959219e-19,True,True,True,1.0,1.0
val,healthy_183.png,Wheat___healthy,Wheat___healthy,0.9755615592002869,Wheat___healthy,0.9755609631538391,5.960464477539062e-07,True,True,True,0.9755615592002869,0.9755609631538391
val,healthy_213.png,Wheat___healthy,Wheat___healthy,1.0,Wheat___healthy,1.0,5.080380560684716e-13,True,True,True,1.0,1.0
val,healthy_25.png,Wheat___healthy,Wheat___healthy,1.0,Wheat___healthy,1.0,4.683753385137379e-17,True,True,True,1.0,1.0
val,healthy_300.png,Wheat___healthy,Wheat___healthy,0.9975138902664185,Wheat___healthy,0.9975137710571289,1.1920928955078125e-07,True,True,True,0.9975138902664185,0.9975137710571289
val,healthy_341.png,Wheat___healthy,Wheat___healthy,0.8825677633285522,Wheat___healthy,0.8825668096542358,1.0058283805847168e-06,True,True,True,0.8825677633285522,0.8825668096542358
val,healthy_37.png,Wheat___healthy,Wheat___healthy,0.8001525402069092,Wheat___healthy,0.8001518249511719,7.152557373046875e-07,True,True,True,0.8001525402069092,0.8001518249511719
val,healthy_432.png,Wheat___healthy,Wheat___healthy,1.0,Wheat___healthy,1.0,4.796163466380676e-13,True,True,True,1.0,1.0
val,healthy_467.png,Wheat___healthy,Wheat___healthy,1.0,Wheat___healthy,1.0,3.019806626980426e-13,True,True,True,1.0,1.0
val,healthy_522.png,Wheat___healthy,Wheat___healthy,1.0,Wheat___healthy,1.0,6.088879400678593e-16,True,True,True,1.0,1.0
val,healthy_594.png,Wheat___healthy,Wheat___healthy,0.5221660137176514,Wheat___healthy,0.5221640467643738,1.9669532775878906e-06,True,True,True,0.5221660137176514,0.5221640467643738
val,healthy_637.png,Wheat___healthy,Wheat___healthy,0.9999996423721313,Wheat___healthy,0.9999996423721313,9.15179043659009e-12,True,True,True,0.9999996423721313,0.9999996423721313
val,healthy_678.png,Wheat___healthy,Wheat___healthy,1.0,Wheat___healthy,1.0,7.593925488436071e-14,True,True,True,1.0,1.0
val,healthy_703.png,Wheat___healthy,Wheat___healthy,0.9998326301574707,Wheat___healthy,0.9998326301574707,1.382431946694851e-09,True,True,True,0.9998326301574707,0.9998326301574707
val,healthy_742.png,Wheat___healthy,Wheat___healthy,0.9994454979896545,Wheat___healthy,0.9994454979896545,2.939486876130104e-09,True,True,True,0.9994454979896545,0.9994454979896545
val,healthy_780.png,Wheat___healthy,Wheat___healthy,0.9999991655349731,Wheat___healthy,0.9999991655349731,7.560174708487466e-12,True,True,True,0.9999991655349731,0.9999991655349731
val,healthy_809.png,Wheat___healthy,Wheat___healthy,0.9996989965438843,Wheat___healthy,0.9996991157531738,1.1920928955078125e-07,True,True,True,0.9996989965438843,0.9996991157531738
val,healthy_848.png,Wheat___healthy,Wheat___healthy,1.0,Wheat___healthy,1.0,8.837375276016246e-14,True,True,True,1.0,1.0
val,healthy_904.png,Wheat___healthy,Wheat___healthy,1.0,Wheat___healthy,1.0,1.652011860642233e-13,True,True,True,1.0,1.0
val,leaf_blight_103.png,Wheat___leaf_blight,Wheat___leaf_blight,0.9588688015937805,Wheat___leaf_blight,0.9588683247566223,4.76837158203125e-07,True,True,True,0.9588688015937805,0.9588683247566223
val,leaf_blight_14.png,Wheat___leaf_blight,Wheat___leaf_blight,0.5771067142486572,Wheat___leaf_blight,0.5771071314811707,5.960464477539062e-07,True,True,True,0.5771067142486572,0.5771071314811707
val,leaf_blight_167.png,Wheat___leaf_blight,Wheat___leaf_blight,0.21714866161346436,Wheat___leaf_blight,0.21714861690998077,4.76837158203125e-07,True,True,True,0.21714866161346436,0.21714861690998077
val,leaf_blight_189.png,Wheat___leaf_blight,Wheat___aphid,0.3187928795814514,Wheat___aphid,0.31879302859306335,1.0728836059570312e-06,True,False,False,0.01335164438933134,0.013351548463106155
val,leaf_blight_209.png,Wheat___leaf_blight,Wheat___tan_spot,0.7476077079772949,Wheat___tan_spot,0.7476077675819397,3.5762786865234375e-07,True,False,False,0.07618735730648041,0.07618707418441772
val,leaf_blight_250.png,Wheat___leaf_blight,Wheat___leaf_blight,0.5160789489746094,Wheat___leaf_blight,0.516078770160675,2.5331974029541016e-07,True,True,True,0.5160789489746094,0.516078770160675
val,leaf_blight_290.png,Wheat___leaf_blight,Wheat___brown_rust,0.34559324383735657,Wheat___brown_rust,0.34559401869773865,7.748603820800781e-07,True,False,False,0.09453288465738297,0.09453237056732178
val,leaf_blight_311.png,Wheat___leaf_blight,Wheat___black_rust,0.5788183808326721,Wheat___black_rust,0.5788180828094482,5.066394805908203e-07,True,False,False,0.08009902387857437,0.08009883016347885
val,leaf_blight_33.png,Wheat___leaf_blight,Wheat___leaf_blight,0.33905425667762756,Wheat___leaf_blight,0.33905360102653503,1.5795230865478516e-06,True,True,True,0.33905425667762756,0.33905360102653503
val,leaf_blight_371.png,Wheat___leaf_blight,Wheat___leaf_blight,0.8075283765792847,Wheat___leaf_blight,0.8075267672538757,1.6093254089355469e-06,True,True,True,0.8075283765792847,0.8075267672538757
val,leaf_blight_384.png,Wheat___leaf_blight,Wheat___healthy,0.713946521282196,Wheat___healthy,0.7139464020729065,2.8312206268310547e-07,True,False,False,0.02296007238328457,0.022960036993026733
val,leaf_blight_425.png,Wheat___leaf_blight,Wheat___tan_spot,0.5619297623634338,Wheat___tan_spot,0.5619297623634338,6.51925802230835e-08,True,False,False,0.32393136620521545,0.32393136620521545
val,leaf_blight_469.png,Wheat___leaf_blight,Wheat___leaf_blight,0.6691537499427795,Wheat___leaf_blight,0.6691554188728333,1.6689300537109375e-06,True,True,True,0.6691537499427795,0.6691554188728333
val,leaf_blight_493.png,Wheat___leaf_blight,Rice___healthy,0.8205198645591736,Rice___healthy,0.8205193281173706,5.364418029785156e-07,True,False,False,0.05381308123469353,0.05381335690617561
val,leaf_blight_540.png,Wheat___leaf_blight,Wheat___leaf_blight,0.5740111470222473,Wheat___leaf_blight,0.5740051865577698,5.9604644775390625e-06,True,True,True,0.5740111470222473,0.5740051865577698
val,leaf_blight_583.png,Wheat___leaf_blight,Wheat___tan_spot,0.522688627243042,Wheat___tan_spot,0.5226876139640808,1.0132789611816406e-06,True,False,False,0.4637499451637268,0.46375083923339844
val,leaf_blight_710.png,Wheat___leaf_blight,Wheat___tan_spot,0.8670539855957031,Wheat___tan_spot,0.8670560121536255,2.0265579223632812e-06,True,False,False,0.13221201300621033,0.13221006095409393
val,leaf_blight_742.png,Wheat___leaf_blight,Wheat___leaf_blight,0.7843156456947327,Wheat___leaf_blight,0.7843166589736938,1.0132789611816406e-06,True,True,True,0.7843156456947327,0.7843166589736938
val,leaf_blight_780.png,Wheat___leaf_blight,Wheat___tan_spot,0.547788143157959,Wheat___tan_spot,0.5477895140647888,1.430511474609375e-06,True,False,False,0.451790988445282,0.4517895579338074
val,leaf_blight_821.png,Wheat___leaf_blight,Wheat___tan_spot,0.37657955288887024,Wheat___tan_spot,0.3765799105167389,4.172325134277344e-07,True,False,False,0.13577741384506226,0.1357773393392563
val,mildew_0.png,Wheat___mildew,Wheat___mildew,0.9924140572547913,Wheat___mildew,0.9924142956733704,2.384185791015625e-07,True,True,True,0.9924140572547913,0.9924142956733704
val,mildew_1051.png,Wheat___mildew,Wheat___mildew,0.9951329827308655,Wheat___mildew,0.9951328635215759,1.1920928955078125e-07,True,True,True,0.9951329827308655,0.9951328635215759
val,mildew_122.png,Wheat___mildew,Wheat___mildew,0.9526835083961487,Wheat___mildew,0.9526829719543457,5.364418029785156e-07,True,True,True,0.9526835083961487,0.9526829719543457
val,mildew_172.png,Wheat___mildew,Wheat___mildew,0.9625549912452698,Wheat___mildew,0.9625546336174011,3.5762786865234375e-07,True,True,True,0.9625549912452698,0.9625546336174011
val,mildew_210.png,Wheat___mildew,Wheat___mildew,0.9988471269607544,Wheat___mildew,0.9988470077514648,1.1920928955078125e-07,True,True,True,0.9988471269607544,0.9988470077514648
val,mildew_247.png,Wheat___mildew,Wheat___mildew,0.9902130961418152,Wheat___mildew,0.9902132153511047,1.1920928955078125e-07,True,True,True,0.9902130961418152,0.9902132153511047
val,mildew_308.png,Wheat___mildew,Wheat___mildew,0.9238374829292297,Wheat___mildew,0.9238367676734924,7.152557373046875e-07,True,True,True,0.9238374829292297,0.9238367676734924
val,mildew_340.png,Wheat___mildew,Wheat___mildew,0.9761733412742615,Wheat___mildew,0.9761732220649719,1.1920928955078125e-07,True,True,True,0.9761733412742615,0.9761732220649719
val,mildew_426.png,Wheat___mildew,Wheat___tan_spot,0.42660486698150635,Wheat___tan_spot,0.4266052544116974,1.6689300537109375e-06,True,False,False,0.42629536986351013,0.4262937009334564
val,mildew_463.png,Wheat___mildew,Wheat___mildew,1.0,Wheat___mildew,1.0,7.250602028496811e-19,True,True,True,1.0,1.0
val,mildew_511.png,Wheat___mildew,Wheat___mildew,1.0,Wheat___mildew,1.0,1.6464202912255463e-20,True,True,True,1.0,1.0
val,mildew_538.png,Wheat___mildew,Wheat___mildew,1.0,Wheat___mildew,1.0,7.049916206369744e-15,True,True,True,1.0,1.0
val,mildew_614.png,Wheat___mildew,Wheat___mildew,1.0,Wheat___mildew,1.0,2.895132143935597e-23,True,True,True,1.0,1.0
val,mildew_678.png,Wheat___mildew,Wheat___mildew,1.0,Wheat___mildew,1.0,8.704148513061227e-14,True,True,True,1.0,1.0
val,mildew_721.png,Wheat___mildew,Wheat___mildew,1.0,Wheat___mildew,1.0,8.809142651444724e-19,True,True,True,1.0,1.0
val,mildew_761.png,Wheat___mildew,Wheat___mildew,1.0,Wheat___mildew,1.0,8.239494382852424e-25,True,True,True,1.0,1.0
val,mildew_828.png,Wheat___mildew,Wheat___mildew,0.9860900640487671,Wheat___mildew,0.9860900640487671,2.1653249859809875e-08,True,True,True,0.9860900640487671,0.9860900640487671
val,mildew_872.png,Wheat___mildew,Wheat___mildew,1.0,Wheat___mildew,1.0,1.2490009027033011e-15,True,True,True,1.0,1.0
val,mildew_93.png,Wheat___mildew,Wheat___mildew,0.9995753169059753,Wheat___mildew,0.9995754361152649,1.1920928955078125e-07,True,True,True,0.9995753169059753,0.9995754361152649
val,mildew_980.png,Wheat___mildew,Wheat___mildew,0.9974281191825867,Wheat___mildew,0.9974281191825867,1.2922100722789764e-08,True,True,True,0.9974281191825867,0.9974281191825867
val,mite_103.png,Wheat___mite,Wheat___aphid,0.37630757689476013,Wheat___aphid,0.3763073682785034,7.748603820800781e-07,True,False,False,0.10278207808732986,0.10278163850307465
val,mite_141.png,Wheat___mite,Wheat___mite,0.515423059463501,Wheat___mite,0.5154223442077637,7.152557373046875e-07,True,True,True,0.515423059463501,0.5154223442077637
val,mite_173.png,Wheat___mite,Soybean___healthy,0.44824743270874023,Soybean___healthy,0.4482470750808716,7.748603820800781e-07,True,False,False,0.010521807707846165,0.01052175834774971
val,mite_194.png,Wheat___mite,Wheat___aphid,0.9952763319015503,Wheat___aphid,0.9952763319015503,4.0512531995773315e-08,True,False,False,0.004697766620665789,0.004697726108133793
val,mite_229.png,Wheat___mite,Wheat___blast,0.34303101897239685,Wheat___blast,0.34303018450737,1.8030405044555664e-06,True,False,False,0.14360597729682922,0.14360666275024414
val,mite_252.png,Wheat___mite,Wheat___leaf_blight,0.24557220935821533,Wheat___leaf_blight,0.2455712854862213,9.238719940185547e-07,True,False,False,0.19848957657814026,0.1984896957874298
val,mite_303.png,Wheat___mite,Wheat___mite,0.40744641423225403,Wheat___mite,0.40744665265083313,2.384185791015625e-07,True,True,True,0.40744641423225403,0.40744665265083313
val,mite_320.png,Wheat___mite,Wheat___mite,0.9407913088798523,Wheat___mite,0.9407914280891418,1.3969838619232178e-07,True,True,True,0.9407913088798523,0.9407914280891418
val,mite_354.png,Wheat___mite,Wheat___mite,0.9954938888549805,Wheat___mite,0.9954937696456909,1.1920928955078125e-07,True,True,True,0.9954938888549805,0.9954937696456909
val,mite_40.png,Wheat___mite,Wheat___tan_spot,0.8324382901191711,Wheat___tan_spot,0.8324355483055115,2.7418136596679688e-06,True,False,False,0.010195381008088589,0.010195478796958923
val,mite_441.png,Wheat___mite,Wheat___mite,0.9776412844657898,Wheat___mite,0.9776409268379211,3.5762786865234375e-07,True,True,True,0.9776412844657898,0.9776409268379211
val,mite_462.png,Wheat___mite,Wheat___mite,0.7130057215690613,Wheat___mite,0.7130069136619568,1.1920928955078125e-06,True,True,True,0.7130057215690613,0.7130069136619568
val,mite_508.png,Wheat___mite,Wheat___mite,0.9957874417304993,Wheat___mite,0.9957873225212097,1.1920928955078125e-07,True,True,True,0.9957874417304993,0.9957873225212097
val,mite_547.png,Wheat___mite,Wheat___common_root_rot,0.747416615486145,Wheat___common_root_rot,0.7474154829978943,1.1324882507324219e-06,True,False,False,0.11422894150018692,0.11422964930534363
val,mite_613.png,Wheat___mite,Wheat___mite,0.893095850944519,Wheat___mite,0.8930944800376892,1.3709068298339844e-06,True,True,True,0.893095850944519,0.8930944800376892
val,mite_641.png,Wheat___mite,Wheat___mite,0.9984738230705261,Wheat___mite,0.9984738230705261,6.4319465309381485e-09,True,True,True,0.9984738230705261,0.9984738230705261
val,mite_675.png,Wheat___mite,Wheat___smut,0.9761984348297119,Wheat___smut,0.9761985540390015,1.1920928955078125e-07,True,False,False,0.001111202989704907,0.0011111926287412643
val,mite_71.png,Wheat___mite,Wheat___mite,0.999998927116394,Wheat___mite,0.999998927116394,2.603428583825007e-11,True,True,True,0.999998927116394,0.999998927116394
val,mite_74.png,Wheat___mite,Wheat___mite,0.9979773163795471,Wheat___mite,0.9979771971702576,1.1920928955078125e-07,True,True,True,0.9979773163795471,0.9979771971702576
val,mite_765.png,Wheat___mite,Wheat___mite,0.3630068302154541,Wheat___mite,0.36300724744796753,1.043081283569336e-06,True,True,True,0.3630068302154541,0.36300724744796753
val,septoria_100.png,Wheat___septoria,Wheat___septoria,0.9960527420043945,Wheat___septoria,0.9960527420043945,1.4435499906539917e-08,True,True,True,0.9960527420043945,0.9960527420043945
val,septoria_1011.png,Wheat___septoria,Wheat___septoria,0.7321121096611023,Wheat___septoria,0.7321141362190247,2.0265579223632812e-06,True,True,True,0.7321121096611023,0.7321141362190247
val,septoria_1019.png,Wheat___septoria,Wheat___septoria,0.995589017868042,Wheat___septoria,0.995589017868042,2.8870999813079834e-08,True,True,True,0.995589017868042,0.995589017868042
val,septoria_1040.png,Wheat___septoria,Wheat___septoria,0.9999784231185913,Wheat___septoria,0.9999784231185913,1.0186340659856796e-10,True,True,True,0.9999784231185913,0.9999784231185913
val,septoria_1050.png,Wheat___septoria,Wheat___septoria,0.9995995163917542,Wheat___septoria,0.9995995163917542,2.2992026060819626e-09,True,True,True,0.9995995163917542,0.9995995163917542
val,septoria_1063.png,Wheat___septoria,Wheat___septoria,0.9810903668403625,Wheat___septoria,0.9810900092124939,3.5762786865234375e-07,True,True,True,0.9810903668403625,0.9810900092124939
val,septoria_1082.png,Wheat___septoria,Wheat___septoria,0.9993014335632324,Wheat___septoria,0.9993013143539429,1.1920928955078125e-07,True,True,True,0.9993014335632324,0.9993013143539429
val,septoria_1105.png,Wheat___septoria,Wheat___tan_spot,0.4649159014225006,Wheat___tan_spot,0.464912086725235,3.814697265625e-06,True,False,False,0.3022681772708893,0.30227115750312805
val,septoria_1116.png,Wheat___septoria,Wheat___septoria,0.8469312191009521,Wheat___septoria,0.8469316363334656,4.172325134277344e-07,True,True,True,0.8469312191009521,0.8469316363334656
val,septoria_1121.png,Wheat___septoria,Wheat___septoria,0.9447356462478638,Wheat___septoria,0.9447348713874817,7.748603820800781e-07,True,True,True,0.9447356462478638,0.9447348713874817
val,septoria_1141.png,Wheat___septoria,Wheat___septoria,0.9667555093765259,Wheat___septoria,0.9667555093765259,1.043081283569336e-07,True,True,True,0.9667555093765259,0.9667555093765259
val,septoria_120.png,Wheat___septoria,Wheat___septoria,0.814531147480011,Wheat___septoria,0.8145303130149841,8.344650268554688e-07,True,True,True,0.814531147480011,0.8145303130149841
val,septoria_169.png,Wheat___septoria,Wheat___yellow_rust,0.5194904804229736,Wheat___yellow_rust,0.5194904208183289,5.960464477539063e-08,True,False,False,0.4445013701915741,0.4445013701915741
val,septoria_178.png,Wheat___septoria,Wheat___septoria,0.9502939581871033,Wheat___septoria,0.9502938985824585,1.9371509552001953e-07,True,True,True,0.9502939581871033,0.9502938985824585
val,septoria_183.png,Wheat___septoria,Wheat___septoria,0.9969437718391418,Wheat___septoria,0.9969438910484314,1.1920928955078125e-07,True,True,True,0.9969437718391418,0.9969438910484314
val,septoria_193.png,Wheat___septoria,Wheat___septoria,0.9778131246566772,Wheat___septoria,0.9778127670288086,3.5762786865234375e-07,True,True,True,0.9778131246566772,0.9778127670288086
val,septoria_284.png,Wheat___septoria,Wheat___septoria,0.6449426412582397,Wheat___septoria,0.6449402570724487,2.384185791015625e-06,True,True,True,0.6449426412582397,0.6449402570724487
val,septoria_317.png,Wheat___septoria,Wheat___septoria,0.9678788781166077,Wheat___septoria,0.9678786396980286,2.384185791015625e-07,True,True,True,0.9678788781166077,0.9678786396980286
val,septoria_365.png,Wheat___septoria,Wheat___septoria,0.9213076233863831,Wheat___septoria,0.9213079214096069,2.980232238769531e-07,True,True,True,0.9213076233863831,0.9213079214096069
val,septoria_485.png,Wheat___septoria,Wheat___septoria,0.9841113090515137,Wheat___septoria,0.9841115474700928,2.384185791015625e-07,True,True,True,0.9841113090515137,0.9841115474700928
val,smut_100.png,Wheat___smut,Wheat___smut,0.9987455606460571,Wheat___smut,0.9987455606460571,1.979060471057892e-09,True,True,True,0.9987455606460571,0.9987455606460571
val,smut_1026.png,Wheat___smut,Wheat___brown_rust,0.7481308579444885,Wheat___brown_rust,0.7481324672698975,1.6093254089355469e-06,True,False,False,0.0017968987813219428,0.0017968931933864951
val,smut_1044.png,Wheat___smut,Wheat___smut,0.9999116659164429,Wheat___smut,0.9999115467071533,1.1920928955078125e-07,True,True,True,0.9999116659164429,0.9999115467071533
val,smut_1079.png,Wheat___smut,Wheat___smut,0.9827724099159241,Wheat___smut,0.9827722907066345,1.1920928955078125e-07,True,True,True,0.9827724099159241,0.9827722907066345
val,smut_1097.png,Wheat___smut,Wheat___blast,0.5758568644523621,Wheat___blast,0.5758603811264038,3.725290298461914e-06,True,False,False,0.2689128518104553,0.26890912652015686
val,smut_1111.png,Wheat___smut,Wheat___smut,0.7964208722114563,Wheat___smut,0.796422004699707,1.1324882507324219e-06,True,True,True,0.7964208722114563,0.796422004699707
val,smut_1126.png,Wheat___smut,Wheat___smut,0.9980023503303528,Wheat___smut,0.9980023503303528,3.14321368932724e-09,True,True,True,0.9980023503303528,0.9980023503303528
val,smut_1149.png,Wheat___smut,Wheat___smut,0.9916259050369263,Wheat___smut,0.9916257858276367,1.1920928955078125e-07,True,True,True,0.9916259050369263,0.9916257858276367
val,smut_1181.png,Wheat___smut,Wheat___smut,0.9997683167457581,Wheat___smut,0.999768078327179,2.384185791015625e-07,True,True,True,0.9997683167457581,0.999768078327179
val,smut_1192.png,Wheat___smut,Wheat___smut,0.9999793767929077,Wheat___smut,0.9999793767929077,1.1641532182693481e-10,True,True,True,0.9999793767929077,0.9999793767929077
val,smut_1227.png,Wheat___smut,Wheat___smut,0.9999988079071045,Wheat___smut,0.999998927116394,1.1920928955078125e-07,True,True,True,0.9999988079071045,0.999998927116394
val,smut_1249.png,Wheat___smut,Wheat___smut,0.8967427611351013,Wheat___smut,0.8967431783676147,4.172325134277344e-07,True,True,True,0.8967427611351013,0.8967431783676147
val,smut_1306.png,Wheat___smut,Wheat___smut,0.9237558245658875,Wheat___smut,0.9237564206123352,5.960464477539062e-07,True,True,True,0.9237558245658875,0.9237564206123352
val,smut_276.png,Wheat___smut,Wheat___smut,0.989707350730896,Wheat___smut,0.9897077083587646,3.5762786865234375e-07,True,True,True,0.989707350730896,0.9897077083587646
val,smut_296.png,Wheat___smut,Wheat___smut,0.9999868869781494,Wheat___smut,0.9999868869781494,1.6143530956469476e-11,True,True,True,0.9999868869781494,0.9999868869781494
val,smut_321.png,Wheat___smut,Wheat___smut,0.9997547268867493,Wheat___smut,0.9997547268867493,4.4019543565809727e-10,True,True,True,0.9997547268867493,0.9997547268867493
val,smut_344.png,Wheat___smut,Wheat___smut,0.9983766078948975,Wheat___smut,0.998376727104187,1.1920928955078125e-07,True,True,True,0.9983766078948975,0.998376727104187
val,smut_410.png,Wheat___smut,Wheat___brown_rust,0.5981569290161133,Wheat___brown_rust,0.5981550216674805,1.9073486328125e-06,True,False,False,0.005242400802671909,0.005242407787591219
val,smut_464.png,Wheat___smut,Wheat___smut,0.9728158712387085,Wheat___smut,0.9728158116340637,1.4528632164001465e-07,True,True,True,0.9728158712387085,0.9728158116340637
val,smut_496.png,Wheat___smut,Wheat___smut,0.5167298913002014,Wheat___smut,0.5167313814163208,1.4901161193847656e-06,True,True,True,0.5167298913002014,0.5167313814163208
val,stem_fly_1.png,Wheat___stem_fly,Wheat___brown_rust,0.5250357389450073,Wheat___brown_rust,0.525036096572876,4.842877388000488e-07,True,False,False,0.06503048539161682,0.06503065675497055
val,stem_fly_103.png,Wheat___stem_fly,Wheat___tan_spot,0.6521502137184143,Wheat___tan_spot,0.6521516442298889,1.430511474609375e-06,True,False,False,0.0013234824873507023,0.0013234798097983003
val,stem_fly_104.png,Wheat___stem_fly,Wheat___stem_fly,0.8516113758087158,Wheat___stem_fly,0.8516111373901367,3.427267074584961e-07,True,True,True,0.8516113758087158,0.8516111373901367
val,stem_fly_105.png,Wheat___stem_fly,Wheat___stem_fly,0.9994897842407227,Wheat___stem_fly,0.9994899034500122,1.1920928955078125e-07,True,True,True,0.9994897842407227,0.9994899034500122
val,stem_fly_118.png,Wheat___stem_fly,Wheat___stem_fly,0.9865747094154358,Wheat___stem_fly,0.9865747094154358,5.75091689825058e-08,True,True,True,0.9865747094154358,0.9865747094154358
val,stem_fly_119.png,Wheat___stem_fly,Wheat___blast,0.905658483505249,Wheat___blast,0.9056591391563416,6.556510925292969e-07,True,False,False,0.00025003310292959213,0.0002500304253771901
val,stem_fly_121.png,Wheat___stem_fly,Wheat___smut,0.9453542232513428,Wheat___smut,0.9453546404838562,4.172325134277344e-07,True,False,False,0.04607211425900459,0.04607173800468445
val,stem_fly_123.png,Wheat___stem_fly,Wheat___common_root_rot,0.23329372704029083,Wheat___common_root_rot,0.23329386115074158,9.685754776000977e-07,True,False,False,0.07262303680181503,0.0726233571767807
val,stem_fly_13.png,Wheat___stem_fly,Wheat___stem_fly,0.9983502626419067,Wheat___stem_fly,0.9983503818511963,1.1920928955078125e-07,True,True,True,0.9983502626419067,0.9983503818511963
val,stem_fly_133.png,Wheat___stem_fly,Wheat___stem_fly,0.7188249826431274,Wheat___stem_fly,0.7188235521316528,1.430511474609375e-06,True,True,True,0.7188249826431274,0.7188235521316528
val,stem_fly_134.png,Wheat___stem_fly,Wheat___stem_fly,0.9843204021453857,Wheat___stem_fly,0.9843201041221619,2.980232238769531e-07,True,True,True,0.9843204021453857,0.9843201041221619
val,stem_fly_143.png,Wheat___stem_fly,Wheat___stem_fly,0.9911693334579468,Wheat___stem_fly,0.9911693334579468,2.8638169169425964e-08,True,True,True,0.9911693334579468,0.9911693334579468
val,stem_fly_148.png,Wheat___stem_fly,Wheat___tan_spot,0.3941665589809418,Wheat___tan_spot,0.3941654860973358,1.0728836059570312e-06,True,False,False,0.0010040128836408257,0.001004012068733573
val,stem_fly_149.png,Wheat___stem_fly,Tomato___Tomato_mosaic_virus,0.48195207118988037,Tomato___Tomato_mosaic_virus,0.4819520115852356,1.1920928955078125e-06,True,False,False,0.03216705098748207,0.03216675668954849
val,stem_fly_15.png,Wheat___stem_fly,Wheat___stem_fly,0.8736563324928284,Wheat___stem_fly,0.8736587166786194,2.384185791015625e-06,True,True,True,0.8736563324928284,0.8736587166786194
val,stem_fly_151.png,Wheat___stem_fly,Wheat___stem_fly,0.9047889709472656,Wheat___stem_fly,0.9047888517379761,1.1920928955078125e-07,True,True,True,0.9047889709472656,0.9047888517379761
val,stem_fly_154.png,Wheat___stem_fly,Wheat___stem_fly,0.8537589907646179,Wheat___stem_fly,0.853759765625,7.748603820800781e-07,True,True,True,0.8537589907646179,0.853759765625
val,stem_fly_161.png,Wheat___stem_fly,Wheat___stem_fly,0.8803803324699402,Wheat___stem_fly,0.8803790211677551,1.3113021850585938e-06,True,True,True,0.8803803324699402,0.8803790211677551
val,stem_fly_162.png,Wheat___stem_fly,Wheat___smut,0.5569754838943481,Wheat___smut,0.5569730401039124,2.4437904357910156e-06,True,False,False,0.07431833446025848,0.07431814819574356
val,stem_fly_176.png,Wheat___stem_fly,Wheat___stem_fly,0.993180513381958,Wheat___stem_fly,0.9931807518005371,2.384185791015625e-07,True,True,True,0.993180513381958,0.9931807518005371
val,tan_spot_100.png,Wheat___tan_spot,Rice___healthy,0.9909137487411499,Rice___healthy,0.9909136295318604,1.1920928955078125e-07,True,False,False,0.0058255260810256,0.005825619213283062
val,tan_spot_139.png,Wheat___tan_spot,Wheat___tan_spot,0.6487866044044495,Wheat___tan_spot,0.648784875869751,1.7285346984863281e-06,True,True,True,0.6487866044044495,0.648784875869751
val,tan_spot_17.png,Wheat___tan_spot,Wheat___tan_spot,0.9584776759147644,Wheat___tan_spot,0.9584774374961853,2.384185791015625e-07,True,True,True,0.9584776759147644,0.9584774374961853
val,tan_spot_193.png,Wheat___tan_spot,Wheat___leaf_blight,0.48476970195770264,Wheat___leaf_blight,0.4847714304924011,2.1457672119140625e-06,True,False,False,0.43590447306632996,0.43590232729911804
val,tan_spot_234.png,Wheat___tan_spot,Wheat___tan_spot,0.8976560831069946,Wheat___tan_spot,0.897655725479126,3.5762786865234375e-07,True,True,True,0.8976560831069946,0.897655725479126
val,tan_spot_258.png,Wheat___tan_spot,Wheat___tan_spot,0.5468443632125854,Wheat___tan_spot,0.5468428730964661,1.4901161193847656e-06,True,True,True,0.5468443632125854,0.5468428730964661
val,tan_spot_304.png,Wheat___tan_spot,Wheat___tan_spot,0.9199641942977905,Wheat___tan_spot,0.919964075088501,1.2665987014770508e-07,True,True,True,0.9199641942977905,0.919964075088501
val,tan_spot_32.png,Wheat___tan_spot,Wheat___common_root_rot,0.8294532299041748,Wheat___common_root_rot,0.8294529914855957,2.384185791015625e-07,True,False,False,0.053464677184820175,0.05346468836069107
val,tan_spot_353.png,Wheat___tan_spot,Wheat___tan_spot,0.6699303984642029,Wheat___tan_spot,0.669930636882782,3.725290298461914e-07,True,True,True,0.6699303984642029,0.669930636882782
val,tan_spot_380.png,Wheat___tan_spot,Wheat___common_root_rot,0.20919209718704224,Wheat___common_root_rot,0.20919126272201538,8.344650268554688e-07,True,False,False,0.1607682704925537,0.16076785326004028
val,tan_spot_440.png,Wheat___tan_spot,Wheat___black_rust,0.8522994518280029,Wheat___black_rust,0.8522989153862,5.364418029785156e-07,True,False,False,0.03663698583841324,0.036637015640735626
val,tan_spot_465.png,Wheat___tan_spot,Wheat___tan_spot,0.35462361574172974,Wheat___tan_spot,0.354623407125473,6.407499313354492e-07,True,True,True,0.35462361574172974,0.354623407125473
val,tan_spot_504.png,Wheat___tan_spot,Wheat___leaf_blight,0.5581473708152771,Wheat___leaf_blight,0.5581473708152771,5.662441253662109e-07,True,False,False,0.25222688913345337,0.252226322889328
val,tan_spot_550.png,Wheat___tan_spot,Wheat___tan_spot,0.7123966217041016,Wheat___tan_spot,0.7123943567276001,2.3543834686279297e-06,True,True,True,0.7123966217041016,0.7123943567276001
val,tan_spot_616.png,Wheat___tan_spot,Wheat___tan_spot,0.8498173952102661,Wheat___tan_spot,0.8498150706291199,2.3245811462402344e-06,True,True,True,0.8498173952102661,0.8498150706291199
val,tan_spot_644.png,Wheat___tan_spot,Wheat___tan_spot,0.4567803144454956,Wheat___tan_spot,0.45677968859672546,1.564621925354004e-06,True,True,True,0.4567803144454956,0.45677968859672546
val,tan_spot_680.png,Wheat___tan_spot,Wheat___tan_spot,0.7066680788993835,Wheat___tan_spot,0.7066676020622253,4.76837158203125e-07,True,True,True,0.7066680788993835,0.7066676020622253
val,tan_spot_72.png,Wheat___tan_spot,Wheat___leaf_blight,0.788347601890564,Wheat___leaf_blight,0.788347065448761,5.364418029785156e-07,True,False,False,0.134196937084198,0.13419727981090546
val,tan_spot_752.png,Wheat___tan_spot,Wheat___tan_spot,0.9439935684204102,Wheat___tan_spot,0.943993866443634,2.980232238769531e-07,True,True,True,0.9439935684204102,0.943993866443634
val,tan_spot_80.png,Wheat___tan_spot,Wheat___tan_spot,0.3370750844478607,Wheat___tan_spot,0.3370741605758667,1.2516975402832031e-06,True,True,True,0.3370750844478607,0.3370741605758667
val,yellow_rust_1.png,Wheat___yellow_rust,Wheat___yellow_rust,1.0,Wheat___yellow_rust,1.0,1.4477308241112041e-13,True,True,True,1.0,1.0
val,yellow_rust_1056.png,Wheat___yellow_rust,Wheat___yellow_rust,0.9974871873855591,Wheat___yellow_rust,0.9974873065948486,1.1920928955078125e-07,True,True,True,0.9974871873855591,0.9974873065948486
val,yellow_rust_1115.png,Wheat___yellow_rust,Wheat___yellow_rust,0.9986639022827148,Wheat___yellow_rust,0.9986637830734253,1.1920928955078125e-07,True,True,True,0.9986639022827148,0.9986637830734253
val,yellow_rust_1168.png,Wheat___yellow_rust,Wheat___yellow_rust,1.0,Wheat___yellow_rust,1.0,5.3734794391857577e-14,True,True,True,1.0,1.0
val,yellow_rust_1208.png,Wheat___yellow_rust,Wheat___yellow_rust,1.0,Wheat___yellow_rust,1.0,2.1649348980190553e-14,True,True,True,1.0,1.0
val,yellow_rust_1289.png,Wheat___yellow_rust,Wheat___yellow_rust,1.0,Wheat___yellow_rust,1.0,1.1031175972675555e-12,True,True,True,1.0,1.0
val,yellow_rust_178.png,Wheat___yellow_rust,Wheat___yellow_rust,1.0,Wheat___yellow_rust,1.0,4.301339185275744e-22,True,True,True,1.0,1.0
val,yellow_rust_23.png,Wheat___yellow_rust,Wheat___yellow_rust,1.0,Wheat___yellow_rust,1.0,1.1107161545511846e-26,True,True,True,1.0,1.0
val,yellow_rust_271.png,Wheat___yellow_rust,Wheat___yellow_rust,1.0,Wheat___yellow_rust,1.0,2.1260526976082939e-19,True,True,True,1.0,1.0
val,yellow_rust_319.png,Wheat___yellow_rust,Wheat___yellow_rust,1.0,Wheat___yellow_rust,1.0,5.774461826217806e-28,True,True,True,1.0,1.0
val,yellow_rust_401.png,Wheat___yellow_rust,Wheat___brown_rust,0.891067385673523,Wheat___brown_rust,0.8910670876502991,5.364418029785156e-07,True,False,False,0.09782964736223221,0.09783018380403519
val,yellow_rust_482.png,Wheat___yellow_rust,Wheat___yellow_rust,0.9862313866615295,Wheat___yellow_rust,0.9862315058708191,1.1920928955078125e-07,True,True,True,0.9862313866615295,0.9862315058708191
val,yellow_rust_530.png,Wheat___yellow_rust,Wheat___yellow_rust,1.0,Wheat___yellow_rust,1.0,3.3084646133829665e-14,True,True,True,1.0,1.0
val,yellow_rust_607.png,Wheat___yellow_rust,Wheat___yellow_rust,0.9999997615814209,Wheat___yellow_rust,0.9999996423721313,1.1920928955078125e-07,True,True,True,0.9999997615814209,0.9999996423721313
val,yellow_rust_673.png,Wheat___yellow_rust,Wheat___yellow_rust,1.0,Wheat___yellow_rust,1.0,4.3021142204224816e-15,True,True,True,1.0,1.0
val,yellow_rust_737.png,Wheat___yellow_rust,Wheat___yellow_rust,0.9999997615814209,Wheat___yellow_rust,0.9999997615814209,6.423306331271306e-12,True,True,True,0.9999997615814209,0.9999997615814209
val,yellow_rust_816.png,Wheat___yellow_rust,Wheat___yellow_rust,1.0,Wheat___yellow_rust,1.0,1.2197274440461925e-18,True,True,True,1.0,1.0
val,yellow_rust_858.png,Wheat___yellow_rust,Wheat___yellow_rust,1.0,Wheat___yellow_rust,1.0,1.1146639167236572e-13,True,True,True,1.0,1.0
val,yellow_rust_916.png,Wheat___yellow_rust,Wheat___yellow_rust,1.0,Wheat___yellow_rust,1.0,1.5987211554602254e-13,True,True,True,1.0,1.0
val,yellow_rust_979.png,Wheat___yellow_rust,Wheat___yellow_rust,1.0,Wheat___yellow_rust,1.0,2.3071822230491534e-16,True,True,True,1.0,1.0
real,cotton_bacterial_blight_1.jpg,Cotton___bacterial_blight,Cotton___bacterial_blight,0.9999179840087891,Cotton___bacterial_blight,0.9999179840087891,7.8580342233181e-10,True,True,True,0.9999179840087891,0.9999179840087891
real,cotton_bacterial_blight_2.jpg,Cotton___bacterial_blight,Cotton___bacterial_blight,0.9999998807907104,Cotton___bacterial_blight,0.9999998807907104,1.0373923942097463e-12,True,True,True,0.9999998807907104,0.9999998807907104
real,healthy_rice_1.jpg,Rice___healthy,Rice___healthy,0.9998804330825806,Rice___healthy,0.9998804330825806,4.5838532969355583e-10,True,True,True,0.9998804330825806,0.9998804330825806
real,healthy_rice_2.jpg,Rice___healthy,Rice___healthy,0.9999089241027832,Rice___healthy,0.9999088048934937,1.1920928955078125e-07,True,True,True,0.9999089241027832,0.9999088048934937
real,healthy_wheat_1.jpg,Wheat___healthy,Wheat___healthy,0.5986464023590088,Wheat___healthy,0.5986452698707581,1.1324882507324219e-06,True,True,True,0.5986464023590088,0.5986452698707581
real,healthy_wheat_2.jpg,Wheat___healthy,Wheat___leaf_blight,0.2758672535419464,Wheat___leaf_blight,0.27586832642555237,1.0728836059570312e-06,True,False,False,0.0018967392388731241,0.0018967476207762957
real,rice_bacterial_leaf_blight_1.jpg,Rice___Bacterial_leaf_blight,Rice___Sheath_blight,0.7606468200683594,Rice___Sheath_blight,0.7606493830680847,2.562999725341797e-06,True,False,False,0.004686363041400909,0.004686300177127123
real,rice_bacterial_leaf_blight_2.jpg,Rice___Bacterial_leaf_blight,Rice___Sheath_blight,0.890920877456665,Rice___Sheath_blight,0.8909205794334412,2.980232238769531e-07,True,False,False,0.007110047619789839,0.007110079284757376
real,rice_brown_spot_1.jpg,Rice___Brown_spot,Wheat___leaf_blight,0.6246194243431091,Wheat___leaf_blight,0.6246170997619629,2.3245811462402344e-06,True,False,False,2.2225147404242307e-05,2.22251946979668e-05
real,rice_brown_spot_2.jpg,Rice___Brown_spot,Wheat___blast,0.7493569850921631,Wheat___blast,0.7493586540222168,1.6689300537109375e-06,True,False,False,8.884252565621864e-06,8.884212547854986e-06
real,tomato_early_blight_1.jpg,Tomato___Early_blight,Wheat___tan_spot,0.3099918067455292,Wheat___tan_spot,0.30999231338500977,1.296401023864746e-06,True,False,False,0.004312026314437389,0.004312017001211643
real,tomato_early_blight_2.jpg,Tomato___Early_blight,Cotton___bacterial_blight,0.9230068325996399,Cotton___bacterial_blight,0.9230064153671265,4.172325134277344e-07,True,False,False,0.00012307945871725678,0.00012307942961342633
real,wheat_powdery_mildew_1.jpg,Wheat___mildew,Wheat___mildew,0.9918755292892456,Wheat___mildew,0.9918755292892456,1.0128132998943329e-08,True,True,True,0.9918755292892456,0.9918755292892456
real,wheat_powdery_mildew_2.jpg,Wheat___mildew,Wheat___mildew,0.9992374181747437,Wheat___mildew,0.9992372989654541,1.1920928955078125e-07,True,True,True,0.9992374181747437,0.9992372989654541
real,wheat_yellow_rust_1.jpg,Wheat___yellow_rust,Wheat___brown_rust,0.5972708463668823,Wheat___brown_rust,0.5972689986228943,1.8477439880371094e-06,True,False,False,0.0009483763133175671,0.000948375731240958
real,wheat_yellow_rust_2.jpg,Wheat___yellow_rust,Wheat___brown_rust,0.703515887260437,Wheat___brown_rust,0.7035148739814758,1.0132789611816406e-06,True,False,False,0.29266050457954407,0.29266151785850525
